DB.ID,DB.REVISION,PUB.CitationKey,PUB.Title,PUB.Author,PUB.Year,PUB.Link,PUB.Citations,PUB.CitationsPerYear,META.Name,META.Description,META.SPECIFIC_NEW_USE_CASE,META.SCOPE,META.FOCUS,META.GOAL,META.TOPIC,META.SETTING,MAPPING.HAS_MAPPING,MAPPING.FROM,MAPPING.ORIGIN,MAPPING.TO,MAPPING.CONCEPT,MAPPING.REPRESENTATION,MAPPING.MEANING,MAPPING.LEVEL,OUTPUT.ACTIVATION,OUTPUT.TRANSITION_TO_FOREGROUND,OUTPUT.MODALITY,OUTPUT.ACCESS,OUTPUT.INFORMATION_BANDWIDTH,OUTPUT.TECH,OUTPUT.SIMILARITY,EVAL.HAS_EVALUATION,EVAL.SAMPLE_SIZE,EVAL.TIME_PERIOD,EVAL.SETTING,EVAL.STUDY_GROUP,EVAL.DEVSTAGE,EVAL.USABILITY,EVAL.COGNITIVE_LOAD,EVAL.CHANGED_BEHAVIOUR,META.PSYCHOLOGICAL_GROUNDING,OUTPUT.INFORMATION_PPP,OUTPUT.BACKGROUND_EMBEDDING,OUTPUT.CUSTOM_HARDWARE,OUTPUT.CUSTOM_HARDWARE_ISSUES,OUTPUT.REMOTE_UPDATABILITY,OUTPUT.TEMPORAL_CONTEXT,OUTPUT.UPDATE_DYNAMIC,OUTPUT.AESTHETIC_EMPHASIS
00gi3p3lpn2r7,1,burzagliFromAmbientAssisted2018,From Ambient Assisted Living to Society Ambient Living,"Burzagli, Laura and Emiliani, Pier Luigi and Naldini, Simone",2018,,,0,,,,,,ASSISTED_LIVING,,,,,,,,,,,,,,,,,,,,,,,,,,,,,,,,,,,
00nn23y98i5gp,1,alcanizNewTechnologiesAmbient2005,New Technologies For Ambient Intelligence,"Alcañiz, Mariano and Rey, Beatriz",2005,,87,5.6,,,,,,,,,,,,,,,,,,,,,,,,NO,,,,,,,,,,,,,,,,,
014syd8x1ai8l,1,anuradhaAspectsAmbientAssisted2017,Aspects of Ambient Assisted Living and Its Applications,"Anuradha, J. and Vandhana, S.",2017,,1,0.3,,,,,,ASSISTED_LIVING,,,,,,,,,,,,,,,,,,,,,,,,,,,,,,,,,,,
01661exuetane,1,elhadyTowardsSensorFailure2018,Towards Sensor Failure Detection in Ambient Assisted Living: Sensors Correlations,"ElHady, Naney E. and Provost, Julien",2018,,,0,,,,AS,,ASSISTED_LIVING,,,,,,,,,,,,,,,,,,,,,,,,,,,,,,,,,,,
01f3rqnwwx24,1,santosDemonstrationCaseDerivation2012,A Demonstration Case on the Derivation of Process-Level Logical Architectures for Ambient Assisted Living Ecosystems,"Santos, Nuno and Teixeira, Juliana and Pereira, António and Ferreira, Nuno and Lima, Ana and Simoes, Ricardo and Machado, Ricardo",2012,,6,0.7,,,,,,ASSISTED_LIVING,,,,,,,,,,,,,,,,,,,,,,,,,,,,,,,,,,,
02eoyaxks2ul,1,matviienkoNaviLightInvestigatingAmbient2016,NaviLight: Investigating Ambient Light Displays for Turn-by-Turn Navigation in Cars,"Matviienko, Andrii and Löcken, Andreas and El Ali, Abdallah and Heuten, Wilko and Boll, Susanne",2016,,39,8.7,NaviLight,Ambient LED light display on/next to the steering wheel that conveys turn-by-turn navigation instructions in the periphery of the driver's vision,YES,ADAIS,"PROTOTYPE,EVAL,USECASE",INCREASE_AWARENESS,"RESOURCES,HEALTH",TRANSPORT,,,,,,,,,EVENT,MAKE_AWARE,VISUAL,PERSONAL,MEDIUM,LED,ARTIFICIAL,YES,43,HOURS,"IN_LAB,IN_PRESENTATION",USERS,SIMULATION,"INTERVIEW,QUESTIONNAIRE",PHYSIOLOGICAL,[NA],PERIPHERAL_ATTENTION,"PUSH,PRESENCE",PERIPHERAL_PLACEMENT,YES,NONE,NOT_MENTIONED,,,
042rfv7ok7kn,1,matthewsToolkitManagingUser2004,A Toolkit for Managing User Attention in Peripheral Displays,"Matthews, Tara and Dey, Anind K. and Mankoff, Jennifer and Carter, Scott and Rattenbury, Tye",2004,,211,12.8,Motion Monitor,A glass Ambient Orb that changes color faster as activity sensed by a camera in a remote location increases,NO,ADAIS,"DEV,PROTOTYPE",INCREASE_AWARENESS,SOCIAL,WORKPLACE,,,,,,,,,CONTINUOUS,MAKE_AWARE,VISUAL,PERSONAL,MEDIUM,LED,ARTIFICIAL,NO,,,,,,,,,"PERIPHERAL_ATTENTION,AWARENESS_CONSCIOUSNESS",PRESENCE,PERIPHERAL_PLACEMENT,NO,NA,NOT_MENTIONED,,,
05loyhkx76bi,1,Friedewald2006,"The Brave New World of Ambient Intelligence: An Analysis of Scenarios Regarding Privacy, Identity and Security Issues","Friedewald, Michael and Vildjiounaite, Elena and Punie, Yves and Wright, David",2006,,23,1.6,,,,AMI,,,HEALTH,"MEDICAL,EDUCATION",,,,,,,,,,,,,,,,NO,,,,,,,,,,,,,,,,,
05ogwst0usho,1,strasserCombiningImplicitExplicit2012,Combining Implicit and Explicit Methods for the Evaluation of an Ambient Persuasive Factory Display,"Strasser, Ewald and Weiss, Astrid and Grill, Thomas and Osswald, Sebastian and Tscheligi, Manfred",2012,,9,1.1,Operator Guide (OG),"Ambient persuasive screen-based display that guides semiconductor factory operators through optimal next working steps, with optional ambient light and vibrating wristband alerts",YES,ADAIS,EVAL,"AID_IN_ACTIVITY,BEHAVIOURAL_CHANGE,NOTIFICATION","EVENTS,SAFETY",WORKPLACE,,,,,,,,,CONTINUOUS,MAKE_AWARE,"VISUAL,HAPTIC",PERSONAL,MEDIUM,"SCREEN,LED,MOTOR",ARTIFICIAL,YES,25,HOURS,IN_LAB,USERS,PROTOTYPE,"INTERVIEW,QUESTIONNAIRE",[NA],[NA],NONE,"PRESENCE,PUSH",PERIPHERAL_PLACEMENT,YES,NONE,NOT_MENTIONED,,,
06gckn3832nx,1,aartsNewEverydayViews2003,The New Everyday: Views on Ambient Intelligence,"Aarts, Emile and Marzano, Stefano",2003,,559,31.9,Garden,"Virtual Garden in which users of public transport are depicted as flowers in order to build a community ""alleviate the repetitive routine and discomforts of public transport"".",YES,"ADAIS,AMI",USECASE,UNSTATED,OTHER,HOME,,,,,,,,,,,[NA],,,,NA,NO,0,,,,,,,,NONE,,,NA,NA,NA,,,
07coqqdoc6px,1,choiStoneTypePhysiologicalSensing2008,Stone-Type Physiological Sensing Device for Daily Monitoring in an Ambient Intelligence Environment,"Choi, Ahyoung and Oh, Yoosoo and Park, Goeun and Woo, Woontack",2008,,7,0.6,,,,"AMI,AS",,,HEALTH,MEDICAL,,,,,,,,,,,,,,,,YES,,,,,,QUESTIONNAIRE,,,,,,,,,,,
07ez1d7w9svv,1,matthewsDefiningDesigningEvaluating2007,"Defining, Designing, and Evaluating Peripheral Displays: An Analysis Using Activity Theory","Matthews, Tara and Rattenbury, Tye and Carter, Scott",2007,,110,8.1,,,,,DEFTAX,,,,,,,,,,,,,,,,,,,YES,,,,,,"INTERVIEW,QUESTIONNAIRE",,,,,,,,,,,
07oi7xmn6ev3,1,griolAmbientAssistedLiving2015,An Ambient Assisted Living Mobile Application for Helping People with Alzheimer,"Griol, David and Molina, José Manuel",2015,,3,0.5,,,,,,ASSISTED_LIVING,,,,,,,,,,,,,,,,,,,,,,,,,,,,,,,,,,,
08dfu1mvketk,1,houbenPhysikitDataEngagement2016,Physikit: Data Engagement Through Physical Ambient Visualizations in the Home,"Houben, Steven and Golsteijn, Connie and Gallacher, Sarah and Johnson, Rose and Bakker, Saskia and Marquardt, Nicolai and Capra, Licia and Rogers, Yvonne",2016,,80,17.8,Physikit: PhysiMove,A cube with a rotating star-shaped disk on top that visualizes sensed environmental data through movement.,YES,"ADAIS,IOT","PROTOTYPE,DEV,EVAL",INCREASE_AWARENESS,HEALTH,HOME,,,,,,,,,CONTINUOUS,MAKE_AWARE,"VISUAL,POS",HOUSEHOLD,MEDIUM,MOTOR,ARTIFICIAL,NO,5,WEEKS,IN_SITU,USERS,PROTOTYPE,"INTERVIEW,OBSERVATION,USAGE_STATISTIC,COMMENTS",[NA],SUBJECTIVE,NONE,"PUSH,PRESENCE",CAMOUFLAGE,YES,NONE,YES,,,
08kjx0wxe80i,1,santosHumanCrowdsourcingData2018,Human Crowdsourcing Data for Indoor Location Applied to Ambient Assisted Living Scenarios,"Santos, RBB",2018,,2,0.8,,,,,,ASSISTED_LIVING,,,,,,,,,,,,,,,,,,,,,,,,,,,,,,,,,,,
09qfe0taovt3,1,villarrealMobileComputingAmbient2013,Mobile Computing in Ambient Assisted Living Environment,"Villarreal, Vladimir and Bravo, Jose and Hervas, Ramon and Saldana, Juan",2013,,1,0.1,,,,,,ASSISTED_LIVING,,,,,,,,,,,,,,,,,,,,,,,,,,,,,,,,,,,
0am4cyrq4uwm,1,parraMultimediaSensorsEmbedded2016,Multimedia Sensors Embedded in Smartphones for Ambient Assisted Living and E-Health,"Parra, Lorena and Sendra, Sandra and Jiménez, José Miguel and Lloret, Jaime",2016,,28,6.2,,,,AS,,ASSISTED_LIVING,,,,,,,,,,,,,,,,,,,,,,,,,,,,,,,,,,,
0bidzgydy55l,1,nakajimaDesigningPersuasiveAmbient2011,Designing Persuasive Ambient Mirrors to Motivate Desirable Lifestyle.,"Nakajima, Tatsuo",2011,,,0,Persuasive Art,A flat display near a bookshelf showing a Mona Lisa image that distorts or ages based on how books are arranged and used,YES,ADAIS,PROTOTYPE,BEHAVIOURAL_CHANGE,HEALTH,HOME,YES,Daily steps counter,PERSONAL,"Mona Lisa Age, Tree Health, Number/Size of objects",,,,,USER,MAKE_AWARE,VISUAL,GROUP,HIGH,SCREEN,ART,NO,,,IN_SITU,USERS,PROTOTYPE,COMMENTS,[NA],SUBJECTIVE,NONE,PRESENCE,CAMOUFLAGE,YES,NONE,NOT_MENTIONED,,,
0buwz1rhr9x,1,smithAdaptivityServiceAaaS2020,Adaptivity as a Service (AaaS): Personalised Assistive Robotics for Ambient Assisted Living,"Smith, R",2020,,,0,,,,,,ASSISTED_LIVING,,,,,,,,,,,,,,,,,,,,,,,,,,,,,,,,,,,
0c5n6n4fb8ie,1,alonsoRobotControlledBlinking2009,A Robot Controlled by Blinking for Ambient Assisted Living,"Alonso, Alonso A. and de la Rosa, Ramón and del Val, Lara and Jiménez, María I. and Franco, Samuel",2009,,10,0.9,,,,,,ASSISTED_LIVING,,,,,,,,,,,,,,,,,,,,,,,,,,,,,,,,,,,
0d7hskxojqyo,2,williamson2007devices,Devices as Interactive Physical Containers: The Shoogle System,"Williamson, John and Murray-Smith, Roderick and Hughes, Stephen",2007,,7,0.5,Shoogle: Keys in a pocket,Haptics,YES,ADAIS,PROTOTYPE,"NOTIFICATION,INCREASE_AWARENESS","EVENTS,SOCIAL",OTHER,,,,,,,,,USER,MAKE_AWARE,"AUDIO,HAPTIC",PERSONAL,MEDIUM,"MOTOR,SPEAKER",AUGMENTATION,NO,,,,,,,,,NONE,"PRESENCE,PULL",MIMICRY,YES,NONE,NOT_MENTIONED,,,
0dddz4b4dxkw,1,kurczakHearingBelievingEvaluating2011,Hearing Is Believing: Evaluating Ambient Audio for Location-Based Games,"Kurczak, Jason and Graham, T. C. Nicholas and Joly, Claire and Mandryk, Regan L.",2011,,18,1.9,,,,,,,,,,,,,,,,,,,AUDIO,,,SPEAKER,,YES,,,,,,"INTERVIEW,QUESTIONNAIRE",,,,,,,,,,,
0djgn958a5va,1,cookAmbientIntelligenceTechnologies2009,"Ambient Intelligence: Technologies, Applications, and Opportunities","Cook, Diane J. and Augusto, Juan C. and Jakkula, Vikramaditya R.",2009,,1049,91.2,,,,AMI,,,HEALTH,MEDICAL,,,,,,,,,,,,,,,,NO,,,,,,,,,,,,,,,,,
0dorojcnqmhp,1,queirosLivingUsabilityLab2013,Living Usability Lab Methodology for the Development of Ambient Assisted Living Systems and Services,"Queirós, A and Cerqueira, M and Martins, AI and Silva, AG",2013,,1,0.1,,,,,,ASSISTED_LIVING,,,,,,,,,,,,,,,,,,,,,,,,,,,,,,,,,,,
0e1mqok6xvy6,1,tothSystemPrototypeDescription2010,A System Prototype Description for Health Services and Ambient Assisted Living,"Toth, A and Bakonyi-Kiss, G and Vajda, L",2010,,3,0.3,,,,,,ASSISTED_LIVING,,,,,,,,,,,,,,,,,,,,,,,,,,,,,,,,,,,
0e45bjy8eskr,1,anastasiouSpeechGestureInteraction2012,Speech and Gesture Interaction in an Ambient Assisted Living Lab,"Anastasiou, D and Jian, C and Zhekova, D",2012,,21,2.5,,,,,,ASSISTED_LIVING,,,,,,,,,,,,,,,,,,,,,,,,,,,,,,,,,,,
0ey4orthpu9h,1,kimDistanceCorrectionSystem2008,Distance Correction System for Localization Based on Linear Regression and Smoothing in Ambient Intelligence Display,"Kim, Dae-Hee and Choi, Jae-Hun and Lim, Myung-Eun and Park, Soo-Jun",2008,,2,0.2,Distance Correction System for Ambient Intelligence Display,An ambient intelligence display using ultrasonic and PIR sensors to track user distance/location and present image or music adapted to the user's distance,NO,ADAIS,"DEV,PROTOTYPE","ASSISTED_LIVING,AID_IN_ACTIVITY",HEALTH,"HOME,MEDICAL",,,,,,,,,USER,,"VISUAL,AUDIO",PUBLIC,HIGH,"SCREEN,SPEAKER",ARTIFICIAL,NO,,,,,,,,,NONE,PRESENCE,,YES,NONE,NOT_MENTIONED,,,
0fkbvtpmx30s,1,wakkaryAmbientIntelligencePlatform2005,An Ambient Intelligence Platform for Physical Play,"Wakkary, Ron and Hatala, Marek and Lovell, Robb and Droumeva, Milena",2005,,32,2.1,,,,AMI,"DEV,PROTOTYPE",,,,,,,,,,,,,,,,,,,NO,,,,,,,,,,,,,,,,,
0g4k27xb7cjj,1,venutoUsercenteredAmbientAssisted2018,User-Centered Ambient Assisted Living: Brain Environment Interface,"Venuto, Daniela De and Mezzina, Giovanni",2018,,,0,,,,,,ASSISTED_LIVING,,,,,,,,,,,,,,,,,,,,,,,,,,,,,,,,,,,
0g7eg1wy6rwb,1,rockerRequirementsGuidelinesDesign2009,Requirements and Guidelines for the Design of Team Awareness Systems,"Röcker, Carsten",2009,,6,0.5,,,,,,,,WORKPLACE,,,,,,,,,,,,,,,,,,,,,,,,,,,,,,,,,
0h5hsrcol35j,1,suryadevaraDeterminingWellnessAmbient2014,Determining Wellness through an Ambient Assisted Living Environment,"Suryadevara, NK and Mukhopadhyay, SC",2014,,91,14,,,,,,ASSISTED_LIVING,,,,,,,,,,,,,,,,,,,,,,,,,,,,,,,,,,,
0h6l5dtcdfrl,1,alsulamiDecisionmakingFrameworkUsing2020,Decision-Making Framework for Using Ambient Assisted Living,"Alsulami, Majid H. and Alsaqer, Mohammed S. and Atkins, Anthony S.",2020,,,0,,,,,,ASSISTED_LIVING,,,,,,,,,,,,,,,,,,,,,,,,,,,,,,,,,,,
0hr03yb2ool7,1,nazarishirehjini3DSimRapidPrototyping2005,3DSim: Rapid Prototyping Ambient Intelligence,"Nazari Shirehjini, Ali A. and Klar, Felix",2005,,53,3.4,3DSim,,,AMI,DEV,,,,,,,,,,,,,,,,,,,NO,,,,,,,,,,,,,,,,,
0hr16jpw9kdc,1,vatavuDesigningInteractivityAwareness2013,On Designing Interactivity Awareness for Ambient Displays,"Vatavu, Radu-Daniel",2013,,10,1.3,Interactivity Awareness for Ambient Displays,A conceptual study and set of design techniques for making passersby aware that public ambient displays are interactive and what their interface is,NO,ADAIS,"ISSUES,CONCEPT,EVAL",INCREASE_AWARENESS,OTHER,WORKPLACE,,,,,,,,,USER,MAKE_AWARE,VISUAL,PUBLIC,HIGH,SCREEN,ARTIFICIAL,YES,33,HOURS,IN_PRESENTATION,USERS,PRESENTATION,QUESTIONNAIRE,[NA],[NA],NONE,"PRESENCE,PULL",PERIPHERAL_PLACEMENT,NA,NA,NOT_MENTIONED,,,
0hx5psu3t5oc,1,krieg-brucknerTechnikFurSenioren2009,Technik Für Senioren in Spe Im Bremen Ambient Assisted Living Lab Technology for Seniors to Be in the Bremen Ambient Assisted Living Lab,"Krieg-Brückner, B and Gersdorf, B",2009,,17,1.5,,,,,,ASSISTED_LIVING,,,,,,,,,,,,,,,,,,,,,,,,,,,,,,,,,,,
0i6s1l2wvhw,1,yiSecureLightweightAuthentication2019,A Secure and Lightweight Authentication Scheme for Ambient Assisted Living Systems,"Yi, MK and Choi, H and Whangbo, TK",2019,,,0,,,,,,ASSISTED_LIVING,,,,,,,,,,,,,,,,,,,,,,,,,,,,,,,,,,,
0ihycef6d6b,1,riggerArtBasedImprovingRoomClimate2014,An Art-Based IS for Improving Room-Climate,"Rigger, Paul and Wortmann, Felix",2014,,1,0.2,Quantified-Art,An LCD display embedded in a standard art frame showing a classical painting (Marilyn Monroe) that is modified in real-time to reflect room-climate conditions.,YES,ADAIS,"PROTOTYPE,USECASE","INCREASE_AWARENESS,BEHAVIOURAL_CHANGE",HEALTH,"HOME,EDUCATION",,,,,,,,,CONTINUOUS,MAKE_AWARE,VISUAL,PUBLIC,MEDIUM,SCREEN,ART,NO,,,,,,,,,NONE,PRESENCE,CAMOUFLAGE,YES,NONE,YES,,,
0j2kgavf2yx,1,fanSparkActivityExploring2012,A Spark of Activity: Exploring Informative Art as Visualization for Physical Activity,"Fan, Chloe and Forlizzi, Jodi and Dey, Anind",2012,,88,10.4,Spark,informative art,YES,ADAIS,"PROTOTYPE,EVAL,USECASE",BEHAVIOURAL_CHANGE,HEALTH,"WORKPLACE,HOME",,,,,,,,,CONTINUOUS,USER_POLL,VISUAL,HOUSEHOLD,HIGH,SCREEN,ART,YES,6,WEEKS,IN_SITU,USERS,PROTOTYPE,INTERVIEW,[NA],SUBJECTIVE,NONE,"PRESENCE,PULL","CAMOUFLAGE,PERIPHERAL_PLACEMENT",NO,NA,NOT_MENTIONED,,,
0jgosj7ypcuc,1,kappelShowmeWaterConsumption2009,"show-Me"": Water Consumption at a Glance to Promote Water Conservation in the Shower","Kappel, Karin and Grechenig, Thomas",2009,,138,12,show-Me,LEDs assembled on a stick mounted in the shower that light up to visualize an increasing imaginary water level based on water consumed,YES,ADAIS,PROTOTYPE,"INCREASE_AWARENESS,BEHAVIOURAL_CHANGE","RESOURCES,HEALTH",HOME,,,,,,,,,USER,USER_POLL,VISUAL,PERSONAL,MEDIUM,LED,ASSOCIATED,YES,9,WEEKS,IN_SITU,USERS,PROTOTYPE,QUESTIONNAIRE,[NA],"OBJECTIVE,SUBJECTIVE",NONE,PRESENCE,"PERIPHERAL_PLACEMENT,AUGMENTATION",YES,NONE,NOT_MENTIONED,,,
0jy68nsf0lfp,1,ronzaniBattleConceptsUbiquitous2009,"The Battle of Concepts: Ubiquitous Computing, Pervasive Computing and Ambient Intelligence in Mass Media","Ronzani, D",2009,,43,3.7,,,,,,,,,,,,,,,,,,,,,,,,,,,,,,,,,,,,,,,,,
0lbwg4qtt5s,1,loscoDesignAmbientAssisted2017,Design for the Ambient Assisted Living,"Losco, G and Lupacchini, A and Bradini, L and Paciotti, D",2017,,2,0.6,,,,,,ASSISTED_LIVING,,,,,,,,,,,,,,,,,,,,,,,,,,,,,,,,,,,
0lrh3zkzubf,1,wagnerDemonstrationMicroservicesBased2018,Demonstration of a Micro-Services Based Multi-Purpose Sensor Platform for Supporting Ambient Assisted Living Systems,"Wagner, Stefan and Hunnerup, Esben and Miranda, Jorge",2018,,1,0.4,,,,AS,,ASSISTED_LIVING,,,,,,,,,,,,,,,,,,,,,,,,,,,,,,,,,,,
0lv3b7oxfbqa,1,garcia-vazquezAmbientInformationSystems2009,Ambient Information Systems for Supporting Ageing in Place,"García-Vázquez, Juan P. and Rodríguez, Marcela D. and Andrade, Angel G. and Saldaña, Diana and Mercado, Fabian and Ruelas, Emanuelle",2009,,6,0.5,Wind-bells,"Wind-bells at the home entrance that illuminate to represent exercise days completed and ring to signal a neighbour leaving to walk, encouraging older adults to exercise",YES,"ADAIS,ADAIS",PROTOTYPE,"BEHAVIOURAL_CHANGE,INCREASE_AWARENESS,ASSISTED_LIVING",HEALTH,"MEDICAL,HOME",,,,,,,,,EVENT,MAKE_AWARE,"VISUAL,AUDIO",HOUSEHOLD,MEDIUM,"LED,SPEAKER",FAMILIAR,NO,,,,,,,,,NONE,"PUSH,PRESENCE",AUGMENTATION,YES,NONE,NOT_MENTIONED,,,
0mj86gp36uf,1,vanhoofIntelligentLightTherapy2013,Intelligent Light Therapy for Older Adults: Ambient Assisted Living,"van Hoof, J and Wouters, EJM and Schräder, B",2013,,4,0.5,,,,,,ASSISTED_LIVING,,,,,,,,,,,,,,,,,,,,,,,,,,,,,,,,,,,
0mvj68utmyg,1,hellerPowerSocketOutletPower2011,PowerSocket: Towards on-Outlet Power Consumption Visualization,"Heller, Florian and Borchers, Jan",2011,,29,3.1,PowerSocket,"An ambient display integrated into a power outlet that visualizes the current power consumption at that socket through rotating colored light, brightness, animations, LED bar graph, or LCD.",YES,ADAIS,"CONCEPT,USECASE",INCREASE_AWARENESS,RESOURCES,HOME,,,,,,,,,CONTINUOUS,MAKE_AWARE,VISUAL,HOUSEHOLD,MEDIUM,SCREEN,ARTIFICIAL,YES,14,HOURS,IN_LAB,USERS,SIMULATION,QUESTIONNAIRE,[NA],[NA],NONE,PRESENCE,AUGMENTATION,NO,NA,NOT_MENTIONED,,,
0nb26t4awcd,1,pogorelcAmbientBloomNew2013,"Ambient Bloom: New Business, Content, Design and Models to Increase the Semantic Ambient Media Experience","Pogorelc, Bogdan and Lugmayr, Artur and Stockleben, Björn and Vatavu, Radu-Daniel and Tahmasebi, Nina and Serral, Estefanía and Stojmenova, Emilija and Imperl, Bojan and Risse, Thomas and Zenz, Gideon and Gams, Matjaž",2013,,7,0.9,,,,,,,HEALTH,MEDICAL,,,,,,,,,,,,,,,,YES,,,,,,INTERVIEW,,,,,,,,,,,
0o6rtqhzcbh,1,weiserComingAgeCalm1997,The Coming Age of Calm Technology,"Weiser, Mark and Brown, John Seely",1997,,1484,63.1,Dangling String,An eight-foot plastic string hanging from a ceiling-mounted motor connected to an Ethernet cable that twitches and whirls according to network traffic,YES,ADAIS,USECASE,INCREASE_AWARENESS,OTHER,WORKPLACE,YES,Bits Network traffic,LOCAL,Movement Cable,Measured Network Traffic,Moving Cable,Sense of Network Activity,INDEXICAL,CONTINUOUS,MAKE_AWARE,"AUDIO,VISUAL",GROUP,LOW,MOTOR,"ART,ARTIFICIAL",NO,0,,,,,,,,"PERIPHERAL_ATTENTION,SPATIAL_OBJECT_BINDING",PRESENCE,PERIPHERAL_PLACEMENT,YES,NONE,NOT_MENTIONED,,,
0ov8qm7i75ve,1,panekExperiencesUserCentric2011,Experiences from User Centric Engineering of Ambient Assisted Living Technologies in the Living Lab Schwechat,"Panek, P and Hlauschek, W and Schrenk, M",2011,,7,0.7,,,,,,ASSISTED_LIVING,,,,,,,,,,,,,,,,,,,,,,,,,,,,,,,,,,,
0plonosggeqi,1,jaschinskiVoicesViewsInformal2017,Voices and Views of Informal Caregivers: Investigating Ambient Assisted Living Technologies,"Jaschinski, Christina and Ben Allouch, Somaya",2017,,3,0.9,,,,,,ASSISTED_LIVING,HEALTH,"MEDICAL,HOME",,,,,,,,,,,,,,,,YES,,,IN_SITU,,,INTERVIEW,,,,,,,,,,,
0pn7v4b1ya2d,1,mcnaullMultiagentSystemFeedback2012,Multi-Agent System Feedback and Support for Ambient Assisted Living,"McNaull, James and Augusto, Juan Carlos and Mulvenna, Maurice and McCullagh, Paul",2012,,5,0.6,,,,,,ASSISTED_LIVING,,,,,,,,,,,,,,,,,,,,,,,,,,,,,,,,,,,
0ppnm3ut6g3,1,shannonUsingAmbientSocial2010,Using Ambient Social Reminders To Stay In Touch With Friends,"Shannon, Ross and Kenny, Eugene and Quigley, Aaron",2010,,5,0.5,,,,,,,"SOCIAL,HEALTH",,,,,,,,,,,,,,,,,NO,,,,,,,,,,,,,,,,,
0q41u1dgs1e,1,ho-chingCanYouSee2003,Can You See What I Hear? The Design and Evaluation of a Peripheral Sound Display for the Deaf,"Ho-Ching, F Wai-ling and Mankoff, Jennifer and Landay, James A",2003,,92,5.3,Positional Ripples,A peripheral visual display showing an overhead map of a room where environmental sounds appear as expanding rings indicating sound position and amplitude,YES,ADAIS,"PROTOTYPE,EVAL",INCREASE_AWARENESS,"EVENTS,SOCIAL",WORKPLACE,,,,,,,,,EVENT,MAKE_AWARE,"AUDIO,VISUAL",PERSONAL,MEDIUM,SCREEN,ARTIFICIAL,YES,8,HOURS,IN_LAB,USERS,WOZ,"INTERVIEW,QUESTIONNAIRE",DUAL_TASK,[NA],"PERIPHERAL_ATTENTION,SALIENCE","PUSH,PRESENCE",PERIPHERAL_PLACEMENT,NO,NA,NOT_MENTIONED,,,
0sdn9e2dc2x,1,seitingerUrbanPixelsPainting2009,Urban Pixels: Painting the City with Light,"Seitinger, Susanne and Perry, Daniel S. and Mitchell, William J.",2009,,67,5.8,Urban Pixels,"A wireless network of physically instantiated LED pixel nodes mounted on building facades to create flexible, low-resolution, responsive urban light displays",YES,ADAIS,"PROTOTYPE,DEV,USECASE",OTHER,OTHER,URBAN,,,,,,,,,USER,MAKE_AWARE,VISUAL,PUBLIC,MEDIUM,LED,"ART,ARTIFICIAL",NO,50,DAYS,IN_SITU,USERS,PROTOTYPE,"INTERVIEW,OBSERVATION,COMMENTS",[NA],[NA],NONE,"PUSH,PRESENCE",AUGMENTATION,YES,NONE,NO,,,
0tai893g1a5n,1,bakkerDesigningPeripheralInteraction2015,Designing for Peripheral Interaction: Seamlessly Integrating Interactive Technology in Everyday Life,"Bakker, Sj C. and Hausen, Doris and den Hoven, Van and Selker, Ted",2015,,1,0.2,,,,,,,,,,,,,,,,,,,,,,,,NO,,,,,,,,,,,,,,,,,
0tl3dlx7ntye,1,sernaniCombiningArtificialIntelligence2015,Combining Artificial Intelligence and Netmedicine for Ambient Assisted Living: A Distributed BDI-based Expert System,"Sernani, P and Claudi, A and Dragoni, AF",2015,,6,1.1,,,,,,ASSISTED_LIVING,,,,,,,,,,,,,,,,,,,,,,,,,,,,,,,,,,,
0txa8ycw3znh,1,voigtmannSupportuDesigningAmbient2014,Support-u: Designing an Ambient Assisted Living System Using Interdisciplinary Development Patterns,"Voigtmann, Christian and Söllner, Matthias and David, Klaus and Leimeister, Jan Marco",2014,,1,0.2,Support-u,,,,,ASSISTED_LIVING,,,,,,,,,,,,,,,,,,,,,,,,,,,,,,,,,,,
0ughj83vh6jf,1,zarate-bravoSupportingMedicationAdherence2020,Supporting the Medication Adherence of Older Mexican Adults Through External Cues Provided With Ambient Displays: Feasibility Randomized Controlled Trial,"Zárate-Bravo, Ernesto and García-Vázquez, Juan-Pablo and Torres-Cervantes, Engracia and Ponce, Gisela and Andrade, Ángel G and Valenzuela-Beltrán, Maribel and Rodríguez, Marcela D",2020,,,0,Medication Ambient Display (MAD),A tablet-based portrait frame display showing a virtual birdcage with a growing parakeet plus auditory/visual reminders to support older adults' medication adherence,YES,ADAIS,"EVAL,USECASE,PROTOTYPE","INCREASE_AWARENESS,BEHAVIOURAL_CHANGE,NOTIFICATION,ASSISTED_LIVING,AID_IN_ACTIVITY",HEALTH,"MEDICAL,HOME",,,,,,,,,CONTINUOUS,MAKE_AWARE,"VISUAL,AUDIO",FAMILY,MEDIUM,"SCREEN,SPEAKER",FAMILIAR,YES,16,WEEKS,IN_SITU,USERS,PROTOTYPE,"INTERVIEW,QUESTIONNAIRE",[NA],"SUBJECTIVE,OBJECTIVE",MEMORY_OTHER,"PUSH,PULL,PRESENCE","CAMOUFLAGE,PERIPHERAL_PLACEMENT",NO,NA,NO,,,
0vpmao56o4dh,1,visserDesigningSupportSocial2011,Designing to Support Social Connectedness: The Case of SnowGlobe,"Visser, Thomas and Vastenburg, Martijn and V. Keyson, David",2011,,47,4.9,Cocoon,"Grandchildren/parent. If both are in their own kitchens, they would hear sounds associated with the other person.",,,,INCREASE_AWARENESS,"SOCIAL,HEALTH","HOME,MEDICAL",,,,,,,,,,,,,,,,YES,,,IN_SITU,,,"INTERVIEW,QUESTIONNAIRE",,,,,,,,,,,
0vv4qobtjbaq,1,jacquetAmbientAssistedLiving2013,An Ambient Assisted Living Framework with Automatic Self-Diagnosis,"Jacquet, C and Mohamed, A and Bellik, Y",2013,,13,1.7,,,,,,ASSISTED_LIVING,,,,,,,,,,,,,,,,,,,,,,,,,,,,,,,,,,,
0wghihp27pb,1,yoonAmbientDisplayPicture2013,Ambient Display: Picture Navigation Based on User Movement,"Yoon, Yeojin",2007,,,0,Ambient Display: Picture Navigation Based on User Movement,Picture-frame display that recognises a user via RFID and measures distance via ultrasonic sensors to navigate 3D photo spaces based on user movement,YES,ADAIS,"PROTOTYPE,DEV,USECASE","INCREASE_AWARENESS,NOTIFICATION","SOCIAL,SAFETY",HOME,,,,,,,,,USER,MAKE_AWARE,VISUAL,FAMILY,HIGH,"SCREEN,LED",FAMILIAR,NO,,,,,,,,,NONE,"PRESENCE,PUSH",AUGMENTATION,YES,NOISE,NOT_MENTIONED,,,
0ww461hxop5m,1,incelMultimodalWirelessSensor2010,Multi-Modal Wireless Sensor Networks for Ambient Assisted Living,"Incel, OD and Alemdar, HO and Ersoy, C",2010,,1,0.1,,,,AS,,ASSISTED_LIVING,,,,,,,,,,,,,,,,,,,,,,,,,,,,,,,,,,,
0xgwqjqponsf,1,deyAwarenessConnectednessDesign2006,From Awareness to Connectedness: The Design and Deployment of Presence Displays,"Dey, Anind K and Guzman, Edward S De",2006,,154,10.6,PictureFrame,,,,,INCREASE_AWARENESS,SOCIAL,HOME,,,,,,,,,,,,FAMILY,,,,YES,,,,,,,,,,,,,,,,,
0zc6qbb119p,1,hazlewoodAmbientInformationSystems2008,Ambient Information Systems,"Hazlewood, WR and Coyle, L and Pousman, Z and Lim, YK",2008,,4,0.3,,,,ADAIS,,,,,,,,,,,,,,,[NA],,,,,,,,,,,,,,,,,,,,,,
0zg74bzaip8o,1,casidduAmbientAssistedLiving2019,Ambient Assisted Living: Italian Forum 2017,"Casiddu, N and Porfirione, C and Monteriù, A and Cavallo, F",2019,,,0,,,,,,ASSISTED_LIVING,,,,,,,,,,,,,,,,,,,,,,,,,,,,,,,,,,,
0zomdkdqcv9i,1,anwarhossainSmartMirrorAmbient2007,Smart Mirror for Ambient Home Environment,"Anwar Hossain, M. and Atrey, P.K. and El Saddik, A.",2007,,44,3.3,,,,,,,,HOME,,,,,,,,,,,,,,,,NO,,,,,,,,,,,,,,,,,
0zpesn5at4x,1,borojeniAssistingDriversAmbient2016,Assisting Drivers with Ambient Take-Over Requests in Highly Automated Driving,"Borojeni, Shadan Sadeghian and Chuang, Lewis and Heuten, Wilko and Boll, Susanne",2016,,76,16.9,Untitled,,,,,,,,,,,,,,,,,,"VISUAL,AUDIO",,,,,YES,,,,,,"INTERVIEW,QUESTIONNAIRE",,,,,,,,,,,
101idt8a5rn8,1,schlossAmbientMediaPublic2008,Ambient Media in Public Spaces,"Schloss, W Andrew and Stammen, Dale",2008,,5,0.4,Bodywaves,A fiber-optic woven rocking chair where the user's rocking motion drives the periodicity and intensity of ocean wave sounds and light.,YES,ADAIS,"PROTOTYPE,USECASE,ISSUES",OTHER,ENVIRONMENT,"URBAN,SOCIAL",,,,,,,,,USER,,"VISUAL,AUDIO",PUBLIC,MEDIUM,"SPEAKER,LED","ART,FAMILIAR",NO,,,,,,,,,NONE,PRESENCE,CAMOUFLAGE,YES,NONE,NOT_MENTIONED,,,
103spsy237,1,murphy-hillInteractiveAmbientVisualizations2013,Interactive Ambient Visualizations for Soft Advice,"Murphy-Hill, Emerson and Barik, Titus and Black, Andrew P.",2013,,8,1.1,,,,,,,,HOME,,,,,,,,,,,VISUAL,,,,,NO,,,,,,,,,,,,,,,,,
10kmygs1dq8,1,tomitschTaxonomyAmbientInformation2007,Towards a Taxonomy for Ambient Information Systems.,"Tomitsch, Martin and Kappel, Karin and Lehner, Andreas and Grechenig, Thomas",2007,,70,5.2,Towards a Taxonomy for Ambient Information Systems,A taxonomy of nine design dimensions for categorizing and designing ambient information systems.,NO,ADAIS,DEFTAX,UNSTATED,OTHER,OTHER,,,,,,,,,,,[NA],,,,,NO,,,,,,,,,NONE,,,NA,NA,NA,,,
10mnmwd4dfgn,1,nguyenAutomatedDetectionHands2018,"Automated Detection of Hands and Objects in Egocentric Videos, for Ambient Assisted Living Applications","Nguyen, Thi Hoa Cuc and Nebel, Jean-Christophe and Hunter, Gordon and Florez-Revuelta, Francisco",2018,,1,0.4,,,,,,ASSISTED_LIVING,,,,,,,,,,,,,,,,,,,,,,,,,,,,,,,,,,,
10wsqztty0df,1,costaMobileVirtualButler2014,A Mobile Virtual Butler to Bridge the Gap between Users and Ambient Assisted Living: A Smart Home Case Study,"Costa, N and Domingues, P and Fdez-Riverola, F and Pereira, A",2014,,18,2.8,,,,,,ASSISTED_LIVING,,,,,,,,,,,,,,,,,,,,,,,,,,,,,,,,,,,
110r06s3y2vp,1,ghayvatWellnessProtocolSmart2017,Wellness Protocol for Smart Homes: An Integrated Framework for Ambient Assisted Living,"Ghayvat, H and Mukhopadhyay, SC",2017,,5,1.4,,,,,,ASSISTED_LIVING,,,,,,,,,,,,,,,,,,,,,,,,,,,,,,,,,,,
11usu2sg0ler,1,dangelantonioAmbientAssistedLiving2013,Is Ambient Assisted Living the Panacea for Ageing Population?,"d'Angelantonio, M and Oates, J",2013,,7,0.9,,,,,,ASSISTED_LIVING,,,,,,,,,,,,,,,,,,,,,,,,,,,,,,,,,,,
11y2kbn0ne7c,1,alaviFlagAmbientAwareness2010,Flag: An Ambient Awareness Tool to Support Informal Collaborative Learning,"Alavi, Hamed S and Dillenbourg, Pierre",2010,,1,0.1,Flag,Interactive box on work tables with a column of colored LEDs and ceiling projection showing students' presence and academic status in a learning center,YES,ADAIS,"PROTOTYPE,USECASE",INCREASE_AWARENESS,"SOCIAL,EVENTS",EDUCATION,,,,,,,,,USER,USER_POLL,VISUAL,PUBLIC,MEDIUM,"LED,PROJECTION,SCREEN",ARTIFICIAL,NO,,,,,,,,,NONE,"PRESENCE,PULL",PERIPHERAL_PLACEMENT,YES,NONE,NOT_MENTIONED,,,
1235cd91z7ok,1,salvadorGestureBasedPersuasive2012,Gesture Based Persuasive Interfaces for Public Ambient Displays,"Salvador, RMS",2012,,2,0.2,,,,ADAIS,PROTOTYPE,,,,,,,,,,,,,,VISUAL,,,,,,,,,,,,,,,,,,,,,,
135ixq7nn55l,1,oliveiraGeneratingBayesianNetwork2017,Generating Bayesian Network Structures for Self-Diagnosis of Sensor Networks in the Context of Ambient Assisted Living for Aging Well,"Oliveira, Camila Helena Souza and Giroux, Sylvain and Ngankam, Hubert and Pigot, Hélène",2017,,3,0.9,,,,AS,,ASSISTED_LIVING,,,,,,,,,,,,,,,,,,,,,,,,,,,,,,,,,,,
13ka8icimw8,1,abtoyNovelReferenceModel2018,A Novel Reference Model for Ambient Assisted Living Systems' Architectures,"murabet Amina, El and Anouar, Abtoy and Abdellah, Touhafi and Abderahim, Tahiri",2020,,,0,,,,,,ASSISTED_LIVING,,,,,,,,,,,,,,,,,,,,,,,,,,,,,,,,,,,
13o76tzkubj,1,shenIntrusiveNonintrusiveEvaluation2007,Intrusive and Non-Intrusive Evaluation of Ambient Displays.,"Shen, Xiaobin and Eades, Peter and Hong, Seok-Hee and Moere, Andrew Vande",2007,,16,1.2,Fisherman,"A landscape scene display showing website statistics via fog level, number of trees and boat position",YES,ADAIS,EVAL,INCREASE_AWARENESS,OTHER,WORKPLACE,,,,,,,,,CONTINUOUS,USER_POLL,"VISUAL,POS",PUBLIC,MEDIUM,SCREEN,ART,YES,,MONTHS,IN_SITU,USERS,PROTOTYPE,"HEURISTIC_EVALUATION,INTERVIEW,QUESTIONNAIRE",[NA],SUBJECTIVE,NONE,PRESENCE,CAMOUFLAGE,YES,NONE,NOT_MENTIONED,,,
13pwmruvpp2,1,middletonPursuitFlowDesign2012,The Pursuit of Flow in the Design of Rehabilitation Systems for Ambient Assisted Living: A Review of Current Knowledge,"Middleton, AM and Ward, TE",2012,,4,0.5,,,,,,ASSISTED_LIVING,,,,,,,,,,,,,,,,,,,,,,,,,,,,,,,,,,,
13wx1e1ga8gl,1,hollosiAcousticApplicationsTechnologies2011,Acoustic Applications and Technologies for Ambient Assisted Living Scenarios,"Hollosi, D and Goetze, S and Appell, J",2011,,5,0.5,,,,,,ASSISTED_LIVING,,,,,,,,,,,,,,,,,,,,,,,,,,,,,,,,,,,
1401gfwm6f1,1,arreolaCheckingCheckingDesigning2014,From Checking on to Checking in: Designing for Low Socio-Economic Status Older Adults,"Arreola, Ingrid and Morris, Zan and Francisco, Matthew and Connelly, Kay and Caine, Kelly and White, Ginger",2014,,29,4.5,Check-In Tree,A wooden tree holding 8 picture frames with LEDs that pulse until a peer presses a button to check in for the day,YES,ADAIS,"PROTOTYPE,USECASE","INCREASE_AWARENESS,ASSISTED_LIVING",HEALTH,"MEDICAL,HOME",,,,,,,,,USER,MAKE_AWARE,VISUAL,HOUSEHOLD,MEDIUM,LED,FAMILIAR,YES,3,HOURS,IN_PRESENTATION,USERS,PROTOTYPE,COMMENTS,[NA],[NA],NONE,PRESENCE,CAMOUFLAGE,YES,"SAFETY,FABRICATION",NOT_MENTIONED,,,
14fmzg1k6gm,1,hoofAmbientAssistedLiving2011,Ambient Assisted Living and Care in The Netherlands: The Voice of the User,"Hoof, J Van and Wouters, EJM and Marston, HR",2011,,15,1.6,,,,,,ASSISTED_LIVING,,,,,,,,,,,,,,,,,,,,,,,,,,,,,,,,,,,
14hr2bax94e,1,corstenInstantUserInterfaces2013,Instant User Interfaces: Repurposing Everyday Objects As Input Devices,"Corsten, Christian and Avellino, Ignacio and Möllers, Max and Borchers, Jan",2013,,32,4.3,,,,"UI,TUI",PROTOTYPE,,,,,,,,,,,,,,,,,,,NO,,,,,,,,,,,,,,,,,
14urbgrwdleh,1,diasLivingLabsApproach2015,A Living Labs Approach for Usability Testing of Ambient Assisted Living Technologies,"Dias, Miguel Sales and Vilar, Elisângela and Sousa, Filipe and Vasconcelos, Ana and Pinto, Fernando Miguel and Saldanha, Nuno and Eloy, Sara",2015,,5,0.9,,,,,PROTOTYPE,ASSISTED_LIVING,,,,,,,,,,,,,,,,,,,,,,,,,,,,,,,,,,,
14xno6i8t5p,1,koelemeijerDesignEvaluationAmbient2016,The Design and Evaluation of Ambient Displays in a Hospital Environment,"Koelemeijer, D",2016,,,0,Shape-changing ambient display for hospital patient monitoring,Shape-changing interface that embodies patients' vital signs and allows gesture-based access to deeper clinical data on a PDA,YES,ADAIS,"PROTOTYPE,EVAL,USECASE","INCREASE_AWARENESS,AID_IN_ACTIVITY",HEALTH,MEDICAL,,,,,,,,,CONTINUOUS,MAKE_AWARE,"SHAPE,VISUAL",GROUP,MEDIUM,MOTOR,ART,YES,,HOURS,"IN_SITU,IN_LAB","USERS,EXPERTS",PROTOTYPE,"INTERVIEW,COMMENTS,OBSERVATION,TASK_PERFORMANCE",DUAL_TASK,[NA],PERIPHERAL_ATTENTION,"PRESENCE,PULL","PERIPHERAL_PLACEMENT,CAMOUFLAGE",YES,NONE,NOT_MENTIONED,,,
15vic4cf7h6,1,morris2005social,Social Networks as Health Feedback Displays,"Morris, Margaret E",2005,,95,6.1,The solar model of social activity,Screen-based solar system display showing the elder at the center as the sun with friends and family as orbiting planets whose proximity reflects interaction levels,YES,ADAIS,"PROTOTYPE,USECASE,CONCEPT",INCREASE_AWARENESS,"SOCIAL,HEALTH",MEDICAL,,,,,,,,,CONTINUOUS,USER_POLL,VISUAL,FAMILY,HIGH,SCREEN,"ART,ASSOCIATED",YES,12,MONTHS,IN_SITU,USERS,PROTOTYPE,"INTERVIEW,QUESTIONNAIRE",[NA],"SUBJECTIVE,OBJECTIVE",NONE,"PRESENCE,PULL",CAMOUFLAGE,NO,NA,NOT_MENTIONED,,,
16ecw9s3di,1,norgallPersonalizedUseICT2013,Personalized Use of ICT–from Telemonitoring to Ambient Assisted Living.,"Norgall, T and Wichert, R",2013,,5,0.7,,,,AS,,ASSISTED_LIVING,,,,,,,,,,,,,,,,,,,,,,,,,,,,,,,,,,,
16rxy0cm03x,1,lotfiAmbientAssistedLiving2017,An Ambient Assisted Living Technology Platform for Informal Carers of the Elderly - iCarer,"Lotfi, Ahmad and Langensiepen, Caroline and Moreno, Pedro A. and Gómez, Enrique J. and Chernbumroong, Saisakul",2017,,3,0.9,,,,,,ASSISTED_LIVING,,,,,,,,,,,,,,,,,,,,,,,,,,,,,,,,,,,
17if16l62zv,1,nesbitt2007butterfly,Butterfly/Dragonfly - An Ambient Display of Stock Market Data,"Nesbitt, Keith V and Shen, Robert",2007,,8,0.6,Butterfly/Dragonfly,,,ADAIS,,,,,,,,,,,,,,,,,,,,,,,,,,,,,,,,,,,,,
18frfhxugq9,1,powellReducingRiskNoiseinduced2017,Reducing Risk of Noise-Induced Hearing Loss in Collegiate Music Ensembles Using Ambient Technology,"Powell, J and Chesky, K",2017,,1,0.3,AIS (Histogram and Bubbles displays),"A monitor-based ambient information system showing real-time dosimeter noise data (SPL, LAeq distribution, dose) to music ensemble instructors to reduce noise-induced hearing loss risk.",YES,ADAIS,"USECASE,EVAL","BEHAVIOURAL_CHANGE,INCREASE_AWARENESS","HEALTH,SAFETY",EDUCATION,,,,,,,,,CONTINUOUS,USER_POLL,VISUAL,PUBLIC,HIGH,SCREEN,ARTIFICIAL,YES,6,WEEKS,IN_SITU,USERS,PROTOTYPE,QUESTIONNAIRE,[NA],OBJECTIVE,NONE,PRESENCE,PERIPHERAL_PLACEMENT,NO,NA,NOT_MENTIONED,,,
18jgrc836sj,1,kuoAuditorybasedRobustSpeech2014,Auditory-Based Robust Speech Recognition System for Ambient Assisted Living in Smart Home,"Kuo, Hsien-Shun and Sung, Po-Hsun and Lee, Sheng-Chieh and Kuan, Ta-Wen and Wang, Jhing-Fa",2014,,1,0.2,,,,,,ASSISTED_LIVING,,,,,,,,,,,,,,,,,,,,,,,,,,,,,,,,,,,
18pqfey7p9j,1,allegreNonintrusiveMonitoringSystem2012,A Non-Intrusive Monitoring System for Ambient Assisted Living Service Delivery,"Allègre, Willy and Burger, Thomas and Berruet, Pascal and Antoine, Jean-Yves",2012,,9,1.1,,,,AS,,ASSISTED_LIVING,,,,,,,,,,,,,,,,,,,,,,,,,,,,,,,,,,,
19a48kgg9ut,1,carraroOpenSourceRobotic2015,An Open Source Robotic Platform for Ambient Assisted Living.,"Carraro, M and Antonello, M and Tonin, L",2015,,11,2,,,,,,ASSISTED_LIVING,,,,,,,,,,,,,,,,,,,,,,,,,,,,,,,,,,,
19axc5qlr4vj,1,kallmannModelingObjectsInteraction2014,Modeling Objects for Interaction Tasks,"Kallmann, Marcelo and Thalmann, Daniel",2014,,221,34,,,,,,,,,,,,,,,,,,,,,,,,NO,,,,,,,,,,,,,,,,,
1al4f4qfss1,1,jaschinskiAmbientAssistedLiving2014a,Ambient Assisted Living: Benefits and Barriers from a User-Centered Perspective,"Jaschinski, C and Allouch, SB",2014,,8,1.2,,,,,,ASSISTED_LIVING,,,,,,,,,,,,,,,,,,,,,,,,,,,,,,,,,,,
1bayrio1hti,1,bozanRevisitingTechnologyChallenges2019,Revisiting the Technology Challenges and Proposing Enhancements in Ambient Assisted Living for the Elderly,"Bozan, Karoly and Berger, Andrew",2019,,1,0.7,,,,,,ASSISTED_LIVING,,,,,,,,,,,,,,,,,,,,,,,,,,,,,,,,,,,
1e1j956q9pr,1,amatoBenchmarkDatasetHuman2016,A Benchmark Dataset for Human Activity Recognition and Ambient Assisted Living,"Amato, Giuseppe and Bacciu, Davide and Chessa, Stefano and Dragone, Mauro and Gallicchio, Claudio and Gennaro, Claudio and Lozano, Hector and Micheli, Alessio and O’Hare, Gregory M. P. and Renteria, Arantxa and Vairo, Claudio",2016,,10,2.2,,,,,,ASSISTED_LIVING,,,,,,,,,,,,,,,,,,,,,,,,,,,,,,,,,,,
1e4ly6z0e3j,1,liangGaussBits2013,GaussBits,"Liang, Rong-Hao and Cheng, Kai-Yin and Chan, Liwei and Peng, Chuan-Xhyuan and Chen, Mike Y. and Liang, Rung-Huei and Yang, De-Nian and Chen, Bing-Yu",2013,,43,5.7,GaussBits,,,,,,HEALTH,MEDICAL,,,,,,,,,,,,,,,,NO,,,,,,,,,,,,,,,,,
1egke25mm35,1,beckerSoftwareArchitectureTrends2008,Software Architecture Trends and Promising Technology for Ambient Assisted Living Systems,"Becker, M",2008,,38,3,,,,,,ASSISTED_LIVING,,,,,,,,,,,,,,,,,,,,,,,,,,,,,,,,,,,
1ewnla6m02g,1,visser2011just,Just Saying ‘Hi’ Means a Lot: Designing Subtle Interactions for Social Connectedness,"Visser, Thomas and Vastenburg, Martijn and Keyson, David",2011,,2,0.2,ScatteredConnected,"Wall-mounted picture frames representing different users that light up based on motion detected in each user's room, creating a network activity light pattern",YES,ADAIS,"PROTOTYPE,CONCEPT",INCREASE_AWARENESS,"SOCIAL,HEALTH","MEDICAL,HOME",,,,,,,,,EVENT,MAKE_AWARE,VISUAL,GROUP,MEDIUM,LED,FAMILIAR,YES,60,HOURS,IN_PRESENTATION,USERS,PROTOTYPE,INTERVIEW,[NA],[NA],NONE,"PUSH,PRESENCE",CAMOUFLAGE,YES,NONE,NOT_MENTIONED,,,
1fnh9bui264,1,reichMultimodalWearableAmbient2016,Multi-Modal Wearable Ambient Display: An Investigation of Continuous Glucose Monitoring,"Reich, Jordyn and Dunne, Lucy E.",2016,,2,0.4,Multi-Modal Wearable Ambient Display for CGM,"Wearable continuous glucose monitor that uses multi-modal alarms (auditory, tactile, visual) to display glucose status and trends",YES,"ADAIS,AS","ISSUES,EVAL","INCREASE_AWARENESS,NOTIFICATION",HEALTH,MEDICAL,,,,,,,,,EVENT,INTERRUPT,"VISUAL,AUDIO,HAPTIC",PERSONAL,MEDIUM,"SCREEN,SPEAKER,MOTOR",ARTIFICIAL,YES,5,HOURS,IN_SITU,USERS,FINAL,INTERVIEW,[NA],SUBJECTIVE,NONE,"PUSH,PRESENCE",,NO,NA,NOT_MENTIONED,,,
1fr4x6kj3hg,1,rghiouiInternetThingsMeasuring2016,Internet of Things for Measuring Human Activities in Ambient Assisted Living and E-Health,"Rghioui, Amine and Sendra, Sandra and Lloret, Jaime and Oumnad, Abedlmajid",2016,,34,7.6,,,,IOT,,ASSISTED_LIVING,,,,,,,,,,,,,,,,,,,,,,,,,,,,,,,,,,,
1fxzby9ci7kj,1,wisneskiDesignPersonalAmbient1999,The Design of Personal Ambient Displays,"Wisneski, Craig Alexander",1999,,30,1.4,Personal Ambient Displays,"Small, wireless wearable/pocket objects that display information privately via tactile sensations such as heat, vibration, and movement",YES,ADAIS,"PROTOTYPE,DEV,CONCEPT","INCREASE_AWARENESS,NOTIFICATION","SOCIAL,EVENTS,OTHER","WORKPLACE,HOME",,,,,,,,,CONTINUOUS,MAKE_AWARE,"HEAT,HAPTIC,POS",PERSONAL,MEDIUM,MOTOR,FAMILIAR,YES,6,HOURS,IN_LAB,USERS,PROTOTYPE,COMMENTS,[NA],[NA],PERIPHERAL_ATTENTION,"PRESENCE,PUSH","AUGMENTATION,PERIPHERAL_PLACEMENT",YES,"POWER,FABRICATION",NO,,,
1ge4el95spr,1,rodriguezCarAmbientDisplays2014,In-Car Ambient Displays for Safety Driving Gamification,"Rodríguez, Marcela D. and Roa, Rubén R. and Ibarra, Jorge E. and Curlango, Cecilia M.",2014,,13,2,m-HCAR,"A digitally augmented mirror-hanging car accessory that buzzes and morphs its appearance (bumps, cracks, dents) to give drivers peripheral feedback on traffic-rule compliance",YES,ADAIS,"PROTOTYPE,USECASE","BEHAVIOURAL_CHANGE,INCREASE_AWARENESS",SAFETY,TRANSPORT,,,,,,,,,EVENT,MAKE_AWARE,"VISUAL,POS,HAPTIC",PERSONAL,MEDIUM,SCREEN,FAMILIAR,NO,,,,,,,,,NONE,"PUSH,PRESENCE",AUGMENTATION,YES,NONE,NOT_MENTIONED,,,
1hxzqhko0k6,1,wakitaMosaicTextileWearable2006,Mosaic Textile: Wearable Ambient Display with Non-emissive Color-changing Modules,"Wakita, Akira and Shibutani, Midori",2006,,58,4,Mosaic Textile,Wearable color-changing textile display made of liquid crystal ink fabric modules (Fabcells) attached to a substrate fabric,YES,ADAIS,"PROTOTYPE,DEV",INCREASE_AWARENESS,"HEALTH,SOCIAL","HOME,SOCIAL",,,,,,,,,CONTINUOUS,CHANGE_BLIND,VISUAL,PERSONAL,MEDIUM,SCREEN,FAMILIAR,NO,,,,,,,,,NONE,PRESENCE,"AUGMENTATION,CAMOUFLAGE",YES,"SAFETY,FABRICATION,OTHER",NO,,,
1iapt23z8m2,1,bornerPervasiveInterventionsIncrease2013,"Pervasive Interventions to Increase Pro-environmental Awareness, Consciousness, and Learning at the Workplace","Börner, Dirk and Kalz, Marco and Ternier, Stefaan and Specht, Marcus",2013,,15,2,Untitled,,,,,INCREASE_AWARENESS,RESOURCES,WORKPLACE,,,,,,,,,,,"VISUAL,AUDIO",,,SCREEN,,YES,,,,,,QUESTIONNAIRE,,,,,,,,,,,
1iqlhxo0t24j,1,cardinauxVideoBasedTechnology2011,Video Based Technology for Ambient Assisted Living: A Review of the Literature,"Cardinaux, Fabien and Bhowmik, Deepayan and Abhayaratne, Charith and Hawley, Mark S.",2011,,142,14.9,,,,,,ASSISTED_LIVING,,,,,,,,,,,,,,,,,,,,,,,,,,,,,,,,,,,
1it59t6bscn,1,manzeschkeRoleBigData2016,The Role of Big Data in Ambient Assisted Living,"Manzeschke, Arne and Assadi, Galia and Viehöver, Willy",2016,,4,0.9,,,,,,ASSISTED_LIVING,,,,,,,,,,,,,,,,,,,,,,,,,,,,,,,,,,,
1j3740nwzlb,1,andreuAmbientAssistedlivingArchitecture2009,An Ambient Assisted-Living Architecture Based on Wireless Sensor Networks,"Andréu, Javier and Viúdez, Jaime and Holgado, Juan A.",2009,,13,1.1,,,,AS,,ASSISTED_LIVING,,,,,,,,,,,,,,,,,,,,,,,,,,,,,,,,,,,
1jbyqejx0gs,1,demirSmartHomeAssistant2017,Smart Home Assistant for Ambient Assisted Living of Elderly People with Dementia,"Demir, E and Köseoğlu, E and Sokullu, R and Şeker, B",2017,,22,6.3,,,,,,ASSISTED_LIVING,,,,,,,,,,,,,,,,,,,,,,,,,,,,,,,,,,,
1l6r79s7kb2,1,cowanEngagingPeripheryVisual2010,Engaging the Periphery for Visual Communication on Mobile Phones,"Cowan, Lisa and Griswold, William G. and Barkhuus, Louise and Hollan, James D.",2010,,13,1.2,Emotipix,A camera phone application that turns the phone's home screen wallpaper into a peripheral slideshow of shared photos for visual conversation among friends and family,YES,ADAIS,"PROTOTYPE,EVAL,USECASE",INCREASE_AWARENESS,HEALTH,HOME,,,,,,,,,USER,USER_POLL,VISUAL,"PARTNERSHIP,GROUP",HIGH,SCREEN,ARTIFICIAL,YES,16,WEEKS,IN_SITU,USERS,PROTOTYPE,"QUESTIONNAIRE,INTERVIEW,USAGE_STATISTIC",[NA],SUBJECTIVE,NONE,PRESENCE,"PERIPHERAL_PLACEMENT,AUGMENTATION",NO,NA,NOT_MENTIONED,,,
1n78l2jen8m,1,fujitaAmbientPartyRoom2013,Ambient Party Room: A Room-shaped System Enhancing Communication for Parties or Gatherings,"Fujita, Kazuyuki and Itoh, Yuichi and Takashima, Kazuki and Nakajima, Kosuke and Hayashi, Yusuke and Kishino, Fumio",2013,,1,0.1,Ambient Party Room,"A room-shaped environment with floor, wall displays and speakers that visualizes participants' conversational behaviors and profiles to stimulate conversation at parties",YES,ADAIS,PROTOTYPE,"AID_IN_ACTIVITY,BEHAVIOURAL_CHANGE",SOCIAL,SOCIAL,,,,,,,,,"EVENT,USER",MAKE_AWARE,"VISUAL,AUDIO,POS",GROUP,HIGH,SCREEN,ARTIFICIAL,NO,6,HOURS,IN_LAB,USERS,PROTOTYPE,"QUESTIONNAIRE,COMMENTS,OBSERVATION",[NA],"SUBJECTIVE,OBJECTIVE",NONE,"PUSH,PULL,PRESENCE",PERIPHERAL_PLACEMENT,YES,NONE,NOT_MENTIONED,,,
1n8jpi0fdcb,1,zhengPatternAnalysisVisualisation2012,A Pattern Analysis and Visualisation System for Sleep Monitoring in Ambient Assisted Living Environment,"Zheng, Huiru and Wang, Haiying and Nikamalfard, Hoda and Mulvenna, Maurice and McCullagh, Paul and Martin, Suzanne and Wallace, Jonathan G. and Jeffers, Paul",2012,,1,0.1,,,,AS,,ASSISTED_LIVING,,,,,,,,,,,,,,,,,,,,,,,,,,,,,,,,,,,
1nt0y7o9a2ii,1,petzoldAmbientAssistedLiving2013,Towards an Ambient Assisted Living User Interaction Taxonomy,"Petzold, Martin and Barbabella, Francesco and Bobeth, Jan and Kern, Dagmar and Mayer, Christopher and Morandell, Martin",2013,,6,0.8,,,,,DEFTAX,ASSISTED_LIVING,,,,,,,,,,,,,,,,,,,,,,,,,,,,,,,,,,,
1ntnn2c25pj,1,radziszewskiDesigningCalmNonintrusive2017,Designing Calm and Non-Intrusive Ambient Assisted Living System for Monitoring Nighttime Wanderings,"Radziszewski, Robert and Ngankam, Hubert Kenfack and Grégoire, Vincent and Lorrain, Dominique and Pigot, Hélène and Giroux, Sylvain",2017,,9,2.6,,,,AS,,ASSISTED_LIVING,,,,,,,,,,,,,,,,,,,,,,,,,,,,,,,,,,,
1ojh9tf5a0w,1,macginnisNationalHealthService2012,The National Health Service in England-Moving to Mainstream Use of Ambient Assisted Living Technology.,"MacGinnis, G",2012,,2,0.2,,,,,,ASSISTED_LIVING,,,,,,,,,,,,,,,,,,,,,,,,,,,,,,,,,,,
1oo7cz1z9zgi,1,awadaENDUSERPERSPECTIVECAMI2018,AN END-USER PERSPECTIVE ON THE CAMI AMBIENT AND ASSISTED LIVING PROJECT,"Awada, Imad Alex and Cramariuc, Oana and Mocanu, Irina and Seceleanu, Cristina and Kunnappilly, Ashalatha and Florea, Adina Magda",2018,,5,2,,,,,,ASSISTED_LIVING,,,,,,,,,,,,,,,,,,,,,,,,,,,,,,,,,,,
1q5681i8oqg,1,weimarMicrosystemTechnologyAmbient2009,Microsystem Technology for Ambient Assisted Living (AAL),"Weimar, U. and Simpson, R. and Barsan, N. and Heine, T. and Simmendinger, W. and Malfatti, M. and Margesin, B. and Gonzo, L. and Grassi, M. and Lombardi, A. and Malcovati, P. and Leone, A. and Diraco, G. and Siciliano, P. and v. Sicard, O. and Pohle, R. and Fleischer, M. and Redaelli, A. and Giacosi, A. and Bonassi, C.",2009,,6,0.5,,,,,,ASSISTED_LIVING,,,,,,,,,,,,,,,,,,,,,,,,,,,,,,,,,,,
1q7pn7iswpg,1,balaamEnhancingInteractionalSynchrony2011,Enhancing Interactional Synchrony with an Ambient Display,"Balaam, Madeline and Fitzpatrick, Geraldine and Good, Judith and Harris, Eric",2011,,45,4.7,Untitled,Wall-projected water visual surrounding a map that produces small ripples in response to nonverbal behaviours associated with rapport,YES,ADAIS,"EVAL,USECASE,PROTOTYPE",BEHAVIOURAL_CHANGE,SOCIAL,SOCIAL,,,,,,,,,EVENT,CHANGE_BLIND,VISUAL,PARTNERSHIP,LOW,PROJECTION,ART,YES,28,HOURS,IN_LAB,USERS,WOZ,"INTERVIEW,QUESTIONNAIRE",[NA],OBJECTIVE,AWARENESS_CONSCIOUSNESS,PRESENCE,"PERIPHERAL_PLACEMENT,CAMOUFLAGE",NO,NA,NOT_MENTIONED,,,
1rapyxpftu1,1,sakuraiPsynteractionChairProposal2012,Psynteraction Chair: A Proposal of a System for Induction of Interpersonal Behavior by Using Comic Book Images as Ambient Information,"Sakurai, Sho and Yoshida, Shigeo and Narumi, Takuji and Tanikawa, Tomohiro and Hirose, Michitaka",2012,,3,0.4,Psynteraction chair,An office chair that projects comic book images onto its backrest to convey the user's concentration-based psychological state to people around them,YES,ADAIS,"PROTOTYPE,USECASE",BEHAVIOURAL_CHANGE,SOCIAL,WORKPLACE,,,,,,,,,USER,MAKE_AWARE,VISUAL,GROUP,MEDIUM,SCREEN,FAMILIAR,NO,7,HOURS,IN_SITU,USERS,PROTOTYPE,"INTERVIEW,OBSERVATION,COMMENTS",[NA],"OBJECTIVE,SUBJECTIVE",NONE,PRESENCE,AUGMENTATION,YES,NONE,NOT_MENTIONED,,,
1rgow3mshpt,1,schmitzEntwicklungOSGiServiceKomponenteDynamischen2011,Entwicklung Einer OSGi-Service-Komponente Zum Dynamischen Laden von Benutzeroberflächen Für Android Im Umfeld von Ambient Assisted Living,"Schmitz, T",2011,,1,0.1,,,,,,ASSISTED_LIVING,,,,,,,,,,,,,,,,,,,,,,,,,,,,,,,,,,,
1s20p82z8pz,1,schomakersPlayfullyAssessingAcceptance2018,Playfully Assessing the Acceptance and Choice of Ambient Assisted Living Technologies by Older Adults,"Schomakers, Eva-Maria and Heek, Julia Offermann-van and Ziefle, Martina",2018,,1,0.4,,,,,,ASSISTED_LIVING,,,,,,,,,,,,,,,,,,,,,,,,,,,,,,,,,,,
1subqc3tlhf,1,chhabraAbstractingNutritionalInformation2008,Abstracting Nutritional Information of Food Service Facilities Using the Pervasive Healthy Diet Adviser,"Chhabra, Jiten and Singh, Jasjit and Serrano-Baquero, Daniel",2008,,4,0.3,PHDA,,,,,INCREASE_AWARENESS,HEALTH,MEDICAL,,,,,,,,,,,,,,,,YES,,,,,,HEURISTIC_EVALUATION,,,,,,,,,,,
1ucupvzovgg,1,klippertEntwicklungSystemsZur2011,Entwicklung Eines Systems Zur Ergonomiebe‐-Wertung Bei Ambient Assisted Living Systemen,"Klippert, J and Ott, A and Sträter, O",2011,,2,0.2,,,,,,ASSISTED_LIVING,,,,,,,,,,,,,,,,,,,,,,,,,,,,,,,,,,,
1uphyjj29nq,1,fortmannWaterJewelDesignEvaluation2014,WaterJewel: Design and Evaluation of a Bracelet to Promote a Better Drinking Behaviour,"Fortmann, Jutta and Cobus, Vanessa and Heuten, Wilko and Boll, Susanne",2014,,38,5.8,WaterJewel,A fashionable light bracelet with integrated LED spots that reflect the user's daily fluid intake and time since last drink to promote regular drinking,YES,ADAIS,"PROTOTYPE,EVAL,USECASE",INCREASE_AWARENESS,HEALTH,"HOME,WORKPLACE,SOCIAL,URBAN",,,,,,,,,CONTINUOUS,MAKE_AWARE,VISUAL,PERSONAL,MEDIUM,"LED,MOTOR","FAMILIAR,ASSOCIATED",YES,12,WEEKS,IN_SITU,USERS,PROTOTYPE,"QUESTIONNAIRE,INTERVIEW,USAGE_STATISTIC",[NA],"OBJECTIVE,SUBJECTIVE",NONE,"PRESENCE,PUSH","PERIPHERAL_PLACEMENT,CAMOUFLAGE",YES,"FABRICATION,NOISE",NOT_MENTIONED,,,
1v2ff551ykq,1,mkpaHolisticBlockchainApproach2019,"Holistic Blockchain Approach to Foster Trust, Privacy and Security in IoT Based Ambient Assisted Living Environment","Mkpa, A and Chin, J and Winckles, A",2019,,1,0.7,,,,IOT,,ASSISTED_LIVING,,,,,,,,,,,,,,,,,,,,,,,,,,,,,,,,,,,
1v38hfn6rta,1,mainettiAmbientAssistedLiving2016,An Ambient Assisted Living System for Elderly Assistance Applications,"Mainetti, Luca and Manco, Luigi and Patrono, Luigi and Secco, Andrea and Sergi, Ilaria and Vergallo, Roberto",2016,,18,4,,,,,,ASSISTED_LIVING,,,,,,,,,,,,,,,,,,,,,,,,,,,,,,,,,,,
1v6bpajyzdh,1,marquesAirQualityMonitoring2019,Air Quality Monitoring Using Assistive Robots for Ambient Assisted Living and Enhanced Living Environments through Internet of Things,"Marques, G and Pires, IM and Miranda, N and Pitarma, R",2019,,10,6.7,iAirBot,,,"IOT,AS",,ASSISTED_LIVING,"ENVIRONMENT,SAFETY",HOME,,,,,,,,,,,,,,,,,,,,,,,,,,,,,,,,,
1vck94gaobt,1,diracoMultisensorSystemFall2012,A Multi-Sensor System for Fall Detection in Ambient Assisted Living Contexts.,"Diraco, G and Leone, A and Siciliano, P and Grassi, M",2012,,7,0.8,,,,AS,,ASSISTED_LIVING,,,,,,,,,,,,,,,,,,,,,,,,,,,,,,,,,,,
1vgq88uv32f,1,EnergyOrb2012,Energy Orb,,2012,,477,56.1,Energy Orb,A glanceable display that glows varying colors to indicate real-time energy pricing and demand,YES,ADAIS,PROTOTYPE,"INCREASE_AWARENESS,BEHAVIOURAL_CHANGE",RESOURCES,WORKPLACE,,,,,,,,,CONTINUOUS,USER_POLL,VISUAL,HOUSEHOLD,MEDIUM,LED,ARTIFICIAL,NO,,MONTHS,IN_SITU,USERS,FINAL,USAGE_STATISTIC,[NA],OBJECTIVE,SALIENCE,PRESENCE,PERIPHERAL_PLACEMENT,YES,NONE,YES,,,
1vkm3np5woc,1,vareilleLowcostHightechRobotics2016,Low-Cost High-Tech Robotics for Ambient Assisted Living: From Experiments to a Methodology,"Vareille, Jean and Espes, David and Autret, Yvon and Parc, Philippe Le",2016,,1,0.2,,,,,,ASSISTED_LIVING,,,,,,,,,,,,,,,,,,,,,,,,,,,,,,,,,,,
1vo5eq3el4e,1,aumayrAmbientAssistedLiving2016,From Ambient Assisted Living to Active and Assisted Living: A Practical Perspective on Experiences and Approaches,"Aumayr, Georg",2016,,7,1.6,,,,,,ASSISTED_LIVING,,,,,,,,,,,,,,,,,,,,,,,,,,,,,,,,,,,
1vq1yii6yd8,1,redstromInformativeArtUsing2000,Informative Art: Using Amplified Artworks as Information Displays,"Redström, Johan and Skog, Tobias and Hallnäs, Lars",2000,,219,10.7,,,,,DEFTAX,,,WORKPLACE,,,,,,,,,,,,,,,,NO,,,,,,,,,,,,,,,,,
1xovk3edi5b,1,hammadyAmbientInformationVisualisation2020,Ambient Information Visualisation and Visitors’ Technology Acceptance of Mixed Reality in Museums,"Hammady, Ramy and Ma, Minhua and Strathearn, Carl",2020,,2,4,,,,,,,,,,,,,,,,,,,VISUAL,,,,,YES,,,,,,,,,,,,,,,,,
1xs3r93j9cz,1,hsiehPeripheralDisplayDigital2006,Peripheral Display of Digital Handwritten Notes,"Hsieh, Gary and Wood, Kenneth and Sellen, Abigail",2006,,34,2.3,Untitled,,,,PROTOTYPE,,,WORKPLACE,,,,,,,,,,,VISUAL,,,SCREEN,,YES,,,,,,INTERVIEW,,,,,,,,,,,
1xudv8hzkrr,1,weiserComputer21stCentury1991,The Computer for the 21st Century,"Weiser, Mark",1991,,1863,63.2,,,,,,,,,,,,,,,,,,,,,,,,NO,,,,,,,,,,,,,,,,,
1xynoa71db1,1,al-hamadiLightweightSecurityProtocol2017,Lightweight Security Protocol for Health Monitoring in Ambient Assisted Living Environment,"Al-Hamadi, Hussam and Gawanmeh, Amjad and Al-Qutayri, Mahmoud",2017,,4,1.1,,,,AS,,ASSISTED_LIVING,,,,,,,,,,,,,,,,,,,,,,,,,,,,,,,,,,,
1yytng9e2xe,1,steliosIndoorLocalizationPlatform2008,An Indoor Localization Platform for Ambient Assisted Living Using UWB,"Stelios, Mitilineos A. and Nick, Argyreas D. and Effie, Makri T. and Dimitris, Kyriazanos M. and Thomopoulos, Stelios C. A.",2008,,80,6.4,,,,,,ASSISTED_LIVING,,,,,,,,,,,,,,,,,,,,,,,,,,,,,,,,,,,
1z4rjy47mqz,1,harizMechanismHandlingUser2009,Mechanism for Handling User Interface Plasticity in Ambient Assisted Living,"Hariz, M",2009,,3,0.3,,,,,,ASSISTED_LIVING,,,,,,,,,,,,,,,,,,,,,,,,,,,,,,,,,,,
1zaf74ozgkl,1,hauxAmbientAssistedLiving2009,From Ambient Assisted Living to Global Information Management: IMIA-Referencing Publications in 2008,"Haux, R. and Kulikowski, C. A. and Geissbuhler, A.",2009,,2,0.2,,,,,,ASSISTED_LIVING,,,,,,,,,,,,,,,,,,,,,,,,,,,,,,,,,,,
21lnk2cmz33,1,roeckerContextdependentEmailNotification2005,Context-Dependent Email Notification Using Ambient Displays and Mobile Devices,"Roecker, C. and Bayon, V. and Memisoglu, M. and Streitz, N.",2005,,7,0.5,AmbiLamp artefact,An ambient lamp with three differently colored light zones whose colors and brightness convey email importance categories and counts,YES,ADAIS,"PROTOTYPE,USECASE","NOTIFICATION,INCREASE_AWARENESS",EVENTS,WORKPLACE,,,,,,,,,EVENT,MAKE_AWARE,VISUAL,PERSONAL,MEDIUM,LED,FAMILIAR,NO,,,,,,,,,NONE,"PRESENCE,PULL","AUGMENTATION,PERIPHERAL_PLACEMENT",YES,NONE,NOT_MENTIONED,,,
22cwlc5he99,1,belbachirAmbientAssistedLiving2010,Ambient Assisted Living for Ageing Well – an Overview,"Belbachir, A. N. and Drobics, M. and Marschitz, W.",2010,,26,2.5,,,,,,ASSISTED_LIVING,,,,,,,,,,,,,,,,,,,,,,,,,,,,,,,,,,,
234yzq5xx78h,1,schaeferMiddlewareSelforganisingDistributed2010,A Middleware for Self-Organising Distributed Ambient Assisted Living Applications,"Schaefer, J",2010,,9,0.9,,,,,,ASSISTED_LIVING,,,,,,,,,,,,,,,,,,,,,,,,,,,,,,,,,,,
2377dg432de,1,lombardiWearableWirelessAccelerometer2009,Wearable Wireless Accelerometer with Embedded Fall-Detection Logic for Multi-Sensor Ambient Assisted Living Applications,"Lombardi, Andrea and Ferri, Massimo and Rescio, Gabriele and Grassi, Marco and Malcovati, Piero",2009,,60,5.2,,,,AS,,ASSISTED_LIVING,,,,,,,,,,,,,,,,,,,,,,,,,,,,,,,,,,,
23yfugbtg9p,1,boccaRFbasedDevicefreeLocalization2012,RF-based Device-Free Localization and Tracking for Ambient Assisted Living,"Bocca, M and Gupta, S and Kaltiokallio, O and Mager, B and Tate, Q",2012,,3,0.4,,,,,,ASSISTED_LIVING,,,,,,,,,,,,,,,,,,,,,,,,,,,,,,,,,,,
26akc7skshz,1,elliotLocationdependentInformationAppliances2007,Location-Dependent Information Appliances for the Home,"Elliot, Kathryn and Watson, Mark and Neustaedter, Carman and Greenberg, Saul",2007,,27,2,FlowerBud,A floral lamp with a single flower containing multiple LED lights that turn on or off and speaks details when touched,YES,ADAIS,"PROTOTYPE,CONCEPT,DEV","INCREASE_AWARENESS,NOTIFICATION","ENVIRONMENT,SOCIAL,EVENTS",HOME,,,,,,,,,CONTINUOUS,USER_POLL,VISUAL,FAMILY,LOW,"LED,SPEAKER",FAMILIAR,YES,,,,,,,,,NONE,"PRESENCE,PULL",CAMOUFLAGE,YES,FABRICATION,NOT_MENTIONED,,,
26cx663a5bni,1,yaoBigBangBig2016,A Big Bang–Big Crunch Type-2 Fuzzy Logic System for Machine-Vision-Based Event Detection and Summarization in Real-World Ambient-Assisted Living,"Yao, Bo and Hagras, Hani and Alghazzawi, Daniyal and Alhaddad, Mohammed J.",2016,,25,5.6,,,,,,ASSISTED_LIVING,,,,,,,,,,,,,,,,,,,,,,,,,,,,,,,,,,,
26gufmawrhi,1,Perteneder_2016,Glowworms and Fireflies: Ambient Light on Large Interactive Surfaces,"Perteneder, Florian and Grossauer, Eva-Maria Beatrix and Leong, Joanne and Stuerzlinger, Wolfgang and Haller, Michael",2016,,12,2.7,Glowworm,Ambient LED light display along the rim of an interactive whiteboard that uses brightness to indicate the rank/distance of off-screen objects,YES,ADAIS,"PROTOTYPE,EVAL,USECASE","INCREASE_AWARENESS,AID_IN_ACTIVITY","EVENTS,OTHER",WORKPLACE,,,,,,,,,CONTINUOUS,MAKE_AWARE,VISUAL,GROUP,HIGH,LED,ARTIFICIAL,YES,10,HOURS,IN_LAB,USERS,PROTOTYPE,"INTERVIEW,QUESTIONNAIRE",QUESTIONNAIRE,[NA],PERIPHERAL_ATTENTION,PRESENCE,"PERIPHERAL_PLACEMENT,AUGMENTATION",YES,FABRICATION,NOT_MENTIONED,,,
26yrsldeor9,2,aartsNewEverydayViews2003,The New Everyday: Views on Ambient Intelligence,"Aarts, Emile and Marzano, Stefano",2003,,559,31.9,Nebula: Alarm Clock,"Projector aimed at ceiling. Two opposite dots projected representing current time and waking time. Distance between dots is reduced over time, allowing the person in bed to easily estimate the amount of time left until alarm rings. (p292)",YES,"ADAIS,AMI",USECASE,UNSTATED,OTHER,HOME,,,,,,,,,,,VISUAL,,,PROJECTION,NA,NO,0,,,,,,,,NONE,,,NA,NA,NOT_MENTIONED,,,
270xhu8xxm3h,1,vanTransmitPowerControl2016,A Transmit Power Control Scheme for Body Area Networks Used in Ambient Assisted Living,"Van, Son Dinh and Cotton, Simon L. and Smith, David B.",2016,,2,0.4,,,,,,ASSISTED_LIVING,,,,,,,,,,,,,,,,,,,,,,,,,,,,,,,,,,,
27pwfm0qhc5,1,otteUnsupervisedLearningAmbient2013,Unsupervised Learning in Ambient Assisted Living for Pattern and Anomaly Detection: A Survey,"Otte, Francisco Javier Parada and Saurer, Bruno Rosales and Stork, Wilhelm",2013,,7,0.9,,,,,,ASSISTED_LIVING,,,,,,,,,,,,,,,,,,,,,,,,,,,,,,,,,,,
28gahacekj8,1,kurschlEngineeringToolboxBuild2008,An Engineering Toolbox to Build Situation Aware Ambient Assisted Living Systems,"Kurschl, Werner and Mitsch, Stefan and Schoenboeck, Johannes",2008,,12,1,,,,,,ASSISTED_LIVING,,,,,,,,,,,,,,,,,,,,,,,,,,,,,,,,,,,
28ni5l8dssv,1,arroyoSelfAdaptiveMultimodalInterruptionInterfaces2003,Self-Adaptive Multimodal-Interruption Interfaces,"Arroyo, Ernesto and Selker, Ted",2003,,41,2.3,Lamp,A bed lamp at the periphery of the user's field of view whose brightness changes to interrupt the user,YES,ADAIS,"EVAL,PROTOTYPE",NOTIFICATION,EVENTS,WORKPLACE,,,,,,,,,EVENT,INTERRUPT,VISUAL,PUBLIC,MEDIUM,LED,FAMILIAR,NO,23,HOURS,IN_LAB,USERS,PROTOTYPE,"QUESTIONNAIRE,COMMENTS,OBSERVATION,TASK_PERFORMANCE",DUAL_TASK,[NA],"PERIPHERAL_ATTENTION,COGNITIVE_LOAD",PUSH,"PERIPHERAL_PLACEMENT,AUGMENTATION",YES,NONE,NOT_MENTIONED,,,
295lun7649h,1,panagiotakopoulosExploringAmbientAssisted2013,Exploring Ambient Assisted Living Job Profiles,"Panagiotakopoulos, Theodor and Theodosiou, Aspasia and Kameas, Achilles",2013,,5,0.7,,,,,,ASSISTED_LIVING,,,,,,,,,,,,,,,,,,,,,,,,,,,,,,,,,,,
29b4100dz02,1,petterssonWaterCallsAmbientCall2004,WaterCalls: An Ambient Call Queue for Cooperation between Emergency Service Centres,"Pettersson, Mårten",2004,,9,0.5,WaterCalls,"Bowls of water on the wall of an emergency traffic room where water represents the call queue at different emergency service centres, paired with a graphical call queue interface.",YES,ADAIS,"CONCEPT,USECASE,ISSUES","INCREASE_AWARENESS,AID_IN_ACTIVITY",HEALTH,"MEDICAL,EDUCATION",,,,,,,,,EVENT,MAKE_AWARE,POS,GROUP,MEDIUM,MOTOR,ASSOCIATED,YES,,HOURS,IN_PRESENTATION,"USERS,EXPERTS",SIMULATION,INTERVIEW,[NA],[NA],NONE,"PUSH,PRESENCE","PERIPHERAL_PLACEMENT,MIMICRY",NA,NA,NA,,,
29ibw88e9qe,1,davisPromotingSocialConnectedness2016,Promoting Social Connectedness through Human Activity-Based Ambient Displays,"Davis, Kadian and Owusu, Evans and Hu, Jun and Marcenaro, Lucio and Regazzoni, Carlo and Feijs, Loe",2016,,13,2.9,Peripheral Display Module,Photo-frame-like screen showing animated curve stitching patterns that visualize a remote loved one's activity levels,YES,ADAIS,"PROTOTYPE,EVAL,USECASE","INCREASE_AWARENESS,ASSISTED_LIVING","SOCIAL,HEALTH",MEDICAL,,,,,,,,,CONTINUOUS,MAKE_AWARE,VISUAL,PARTNERSHIP,LOW,SCREEN,"FAMILIAR,ART",NO,12,WEEKS,IN_SITU,USERS,PROTOTYPE,"QUESTIONNAIRE,INTERVIEW,OBSERVATION,HEURISTIC_EVALUATION",[NA],SUBJECTIVE,SALIENCE,PRESENCE,"PERIPHERAL_PLACEMENT,CAMOUFLAGE",NO,NA,NOT_MENTIONED,,,
29tvrviyn0v,1,panagiotakopoulosTakingCareElderly2014,Taking Care of Elderly People with Chronic Conditions Using Ambient Assisted Living Technology: The ADVENT Perspective,"Panagiotakopoulos, Theodor and Antonopoulos, Christos and Alefragkis, Panayiotis and Kameas, Achilles and Koubias, Stavros",2014,,2,0.3,,,,,,ASSISTED_LIVING,,,,,,,,,,,,,,,,,,,,,,,,,,,,,,,,,,,
2at1vpfa8v2,1,behrendsElearningIntegralPart2013,E-Learning as Integral Part of Teaching-Learning Processes in Continuing Education for Ambient Assisted Living Technologies and Services,"Behrends, M and Stiller, G and Illiger, K and Nitschke, M and Egbert, N and Krückeberg, J",2013,,4,0.5,,,,,,ASSISTED_LIVING,,,,,,,,,,,,,,,,,,,,,,,,,,,,,,,,,,,
2bco1p4dq7t,1,matthewsClippingListsChange2006,Clipping Lists and Change Borders: Improving Multitasking Efficiency with Peripheral Information Design,"Matthews, Tara and Czerwinski, Mary and Robertson, George and Tan, Desney",2006,,40,2.8,Scalable Fabric,A task management system that spatially organizes shrunken versions of windows into tasks in the screen periphery,NO,ADAIS,"EVAL,PROTOTYPE","INCREASE_AWARENESS,AID_IN_ACTIVITY","EVENTS,OTHER",WORKPLACE,,,,,,,,,CONTINUOUS,USER_POLL,VISUAL,PERSONAL,HIGH,SCREEN,ARTIFICIAL,YES,26,HOURS,IN_LAB,USERS,PROTOTYPE,"QUESTIONNAIRE,COMMENTS,OBSERVATION,USAGE_STATISTIC,TASK_PERFORMANCE",QUESTIONNAIRE,OBJECTIVE,MEMORY_OTHER,"PRESENCE,PULL",PERIPHERAL_PLACEMENT,NO,NA,NOT_MENTIONED,,,
2e25dlrlahn,1,StataClockCommunity2008,The Stata Clock: A Community Location Device,,2008,,28,2.2,Stata Clock,,,,,,,,,,,,,,,,,,,,,,,,,,,,,,,,,,,,,,,,
2edryasllmg,1,anlauffTacTilesLowcostModular2010,tacTiles: A Low-Cost Modular Tactile Sensing System for Floor Interactions,"Anlauff, Jan and Großhauser, Tobias and Hermann, Thomas",2010,,,0,tacTiles,,,AS,PROTOTYPE,,,,,,,,,,,,,,HAPTIC,,,,NA,,,,,,,,,,,,,,,,,,
2eeydljagit,1,schillerConceptLargeScale2020,Concept for the Large Scale Deployment of Ambient Assisted Living Systems,"Schiller, Ludwig and Wuehr, Manuela and Poeschl, Rainer and Dorner, Wolfgang",2020,,,0,,,,,,ASSISTED_LIVING,,,,,,,,,,,,,,,,,,,,,,,,,,,,,,,,,,,
2ekjg0jtz9x,1,rodensteinEmployingPeripheryWindow1999,Employing the Periphery: The Window as Interface,"Rodenstein, Roy",1999,,32,1.5,Untitled,,,,,,,,,,,,,,,,,,VISUAL,,,SCREEN,,NO,,,,,,,,,,,,,,,,,
2ewgigblktv,1,forlizziAmbientInterfacesThat2007,Ambient Interfaces That Motivate Changes in Human Behavior.,"Forlizzi, Jodi and Li, Ian and Dey, Anind K",2007,,14,1,IMPACT,"System that monitors physical activity throughout the day and provides ambient feedback via abstracted displays, agents/avatars, and speech/sound interfaces",YES,ADAIS,"CONCEPT,PROTOTYPE","INCREASE_AWARENESS,BEHAVIOURAL_CHANGE",HEALTH,OTHER,,,,,,,,,CONTINUOUS,USER_POLL,"VISUAL,AUDIO",PERSONAL,MEDIUM,"SCREEN,SPEAKER",ARTIFICIAL,NO,,HOURS,IN_LAB,USERS,REDUCED_PROTOTYPE,QUESTIONNAIRE,[NA],[NA],NONE,PRESENCE,PERIPHERAL_PLACEMENT,NO,NA,NOT_MENTIONED,,,
2fgfpksq632,1,kimInvestigatingEverydayInformation2018,Investigating Everyday Information Behavior of Using Ambient Displays: A Case of Indoor Air Quality Monitors,"Kim, Sunyoung",2018,,1,0.4,IAQ Monitoring Station,"Commercial indoor air quality monitor (Awair, Foobot, Netatmo) displaying air quality status via colored graphs and numeric values",NO,"ADAIS,IOT","EVAL,ISSUES",INCREASE_AWARENESS,"HEALTH,ENVIRONMENT","MEDICAL,WORKPLACE",,,,,,,,,CONTINUOUS,USER_POLL,VISUAL,HOUSEHOLD,HIGH,SCREEN,ARTIFICIAL,YES,729,,IN_SITU,USERS,FINAL,COMMENTS,[NA],SUBJECTIVE,NONE,PRESENCE,PERIPHERAL_PLACEMENT,NO,NA,NOT_MENTIONED,,,
2fp51zanii3,1,gallicchioExperimentalAnalysisDeep2017,Experimental Analysis of Deep Echo State Networks for Ambient Assisted Living.,"Gallicchio, C and Micheli, A",2017,,3,0.9,,,,,,ASSISTED_LIVING,,,,,,,,,,,,,,,,,,,,,,,,,,,,,,,,,,,
2ia1h4y80uw,1,altosaarAuraOrbUsingSocial2006,AuraOrb: Using Social Awareness Cues in the Design of Progressive Notification Appliances,"Altosaar, Mark and Vertegaal, Roel and Sohn, Changuk and Cheng, Daniel",2006,,33,2.3,AuraOrb,,,,,INCREASE_AWARENESS,"SOCIAL,HEALTH",WORKPLACE,,,,,,,,,,,,,,,,YES,,,,,,"HEURISTIC_EVALUATION,QUESTIONNAIRE",,,,,,,,,,,
2itthn4sexb,1,sterrittAutonomicComputingAmbient2010,Autonomic Computing and Ambient Assisted Living,"Sterritt, R and Nugent, C",2010,,6,0.6,,,,,,ASSISTED_LIVING,,,,,,,,,,,,,,,,,,,,,,,,,,,,,,,,,,,
2khgzzt6wui,1,occhialiniDesignEvaluationAmbient2011,Design and Evaluation of an Ambient Display to Support Time Management during Meetings,"Occhialini, Valentina and van Essen, Harm and Eggen, Berry",2011,,36,3.8,Low-Fidelity visualization,Beamer-projected dynamic graphical pattern of colored bars on a meeting room wall showing meeting progress and timing,YES,ADAIS,"USECASE,PROTOTYPE",INCREASE_AWARENESS,EVENTS,WORKPLACE,,,,,,,,,CONTINUOUS,MAKE_AWARE,VISUAL,GROUP,MEDIUM,PROJECTION,ARTIFICIAL,YES,20,HOURS,IN_SITU,USERS,SIMULATION,"INTERVIEW,QUESTIONNAIRE",[NA],"SUBJECTIVE,OBJECTIVE","SALIENCE,SPATIAL_OBJECT_BINDING","PRESENCE,PUSH",PERIPHERAL_PLACEMENT,NO,NA,NOT_MENTIONED,,,
2kw5nohgta,1,karpovAutomaticAnalysisSpeech2015,Automatic Analysis of Speech and Acoustic Events for Ambient Assisted Living,"Karpov, Alexey and Ronzhin, Alexander and Kipyatkova, Irina",2015,,2,0.4,,,,,PROTOTYPE,ASSISTED_LIVING,,,,,,,,,,,,,,,,,,,,,,,,,,,,,,,,,,,
2l67bo86tog,1,torresLiveObjectsLeveragingTheatricality2016,LiveObjects: Leveraging Theatricality for an Expressive Internet of Things,"Torres, Cesar and O'Leary, Jasper and Paulos, Eric",2016,,2,0.4,LiveFans,"A pair of repurposed commodity fans that spin at speeds mapped to oppositional political Twitter data, forming a political microclimate felt by nearby audiences",YES,"IOT,ADAIS","PROTOTYPE,CONCEPT,USECASE","INCREASE_AWARENESS,OTHER","SOCIAL,EVENTS","SOCIAL,OTHER",,,,,,,,,CONTINUOUS,MAKE_AWARE,POS,PUBLIC,MEDIUM,MOTOR,FAMILIAR,NO,,,,,,,,,NONE,PRESENCE,AUGMENTATION,YES,NONE,NOT_MENTIONED,,,
2lfsbsi34a,1,dimauroPersonalHealthERecord2018,Personal Health E-Record—Toward an Enabling Ambient Assisted Living Technology for Communication and Information Sharing between Patients and Care Providers,"Dimauro, Giovanni and Girardi, Francesco and Caivano, Danilo and Colizzi, Lucio",2018,,11,4.4,,,,,,ASSISTED_LIVING,,,,,,,,,,,,,,,,,,,,,,,,,,,,,,,,,,,
2lqw8mjltoy,1,nussbeckTaxonomybasedAssessmentPersonal2012,Taxonomy-Based Assessment of Personal Health Monitoring in Ambient Assisted Living,"Nußbeck, G",2012,,3,0.4,,,,AS,DEFTAX,ASSISTED_LIVING,,,,,,,,,,,,,,,,,,,,,,,,,,,,,,,,,,,
2lwth9sngbu,1,leungDesigningPersonalVisualization2011,Designing a Personal Visualization Projection of Online Social Identity,"Leung, Mandy and Tomitsch, Martin and Vande Moere, Andrew",2011,,18,1.9,“Personal Projection of Online Social Identity”,"Every person has projector, project social idenity on ceiling",YES,ADAIS,PROTOTYPE,"INCREASE_AWARENESS,OTHER",SOCIAL,"SOCIAL,EDUCATION",,,,,,,,,CONTINUOUS,MAKE_AWARE,VISUAL,PUBLIC,HIGH,PROJECTION,ARTIFICIAL,YES,8,HOURS,IN_SITU,USERS,PROTOTYPE,"INTERVIEW,COMMENTS,OBSERVATION",[NA],SUBJECTIVE,NONE,PRESENCE,PERIPHERAL_PLACEMENT,YES,FAILURE,NOT_MENTIONED,,,
2m1uz4h7mg2,1,hachiyaThanksTail2009,ThanksTail,"Hachiya, Kazuhiko",2009,,,0,ThanksTail,,,,,INCREASE_AWARENESS,SOCIAL,"URBAN,TRANSPORT",,,,,,,,,,,VISUAL,,,MOTOR,FAMILIAR,,,,,,,,,,,,,,,,,,
2m3fsm7lm2n,1,loza-matovelleArchitectureIntegrationRobots2019,An Architecture for the Integration of Robots and Sensors for the Care of the Elderly in an Ambient Assisted Living Environment,"Loza-Matovelle, David and Verdugo, Alexandra and Zalama, Eduardo and Gómez-García-Bermejo, Jaime",2019,,3,2,,,,AS,,ASSISTED_LIVING,,,,,,,,,,,,,,,,,,,,,,,,,,,,,,,,,,,
2m614mpzysp,1,kovacshazyNewApproachPassive2012,New Approach to Passive Infrared Motion Sensors Signal Processing for Ambient Assisted Living Applications,"Kovácsházy, T and Fodor, G",2012,,12,1.4,,,,AS,,ASSISTED_LIVING,,,,,,,,,,,,,,,,,,,,,,,,,,,,,,,,,,,
2m65k3ehpx8,1,taylorDesignEvaluationAmbient2012,The Design and Evaluation of an Ambient Biofeedback Display,"Taylor, B",2012,,,0,Ambient Biofeedback Display,Abstract visual representations of emotional/physiological arousal shown as ambient displays (peripheral and immersive) to enable biofeedback self-regulation,YES,ADAIS,"PROTOTYPE,EVAL,USECASE","BEHAVIOURAL_CHANGE,AID_IN_ACTIVITY",HEALTH,OTHER,,,,,,,,,CONTINUOUS,USER_POLL,VISUAL,PERSONAL,MEDIUM,SCREEN,ART,YES,,HOURS,IN_LAB,USERS,PROTOTYPE,"QUESTIONNAIRE,TASK_PERFORMANCE",[NA],"OBJECTIVE,SUBJECTIVE",MEMORY_OTHER,PRESENCE,PERIPHERAL_PLACEMENT,NO,NA,NOT_MENTIONED,,,
2mweyaoexxs,1,sousaAalhomeNewHome2011,Aal@home: A New Home Care Wireless Biosignal Monitoring Tool for Ambient Assisted Living.,"Sousa, J and Palma, S and Silva, H and Gamboa, H",2011,,6,0.6,Aal@Home,,,AS,,ASSISTED_LIVING,,,,,,,,,,,,,,,,,,,,,,,,,,,,,,,,,,,
2o0ekz8s7ya,1,kranzPrototypingSmartObjects2005,Prototyping Smart Objects for Ubiquitous Computing,"Kranz, Matthias and Schmidt, Albrecht",2005,,25,1.6,,,,,DEV,,,,,,,,,,,,,,,,,,,,,,,,,,,,,,,,,,,,
2p4bg71ih5e,1,garcesQualityAttributesQuality2017,Quality Attributes and Quality Models for Ambient Assisted Living Software Systems: A Systematic Mapping,"Garcés, Lina and Ampatzoglou, Apostolos and Avgeriou, Paris and Nakagawa, Elisa Yumi",2017,,39,11.1,,,,,,ASSISTED_LIVING,,,,,,,,,,,,,,,,,,,,,,,,,,,,,,,,,,,
2p5vvshm4qc,1,wernerNutzerorientierteEvaluationZweier2020,Nutzerorientierte Evaluation Zweier Altersgerechter Assistenzroboter Zur Unterstützung von Alltagsaktivitäten („Ambient Assisted Living-Roboter “) Bei Älteren …,"Werner, CW",2020,,,0,,,,,PROTOTYPE,ASSISTED_LIVING,,,,,,,,,,,,,,,,,,,,,,,,,,,,,,,,,,,
2pmoe51ypea,1,simsikAmbientAssistedLiving2013,Ambient Assisted Living Development in East Slovakia,"Šimšík, Dušan and Galajdová, Alena and Siman, Daniel and Onofrejová, Daniela",2013,,1,0.1,,,,,,ASSISTED_LIVING,,,,,,,,,,,,,,,,,,,,,,,,,,,,,,,,,,,
2pvrwa2ylac,1,adamsADLibARDUINOCOMMUNICATION2011,ADLib: AN ARDUINO COMMUNICATION FRAMEWORK FOR AMBIENT DISPLAYS,"Adams, Robert and Shearer, Russ",2011,,1,0.1,ADLib,"An Arduino communication framework (protocol, library, and desktop application) for sending data to Arduino-based ambient displays",NO,ADAIS,DEV,INCREASE_AWARENESS,OTHER,"WORKPLACE,EDUCATION",,,,,,,,,CONTINUOUS,,VISUAL,GROUP,MEDIUM,LED,FAMILIAR,NO,,,,,,,,,NONE,PRESENCE,CAMOUFLAGE,YES,NONE,NOT_MENTIONED,,,
2q2zjm567o,1,massonWeMeSeamlessActive2009,WeMe: Seamless Active and Passive Liquid Communication,"Masson, Nicolas and Mackay, Wendy E.",2009,,4,0.3,WeMe,,,,,INCREASE_AWARENESS,SOCIAL,HOME,,,,,,,,,,,,FAMILY,,,,NO,,,,,,,,,,,,,,,,,
2qdt088qj9y,1,blindPotentialeInnovationsorientiertenNormenvorausschau2010,Potentiale Der Innovationsorientierten Normenvorausschau Für Die Etablierung von Leitmärkten Am Beispiel Ambient Assisted Living,"Blind, K and Gauch, S",2010,,3,0.3,,,,,,ASSISTED_LIVING,,,,,,,,,,,,,,,,,,,,,,,,,,,,,,,,,,,
2qxts753cdl,1,stocklowResourceManagementMultimodal2013,Resource Management for Multimodal and Multilingual Adaptation of User Interfaces in Ambient Assisted Living Environments,"Stocklöw, Carsten and Grguric, Andrej and Dutz, Tim and Vandommele, Tjark and Kuijper, Arjan",2013,,3,0.4,,,,,,ASSISTED_LIVING,,,,,,,,,,,,,,,,,,,,,,,,,,,,,,,,,,,
2qzeuc2zpey,1,sangaviHumanActivityRecognition2019,Human Activity Recognition for Ambient Assisted Living,"Sangavi, S. and Hashim, B.A. Mohammed",2019,,2,1.3,,,,,,ASSISTED_LIVING,,,,,,,,,,,,,,,,,,,,,,,,,,,,,,,,,,,
2rai3juxqfk,1,espositoPreliminaryDesignIssues2015,Preliminary Design Issues for Inertial Rings in Ambient Assisted Living Applications,"Esposito, Dario and Cavallo, Filippo",2015,,9,1.6,,,,,,ASSISTED_LIVING,,,,,,,,,,,,,,,,,,,,,,,,,,,,,,,,,,,
2rjmatyn4jn,1,belbachirEventdrivenFeatureAnalysis2011,Event-Driven Feature Analysis in a 4D Spatiotemporal Representation for Ambient Assisted Living,"Belbachir, Ahmed Nabil and Nowakowska, Aneta and Schraml, Stephan and Wiesmann, Georg and Sablatnig, Robert",2011,,14,1.5,,,,,,ASSISTED_LIVING,,,,,,,,,,,,,,,,,,,,,,,,,,,,,,,,,,,
2ruqdr5lelf,1,rockerUsercenteredDesignIntelligent2013,User-Centered Design of Intelligent Environments: Requirements for Designing Successful Ambient Assisted Living Systems,"Röcker, C",2013,,25,3.3,,,,,,ASSISTED_LIVING,,,,,,,,,,,,,,,,,,,,,,,,,,,,,,,,,,,
2sxmzbz3xyt,1,vacherChallengesProcessingAudio2010,Challenges in the Processing of Audio Channels for Ambient Assisted Living,"Vacher, Michel and Portet, Francois and Fleury, Anthony and Noury, Norbert",2010,,47,4.5,,,,,,ASSISTED_LIVING,,,,,,,,,,,,,,,,,,,,,,,,,,,,,,,,,,,
2tji7q7b2gk,1,tsirmpasInternetThingsPlatform2017,An Internet of Things Platform Architecture for Supporting Ambient Assisted Living Environments,"Tsirmpas, Charalampos and Kouris, Ioannis and Anastasiou, Athanasios and Giokas, Kostas and Iliopoulou, Dimitra and Koutsouris, Dimitris",2017,,4,1.1,,,,IOT,,ASSISTED_LIVING,,,,,,,,,,,,,,,,,,,,,,,,,,,,,,,,,,,
2ugxfl80iyz,1,deruyterAmbientIntelligence12th2015,"Ambient Intelligence: 12th European Conference, AmI 2015, Athens, Greece, November 11-13, 2015, Proceedings",,2015,,,0,,,,AMI,,INCREASE_AWARENESS,"RESOURCES,HEALTH",,,,,,,,,,,,,,,,,NO,,,,,,,,,,,,,,,,,
2uwhjf2ktvu,1,bellanaAnomalyDetectionUsing2018,Anomaly Detection Using Autoencoders for Ambient Assisted Living,"Bellana, R",2018,,1,0.4,,,,,,ASSISTED_LIVING,,,,,,,,,,,,,,,,,,,,,,,,,,,,,,,,,,,
2uycb2pl5u5,1,ginerBuildingSelfadaptiveServices2009,Building Self-Adaptive Services for Ambient Assisted Living,"Giner, Pau and Cetina, Carlos and Fons, Joan and Pelechano, Vicente",2009,,13,1.1,,,,,,ASSISTED_LIVING,,,,,,,,,,,,,,,,,,,,,,,,,,,,,,,,,,,
2wfc6oxb7cg,1,gaverHistoryTableclothIlluminating2006,The History Tablecloth: Illuminating Domestic Activity,"Gaver, William and Bowers, John and Boucher, Andy and Law, Andy and Pennington, Sarah and Villar, Nicholas",2006,,147,10.1,History TableCloth,,,,,,,"WORKPLACE,HOME",,,,,,,,,,,,,,,,YES,,,,,,,,,,,,,,,,,
2xhlru5j8z4,1,plorinDevelopingAmbientAssisted2013,Developing an Ambient Assisted Living Environment Applying the Advanced Learning Factory (aLF),"Plorin, Daniel and Müller, Egon",2013,,8,1.1,,,,,,ASSISTED_LIVING,,,,,,,,,,,,,,,,,,,,,,,,,,,,,,,,,,,
2xvybihf0sd,1,ogradyEvolutionaryAmbientAssisted2010,Towards Evolutionary Ambient Assisted Living Systems,"O'Grady, MJ and Muldoon, C and Dragone, M and Tynan, R",2010,,100,9.5,,,,,,ASSISTED_LIVING,,,,,,,,,,,,,,,,,,,,,,,,,,,,,,,,,,,
2xxbcfjj049,1,crouzyAmbientAtomsDevice2018,Ambient Atoms: A Device for Ambient Information Visualization,"Crouzy, Sébastien and Borkowski, Stan and Coquillart, Sabine",2018,,,0,Ambient Atoms,A frame-shaped panel with a set of color-changing LEDs (atoms) that symbolically visualizes information at a glance,YES,ADAIS,"PROTOTYPE,DEV,USECASE",INCREASE_AWARENESS,RESOURCES,HOME,,,,,,,,,CONTINUOUS,USER_POLL,VISUAL,HOUSEHOLD,HIGH,LED,"FAMILIAR,ASSOCIATED",NO,,,,,,,,,NONE,PRESENCE,CAMOUFLAGE,YES,NONE,YES,,,
2zjznpat8y5,1,arroyoRequirementsIntelligentAmbient2013,Requirements for an Intelligent Ambient Assisted Living Application for Parkinson Patients,"Arroyo, Millán and Finkel, Lucila and Gomez-Sanz, Jorge J.",2013,,7,0.9,,,,,,ASSISTED_LIVING,,,,,,,,,,,,,,,,,,,,,,,,,,,,,,,,,,,
2ztxpf2mzsd,1,yaddadenNewApproachFacial2016,A New Approach of Facial Expression Recognition for Ambient Assisted Living,"Yaddaden, Yacine and Bouzouane, Abdenour and Adda, Mehdi and Bouchard, Bruno",2016,,13,2.9,,,,,,ASSISTED_LIVING,,,,,,,,,,,,,,,,,,,,,,,,,,,,,,,,,,,
2zwtiokb4eh,1,vijayalakshmiInternetThingsAmbientassisted2020,Internet of Things for Ambient-Assisted Living—An Overview,"Vijayalakshmi, A. and Jose, Deepa V.",2020,,,0,,,,IOT,,ASSISTED_LIVING,,,,,,,,,,,,,,,,,,,,,,,,,,,,,,,,,,,
310ksktijwf,1,hiraiAmbientConversationSupport2015,Ambient Conversation Support in Small Face-to-Face Group Meetings,"Hirai, Yuki and Kaneko, Keiichi",2015,,4,0.7,Ambient Conversation Support System,An Arduino-based LED device that lights up to inform a participant they have been silent during a face-to-face group meeting,YES,ADAIS,"PROTOTYPE,EVAL,USECASE","BEHAVIOURAL_CHANGE,AID_IN_ACTIVITY",SOCIAL,"EDUCATION,SOCIAL",,,,,,,,,EVENT,MAKE_AWARE,VISUAL,PERSONAL,MEDIUM,LED,ARTIFICIAL,NO,15,HOURS,IN_LAB,USERS,PROTOTYPE,"OBSERVATION,TASK_PERFORMANCE",[NA],OBJECTIVE,NONE,PRESENCE,PERIPHERAL_PLACEMENT,YES,"FAILURE,FABRICATION",NOT_MENTIONED,,,
31dd42d5jxv,1,nugentManagingSensorData2011,Managing Sensor Data in Ambient Assisted Living,"Nugent, C.D. and Galway, L. and Chen, L. and Donnelly, M.P. and Mcclean, S.I. and Zhang, S. and Scotney, B.W. and Parr, G.",2011,,18,1.9,,,,AS,,ASSISTED_LIVING,,,,,,,,,,,,,,,,,,,,,,,,,,,,,,,,,,,
3290518e02d,1,bacciuExperimentalEvaluationReservoir2013,An Experimental Evaluation of Reservoir Computation for Ambient Assisted Living,"Bacciu, Davide and Chessa, Stefano and Gallicchio, Claudio and Micheli, Alessio and Barsocchi, Paolo",2013,,17,2.3,,,,,,ASSISTED_LIVING,,,,,,,,,,,,,,,,,,,,,,,,,,,,,,,,,,,
329nc8988p4,1,antifakosLaughingLilyUsingFlower2003,LaughingLily: Using a Flower as a Real World Information Display,"Antifakos, Stavros and Schiele, Bernt",2003,,26,1.5,LaughingLily,An artificial lily with an electromechanical system that droops or blooms its petals to reflect meeting conversation activity,YES,ADAIS,"PROTOTYPE,USECASE",INCREASE_AWARENESS,SOCIAL,WORKPLACE,,,,,,,,,CONTINUOUS,MAKE_AWARE,"VISUAL,SHAPE",GROUP,MEDIUM,MOTOR,FAMILIAR,NO,,,,,,,,,NONE,PRESENCE,"MIMICRY,PERIPHERAL_PLACEMENT",YES,NONE,NOT_MENTIONED,,,
32hf3vgb1u8,1,galkoToolsUsedAmbient2016,Tools Used in Ambient User Interfaces,"Galko, Lukáš and Porubän, Jaroslav",2016,,9,2,,,,,,,HEALTH,EDUCATION,,,,,,,,,,,,,,,,YES,,,,,,QUESTIONNAIRE,,,,,,,,,,,
32w064uxe3o,1,garcia-vazquezAmbientInformationSystems2009a,Ambient Information Systems to Support the Elderly in Carrying Out Their Activities of Daily Living,"García-Vázquez, Juan Pablo and Rodríguez, Marcela D.",2009,,4,0.3,WENOMA,"Wearable notification display embedded in a bracelet that reminds and coaches elderly users to take and refill their medication via text, icons and audible alarms",YES,"ADAIS,ADAIS","PROTOTYPE,USECASE","ASSISTED_LIVING,AID_IN_ACTIVITY,NOTIFICATION",HEALTH,"MEDICAL,HOME",,,,,,,,,EVENT,INTERRUPT,"VISUAL,AUDIO,POS",PERSONAL,MEDIUM,"SCREEN,SPEAKER",FAMILIAR,YES,,,,,,"INTERVIEW,QUESTIONNAIRE",,,"PERIPHERAL_ATTENTION,AWARENESS_CONSCIOUSNESS",PUSH,AUGMENTATION,YES,NONE,NOT_MENTIONED,,,
3319m6w7plu,1,makonin2012smarter,A Smarter Smart Home: Case Studies of Ambient Intelligence,"Makonin, Stephen and Bartram, Lyn and Popowich, Fred",2012,,58,6.8,Smart Intervention Framework,"A framework and case studies for ambient intelligence in sustainable homes that use ambient sensing and rule-based automation to control home systems (lighting, HVAC) based on occupancy and sleep detection",YES,"ADAIS,AMI",USECASE,"BEHAVIOURAL_CHANGE,AID_IN_ACTIVITY",HEALTH,HOME,,,,,,,,,EVENT,,"VISUAL,HEAT",HOUSEHOLD,MEDIUM,SCREEN,NA,NO,,MONTHS,IN_SITU,USERS,PROTOTYPE,"OBSERVATION,USAGE_STATISTIC",[NA],[NA],NONE,PUSH,AUGMENTATION,YES,FAILURE,NOT_MENTIONED,,,
33jc1brtnuf,1,streitzINFORMATIONDESIGNEXPERIENCE2005,INFORMATION DESIGN TO EXPERIENCE DESIGN: SMART ARTEFACTS AND THE DISAPPEARING COMPUTER,"Streitz, Norbert and Magerkurth, Carsten and Prante, Thorsten and Röcker, Carsten",2005,,62,4,Roomware,,,,,,,WORKPLACE,,,,,,,,,,,,,,,,NO,,,,,,,,,,,,,,,,,
33nbgbidst9,1,muller2015lighten,Lighten up!—An Ambient Light Progress Bar Using Individually Controllable LEDs,"Müller, Heiko and Kazakova, Anastasia and Heuten, Wilko and Boll, Susanne",2015,,4,0.7,Lighten up,A four-sided LED frame mounted behind a computer monitor that displays task progress over time via individually controllable LEDs reflected on the wall,YES,ADAIS,"PROTOTYPE,EVAL,USECASE","INCREASE_AWARENESS,AID_IN_ACTIVITY",EVENTS,WORKPLACE,,,,,,,,,EVENT,MAKE_AWARE,VISUAL,PUBLIC,MEDIUM,LED,ARTIFICIAL,YES,25,HOURS,IN_LAB,USERS,PROTOTYPE,QUESTIONNAIRE,QUESTIONNAIRE,OBJECTIVE,PERIPHERAL_ATTENTION,PRESENCE,PERIPHERAL_PLACEMENT,YES,NONE,NO,,,
33ntfd9xv2w,1,orlandicEffectivePrivacyfirstDisplay2019,"Effective, Privacy-First Display Advertising: Ambient Intelligence for Online Ambient Environments","Orlandic, R",2019,,1,0.7,,,,ADAIS,,,,,,,,,,,,,,,[NA],,,,,,,,,,,,,,,,,,,,,,
34433x0k6w7,1,leoneDetectingFalls3D2011,Detecting Falls with 3D Range Camera in Ambient Assisted Living Applications: A Preliminary Study,"Leone, A and Diraco, G and Siciliano, P",2011,,83,8.7,,,,,,ASSISTED_LIVING,,,,,,,,,,,,,,,,,,,,,,,,,,,,,,,,,,,
344ur9lpb4r,1,nakajimaDesigningPersuasiveAmbient2011,Designing Persuasive Ambient Mirrors to Motivate Desirable Lifestyle.,"Nakajima, Tatsuo",2011,,,0,EcoIsland,A display in the household showing a virtual island with family member avatars that floods as CO2 emissions rise,YES,ADAIS,"PROTOTYPE,USECASE,ISSUES",BEHAVIOURAL_CHANGE,"ENVIRONMENT,HEALTH",HOME,YES,CO2 emissions,LOCAL,Island sea level,,,,,CONTINUOUS,USER_POLL,VISUAL,FAMILY,HIGH,SCREEN,"ART,ASSOCIATED",NO,,,,,,,,,NONE,PRESENCE,PERIPHERAL_PLACEMENT,NO,NA,NOT_MENTIONED,,,
34hqr6qn6gb,1,schaubPriCalContextadaptivePrivacy2014,PriCal: Context-Adaptive Privacy in Ambient Calendar Displays,"Schaub, Florian and Könings, Bastian and Lang, Peter and Wiedersheim, Björn and Winkler, Christian and Weber, Michael",2014,,20,3.1,PriCal,A wall-mounted ambient calendar display that shows a user's schedule and adapts event visibility to present persons based on privacy preferences,YES,ADAIS,"PROTOTYPE,DEV,EVAL,USECASE","INCREASE_AWARENESS,AID_IN_ACTIVITY",EVENTS,WORKPLACE,,,,,,,,,CONTINUOUS,USER_POLL,VISUAL,PUBLIC,HIGH,SCREEN,"ASSOCIATED,ARTIFICIAL",NO,10,WEEKS,IN_SITU,"USERS,EXPERTS",PROTOTYPE,"QUESTIONNAIRE,INTERVIEW,OBSERVATION",[NA],SUBJECTIVE,NONE,PRESENCE,PERIPHERAL_PLACEMENT,YES,"FABRICATION,FAILURE",NOT_MENTIONED,,,
36epoy0zxco,1,ishiiTangibleBitsSeamless1997,"Tangible Bits: Towards Seamless Interfaces between People, Bits and Atoms","Ishii, Hiroshi and Ullmer, Brygg",1997,,5117,217.7,ambientROOM,"An augmented room using ambient media (light, sound, airflow, water movement) to convey background information at the periphery of perception, e.g. web-page activity as sound of rain or water ripples projected on the ceiling.",YES,"ADAIS,TUI",USECASE,INCREASE_AWARENESS,"EVENTS,SOCIAL",WORKPLACE,,,,,,,,,OBJECT,MAKE_AWARE,"VISUAL,AUDIO,AIRMOVE",PERSONAL,MEDIUM,SCREEN,"ART,ASSOCIATED",NO,,,,,,,,,NONE,PRESENCE,"PERIPHERAL_PLACEMENT,MIMICRY",YES,NOISE,NOT_MENTIONED,,,
37a1t3yqgay,1,schmidtDejaVuTechnologies2014,Déjà vu -- Technologies That Make New Situations Look Familiar: Position Paper,"Schmidt, Albrecht and Langheinrich, Marc and Davies, Nigel and Ward, Geoff",2014,,5,0.8,Déjà vu,Pin-board-style peripheral screens or projections in home/office that show media chunks about future situations to make them feel familiar,YES,ADAIS,"CONCEPT,USECASE","INCREASE_AWARENESS,AID_IN_ACTIVITY","EVENTS,SOCIAL,OTHER","HOME,WORKPLACE",,,,,,,,,CONTINUOUS,USER_POLL,VISUAL,HOUSEHOLD,HIGH,SCREEN,"ART,FAMILIAR",NO,,,,,,,,,MEMORY_OTHER,"PRESENCE,PULL","PERIPHERAL_PLACEMENT,CAMOUFLAGE",NO,NA,NOT_MENTIONED,,,
37hl8secdnk,1,kellerArtDesignEntertainment2004,"Art, Design \& Entertainment - Gust of Me: Reconnecting Mother and Son","Keller, I. and van der Hoog, W. and Stappers, P.J.",2004,,42,2.5,GustBowl,,,,,,SOCIAL,HOME,,,,,,,,,,,,FAMILY,,,,NO,,,,,,,,,,,,,,,,,
37j0c710tbm,1,poupyrev2002ambient,Ambient Touch: Designing Tactile Interfaces for Handheld Devices,"Poupyrev, Ivan and Maruyama, Shigeaki and Rekimoto, Jun",2002,,472,25.5,Notification through Touch,Six different vibration patterns encode different types of notification on smartphone,YES,ADAIS,USECASE,NOTIFICATION,EVENTS,WORKPLACE,YES,Event,VIRTUAL,Vibration Pattern,,Vibration Pattern,,SYMBOLIC,EVENT,MAKE_AWARE,HAPTIC,PERSONAL,LOW,MOTOR,ARTIFICIAL,NO,0,HOURS,IN_LAB,USERS,PROTOTYPE,QUESTIONNAIRE,[NA],[NA],COGNITIVE_LOAD,PUSH,"INVISIBILITY,PERIPHERAL_PLACEMENT",YES,NOISE,NOT_MENTIONED,,,
37wzl9h3cff,1,blumendorfFrameworkDevelopmentAdaptive2009,Towards a Framework for the Development of Adaptive Multimodal User Interfaces for Ambient Assisted Living Environments,"Blumendorf, Marco and Albayrak, Sahin",2009,,22,1.9,,,,,,ASSISTED_LIVING,,,,,,,,,,,,,,,,,,,,,,,,,,,,,,,,,,,
3827htuv5nz,1,houbenPhysikitDataEngagement2016,Physikit: Data Engagement Through Physical Ambient Visualizations in the Home,"Houben, Steven and Golsteijn, Connie and Gallacher, Sarah and Johnson, Rose and Bakker, Saskia and Marquardt, Nicolai and Capra, Licia and Rogers, Yvonne",2016,,80,17.8,Physikit: PhysiBuzz,A cubical ambient display that visualizes sensed environmental data through vibro-tactile feedback from six vibration motors.,YES,"IOT,ADAIS","PROTOTYPE,EVAL,USECASE","INCREASE_AWARENESS,NOTIFICATION",HEALTH,HOME,,,,,,,,,CONTINUOUS,MAKE_AWARE,"VISUAL,HAPTIC",HOUSEHOLD,MEDIUM,MOTOR,ARTIFICIAL,NO,5,WEEKS,IN_SITU,USERS,PROTOTYPE,"INTERVIEW,COMMENTS,OBSERVATION,USAGE_STATISTIC",[NA],SUBJECTIVE,NONE,"PUSH,PRESENCE","PERIPHERAL_PLACEMENT,CAMOUFLAGE",YES,NOISE,NOT_MENTIONED,,,
384d3wqga0s,1,sandersonEffectsAmbientMusic2005,The Effects of Ambient Music on Simulated Anaesthesia Monitoring,"Sanderson, P. M. and Tosh, N. and Philp, S. and Rudie, J. and Watson, M. O. and Russell, W. J.",2005,,26,1.7,,,,AS,,,HEALTH,MEDICAL,,,,,,,,,,,AUDIO,,,,,YES,,,,,,QUESTIONNAIRE,,,,,,,,,,,
38fkandlyrd,1,acamporaProposalUbiquitousFuzzy2008,A Proposal of Ubiquitous Fuzzy Computing for Ambient Intelligence,"Acampora, Giovanni and Loia, Vincenzo",2008,,73,5.8,,,,,,,,,,,,,,,,,,,,,,,,,,,,,,,,,,,,,,,,,
38m691gd0ms,1,gamechoTestingStandardInteroperability2011,Testing a Standard Interoperability Framework in an Ambient Assisted Living Scenario,"Gamecho, B and Abascal, J and Gardeazabal, L",2011,,2,0.2,,,,,,ASSISTED_LIVING,,,,,,,,,,,,,,,,,,,,,,,,,,,,,,,,,,,
38q0td18k9h,1,camarinha-matosCareServicesEcosystem2015,Care Services Ecosystem for Ambient Assisted Living,"Camarinha-Matos, LM and Rosas, J and Oliveira, AI",2015,,28,5.1,,,,,,ASSISTED_LIVING,,,,,,,,,,,,,,,,,,,,,,,,,,,,,,,,,,,
398rvt0ohq6,1,wichertChallengesLimitationsIntelligent2010,Challenges and Limitations of Intelligent Ambient Assisted Living Environments,"Wichert, R",2010,,8,0.8,,,,,,ASSISTED_LIVING,,,,,,,,,,,,,,,,,,,,,,,,,,,,,,,,,,,
39c69hfra7u,1,ngankamFormalSpecificationAmbient2017,Formal Specification for Ambient Assisted Living Scenarios,"Ngankam, Hubert Kenfack and Pigot, Hélène and Frappier, Marc and Oliveira, Camila H. and Giroux, Sylvain",2017,,3,0.9,,,,,,ASSISTED_LIVING,,,,,,,,,,,,,,,,,,,,,,,,,,,,,,,,,,,
39vbqqozvhn,1,kodaliLowCostAmbient2016,Low Cost Ambient Monitoring Using ESP8266,"Kodali, Ravi Kishore and Mahesh, Kopulwar Shishir",2016,,24,5.3,,,,AS,,,,,,,,,,,,,,,,,,,,,,,,,,,,,,,,,,,,,
3ai7nkyqvo7,1,mccarthyUniCastOutCastGroupCast2001,"UniCast, OutCast \& GroupCast: Three Steps Toward Ubiquitous, Peripheral Displays","McCarthy, Joseph F and Costa, Tony J and Liongosari, Edy S",2001,,232,11.9,GroupCast,A large shared public display in a common area that senses passersby via infrared badges and shows content of mutual interest to spark informal conversations,YES,ADAIS,"PROTOTYPE,USECASE","INCREASE_AWARENESS,OTHER",SOCIAL,WORKPLACE,,,,,,,,,USER,USER_POLL,VISUAL,PUBLIC,HIGH,SCREEN,ARTIFICIAL,NO,,,,,,,,,NONE,PRESENCE,PERIPHERAL_PLACEMENT,NO,NA,NOT_MENTIONED,,,
3baqsl4ux2p,1,kunnappillyAnalyzingAmbientAssisted2017,Analyzing Ambient Assisted Living Solutions: A Research Perspective,"Kunnappilly, A and Legay, A and Margaria, T",2017,,1,0.3,,,,,,ASSISTED_LIVING,,,,,,,,,,,,,,,,,,,,,,,,,,,,,,,,,,,
3d627cxauzp,1,torresLiveObjectsLeveragingTheatricality2016,LiveObjects: Leveraging Theatricality for an Expressive Internet of Things,"Torres, Cesar and O'Leary, Jasper and Paulos, Eric",2016,,2,0.4,LightWire,An illuminated spinning optic fiber that forms light bodies from social (Twitter) data via persistence-of-vision,YES,"IOT,ADAIS","PROTOTYPE,CONCEPT",INCREASE_AWARENESS,SOCIAL,OTHER,,,,,,,,,CONTINUOUS,MAKE_AWARE,"VISUAL,POS",PUBLIC,MEDIUM,"MOTOR,LED",ART,NO,,,,,,,,,NONE,PRESENCE,PERIPHERAL_PLACEMENT,YES,NONE,NOT_MENTIONED,,,
3dtu5q7670i,1,pohlAroundDeviceDevicesMy2014,Around-Device Devices: My Coffee Mug Is a Volume Dial,"Pohl, Henning and Rohs, Michael",2014,,22,3.4,,,,TUI,,,,HOME,,,,,,,,,,,,,,,,NO,,,,,,,,,,,,,,,,,
3ee128l2jm9,1,fariaTestingCertificationMethodology2013,A Testing and Certification Methodology for an Ambient-Assisted Living Ecosystem,"Faria, Joao Pascoal and Lima, Bruno and Sousa, Tiago Boldt and Martins, Angelo",2013,,5,0.7,,,,,,ASSISTED_LIVING,,,,,,,,,,,,,,,,,,,,,,,,,,,,,,,,,,,
3eqkqqh3muj,1,visserSnowGlobeDevelopmentPrototype2010,SnowGlobe: The Development of a Prototype Awareness System for Longitudinal Field Studies,"Visser, Thomas and Vastenburg, Martijn and Keyson, David",2010,,19,1.8,SnowGlobe,,,,,INCREASE_AWARENESS,,"WORKPLACE,HOME",,,,,,,,,,,,,,,,YES,,,,,,"INTERVIEW,QUESTIONNAIRE",,,,,,,,,,,
3f2eutvjvhu,1,oakesMuscleMemoryIdentifyingScope2015,MuscleMemory: Identifying the Scope of Wearable Technology in High Intensity Exercise Communities,"Oakes, Kim and Siek, Katie and MacLeod, Haley",2015,,12,2.2,MuscleMemory,A wearable neoprene knee sleeve with LEDs that detects knee bend and visually displays squat depth feedback,YES,ADAIS,"PROTOTYPE,USECASE,EVAL","AID_IN_ACTIVITY,INCREASE_AWARENESS",HEALTH,MEDICAL,,,,,,,,,USER,USER_POLL,VISUAL,PERSONAL,MEDIUM,LED,ASSOCIATED,YES,14,HOURS,"IN_SITU,IN_PRESENTATION",USERS,PROTOTYPE,INTERVIEW,[NA],[NA],NONE,PRESENCE,"AUGMENTATION,PERIPHERAL_PLACEMENT",YES,OTHER,NOT_MENTIONED,,,
3f2ug7r09bu,1,plummerSoundEarNoiseWarning2019,SoundEar Noise Warning Devices Cause a Sustained Reduction in Ambient Noise in Adult Critical Care,"Plummer, Nicholas Russell and Herbert, Anna and Blundell, James Edward and Howarth, Rachel and Baldwin, Jacqueline and Laha, Shondipon",2019,,10,6.7,SoundEar,Traffic Light to show ambient sound levels,YES,ADAIS,"EVAL,USECASE",BEHAVIOURAL_CHANGE,HEALTH,MEDICAL,YES,Sound Levels,LOCAL,Traffic Light,,,,INDEXICAL,CONTINUOUS,MAKE_AWARE,VISUAL,GROUP,LOW,LED,FAMILIAR,YES,,MONTHS,IN_SITU,USERS,FINAL,COMMENTS,[NA],OBJECTIVE,NONE,PRESENCE,PERIPHERAL_PLACEMENT,NO,NA,NOT_MENTIONED,,,
3f5l1n3i5ak,1,lopez-de-ipinaElderCareInteractiveTVbased2011,ElderCare: An Interactive TV-based Ambient Assisted Living Platform,"López-de-Ipiña, Diego and Blanco, Sergio and Laiseca, Xabier and Díaz-de-Sarralde, Ignacio",2011,,25,2.6,ElderCare,,,,,ASSISTED_LIVING,,,,,,,,,,,,,,,,,,,,,,,,,,,,,,,,,,,
3fggzs4web2,1,klucknerExploringPersuasionHome2013,Exploring Persuasion in the Home: Results of a Long-Term Study on Energy Consumption Behavior,"Kluckner, Patricia M. and Weiss, Astrid and Schrammel, Johann and Tscheligi, Manfred",2013,,18,2.4,FORE-Watch,A tablet-based ambient persuasive display shaped like a kitchen clock that shows energy forecast and consumption feedback using a traffic-light color code,YES,ADAIS,"EVAL,USECASE,PROTOTYPE","BEHAVIOURAL_CHANGE,INCREASE_AWARENESS",RESOURCES,"HOME,WORKPLACE",,,,,,,,,CONTINUOUS,USER_POLL,VISUAL,HOUSEHOLD,HIGH,SCREEN,"FAMILIAR,ASSOCIATED",YES,28,MONTHS,IN_SITU,USERS,PROTOTYPE,QUESTIONNAIRE,[NA],"SUBJECTIVE,OBJECTIVE",NONE,PRESENCE,AUGMENTATION,NO,NA,NOT_MENTIONED,,,
3gvb7yxpg51,1,ostendorpAmbientTelephonyDesigning2009,Ambient Telephony: Designing a Communication System for Enhancing Social Presence in Home Mediated Communication,"Emparanza, Jorge Peregrin and Dadlani, Pavan and de Ruyter, Boris and Harma, Aki",2009,,6,0.5,ambiPhone,Distributed hands-free speakerphone rendering units that glow in a pre-set color representing the remote caller as sound follows the user around the home,YES,ADAIS,"PROTOTYPE,USECASE,EVAL",OTHER,SOCIAL,HOME,,,,,,,,,EVENT,MAKE_AWARE,"VISUAL,AUDIO",HOUSEHOLD,MEDIUM,"LED,SPEAKER",ARTIFICIAL,YES,26,HOURS,IN_LAB,USERS,PROTOTYPE,"QUESTIONNAIRE,INTERVIEW,COMMENTS,OBSERVATION",[NA],[NA],NONE,"PUSH,PRESENCE","INVISIBILITY,PERIPHERAL_PLACEMENT",YES,NOISE,NOT_MENTIONED,,,
3gyrp366pnl,1,yinActivityAnalysisHidden2012,Activity Analysis with Hidden Markov Model for Ambient Assisted Living,"Yin, GQ and Bruckner, D",2012,,7,0.8,,,,,,ASSISTED_LIVING,,,,,,,,,,,,,,,,,,,,,,,,,,,,,,,,,,,
3h7vmg4j22t,1,schwiegelshohnHolisticApproachAdvancing2015,A Holistic Approach for Advancing Robots in Ambient Assisted Living Environments,"Schwiegelshohn, Fynn and Wehner, Philipp and Rettkowski, Jens and Gohringer, Diana and Hubner, Michael and Keramidas, Georgios and Antonopoulos, Christos and Voros, Nikolaos S.",2015,,14,2.5,,,,,,ASSISTED_LIVING,,,,,,,,,,,,,,,,,,,,,,,,,,,,,,,,,,,
3hq06k0mtt6,1,wettach2007thermal,A Thermal Information Display for Mobile Applications,"Wettach, Reto and Behrens, Christian and Danielsson, Adam and Ness, Thomas",2007,,53,3.9,Untitled,,,,,,,,,,,,,,,,,,HEAT,,,,,NO,,,,,,,,,,,,,,,,,
3ikf7xytnw4,1,sheltonWaveWatchDevelopingAmbient2016,WaveWatch – Developing an Ambient Display of Web Traffic,"Shelton, B and Nesbitt, K",2016,,,0,WaveWatch,A large wall-mounted LCD screen showing pre-rendered 3D ocean waves whose turbulence reflects real-time website traffic,YES,ADAIS,"PROTOTYPE,DEV,USECASE,ISSUES","INCREASE_AWARENESS,OTHER",OTHER,WORKPLACE,,,,,,,,,CONTINUOUS,MAKE_AWARE,VISUAL,GROUP,HIGH,SCREEN,ART,YES,15,WEEKS,IN_SITU,USERS,PROTOTYPE,"QUESTIONNAIRE,COMMENTS,HEURISTIC_EVALUATION",[NA],[NA],NONE,PRESENCE,"CAMOUFLAGE,MIMICRY",NO,NA,NOT_MENTIONED,,,
3lbginv4x5p,1,hauerBewertungVonAALAmbient-Assisted-Living-Systemen2018,Bewertung von AAL-Ambient-Assisted-Living-Systemen Bei Personen Mit Kognitiver Schädigung: Match vs. Mismatch,"Hauer, K",2018,,4,1.6,,,,,,ASSISTED_LIVING,,,,,,,,,,,,,,,,,,,,,,,,,,,,,,,,,,,
3ld18wwq325,1,bygholmLearningAmbientAssisted2014,Learning from an Ambient Assisted Living Lab: The Case of the Intelligent Bed.,"Bygholm, A and Kanstrup, AM",2014,,3,0.5,,,,,,ASSISTED_LIVING,,,,,,,,,,,,,,,,,,,,,,,,,,,,,,,,,,,
3ly73n4pvrm,1,andoAdvancedSensingSolutions2020,Advanced Sensing Solutions for Ambient Assisted Living: The NATIFLife Framework,"Andò, B and Baglio, S and Castorina, S",2020,,,0,NATIFLife,,,,,ASSISTED_LIVING,,,,,,,,,,,,,,,,,,,,,,,,,,,,,,,,,,,
3maeyahj2k,1,matejkaAmbientHelp2011,Ambient Help,"Matejka, Justin and Grossman, Tovi and Fitzmaurice, George",2011,,53,5.6,,,,,,,,,,,,,,,,,,,VISUAL,,,SCREEN,,NO,,,,,,,,,,,,,,,,,
3nk2wkhmn9q,1,sharkeyDisplayAircraftState2000,Display of Aircraft State Information for Ambient Vision Processing Using Helmet Mounted Displays:,"Sharkey, Thomas J. and Hennessy, Robert T. and Marlow, Thomas W.",2000,,3,0.1,Ambient Vision HMD Display,Helmet-mounted display presenting aircraft state information as moving objects in the pilot's peripheral field of view for ambient vision processing,YES,ADAIS,"PROTOTYPE,EVAL,USECASE","AID_IN_ACTIVITY,INCREASE_AWARENESS",OTHER,TRANSPORT,,,,,,,,,CONTINUOUS,USER_POLL,VISUAL,PERSONAL,MEDIUM,SCREEN,ARTIFICIAL,YES,,HOURS,IN_LAB,"USERS,EXPERTS",PROTOTYPE,"QUESTIONNAIRE,TASK_PERFORMANCE,COMMENTS",QUESTIONNAIRE,OBJECTIVE,PERIPHERAL_ATTENTION,PRESENCE,PERIPHERAL_PLACEMENT,YES,NONE,NOT_MENTIONED,,,
3odv8gwaugl,1,ferroUniversAALPlatformAAL2015,The UniversAAL Platform for AAL (Ambient Assisted Living),"Ferro, Erina and Girolami, Michele and Salvi, Dario and Mayer, Christopher and Gorman, Joe and Grguric, Andrej and Ram, Roni and Sadat, Rubaiyat and Giannoutakis, Konstantinos M. and Stocklöw, Carsten",2015,,25,4.5,,,,,,ASSISTED_LIVING,,,,,,,,,,,,,,,,,,,,,,,,,,,,,,,,,,,
3r53rg74j62,1,garcia2009hinteractions,HINTeractions: Facilitating Informal Knowledge Exchange in Physical and Social Space,"Garcia-Perate, Gonzalo and Agarwal, Pragya and Wilson, Duncan",2009,,4,0.3,HINTeractions,RGB LED displays fixed underneath public seats that show seat availability and usage patterns via color and light intensity,YES,ADAIS,"CONCEPT,PROTOTYPE",INCREASE_AWARENESS,"SOCIAL,RESOURCES",URBAN,,,,,,,,,CONTINUOUS,USER_POLL,VISUAL,PUBLIC,MEDIUM,LED,"AUGMENTATION,ASSOCIATED",NO,,,,,,,,,NONE,PRESENCE,AUGMENTATION,YES,NONE,NOT_MENTIONED,,,
3sw8djqxk8c,1,hindusCasablancaDesigningSocial2001,Casablanca: Designing Social Communication Devices for the Home,"Hindus, Debby and Mainwaring, Scott D. and Leduc, Nicole and Hagström, Anna Elizabeth and Bayley, Oliver",2001,,378,19.4,Lampshade,An accent lamp whose lampshade displays user-chosen color and foreground image to indicate remote person's intentional presence,YES,ADAIS,PROTOTYPE,INCREASE_AWARENESS,SOCIAL,HOME,,,,,,,,,USER,USER_POLL,VISUAL,FAMILY,MEDIUM,SCREEN,FAMILIAR,NO,,HOURS,IN_PRESENTATION,EXPERTS,PROTOTYPE,COMMENTS,[NA],[NA],NONE,PRESENCE,AUGMENTATION,YES,NONE,NOT_MENTIONED,,,
3t4jrkgyx4g,1,hammerDesignLifestyleRecommender2015,Design of a Lifestyle Recommender System for the Elderly: Requirement Gatherings in Germany and Greece,"Hammer, Stephan and Seiderer, Andreas and André, Elisabeth and Rist, Thomas and Kastrinaki, Sofia and Hondrou, Charline and Raouzaiou, Amaryllis and Karpouzis, Kostas and Kollias, Stefanos",2015,,17,3.1,CARE,,,,,ASSISTED_LIVING,HEALTH,MEDICAL,,,,,,,,,,,,,,,,NO,,,,,,,,,,,,,,,,,
3t8kmrycguz,1,fujitaAmbientSuiteEnhancing2011,Ambient Suite: Enhancing Communication among Multiple Participants,"Fujita, Kazuyuki and Kishino, Fumio and Itoh, Yuichi and Ohsaki, Hiroyuki and Ono, Naoaki and Kagawa, Keiichiro and Takashima, Kazuki and Tsugawa, Sho and Nakajima, Kosuke and Hayashi, Yusuke",2011,,9,0.9,Ambient Suite,Improve standing-party situation,,,,,SOCIAL,SOCIAL,,,,,,,,,,,VISUAL,,,PROJECTION,,YES,,,,,,QUESTIONNAIRE,,,,,,,,,,,
3tafw7zyoau,1,mirjalolAuthenticationProtocolSmartphone2018,An Authentication Protocol for Smartphone Integrated Ambient Assisted Living System,"Mirjalol, Salimov and Whangbo, Taeg Keun",2018,,,0,,,,,,ASSISTED_LIVING,,,,,,,,,,,,,,,,,,,,,,,,,,,,,,,,,,,
3u43ky1t8zf,1,dehertLegalSafeguardsPrivacy2009,Legal Safeguards for Privacy and Data Protection in Ambient Intelligence,"De Hert, Paul and Gutwirth, Serge and Moscibroda, Anna and Wright, David and González Fuster, Gloria",2009,,56,4.9,,,,AMI,,,,,,,,,,,,,,,,,,,,NO,,,,,,,,,,,,,,,,,
3udg1myj1u5,1,wessigTelemonitoringUndAmbient2011,Telemonitoring Und Ambient Assisted Living: Anforderungen Und Visionen,"Wessig, K",2011,,5,0.5,,,,AS,,ASSISTED_LIVING,,,,,,,,,,,,,,,,,,,,,,,,,,,,,,,,,,,
3urev5qxub9,1,ferschaMatterTaste2007,A Matter of Taste,"Ferscha, Alois",2007,,24,1.8,A Matter of Taste (IAS Software Framework),A user-centered participatory informative art system that displays sensor-derived context information as dynamically varying visual symbols embedded into user-chosen artwork themes on a canvas/screen.,YES,ADAIS,"CONCEPT,DEV,PROTOTYPE",INCREASE_AWARENESS,HEALTH,HOME,,,,,,,,,CONTINUOUS,CHANGE_BLIND,VISUAL,GROUP,HIGH,SCREEN,ART,NO,20,HOURS,IN_PRESENTATION,USERS,PROTOTYPE,QUESTIONNAIRE,[NA],[NA],"SALIENCE,COGNITIVE_LOAD",PRESENCE,CAMOUFLAGE,NO,NA,NOT_MENTIONED,,,
3uss9fp386i,1,biHeuristicVirtualMachine2016,Heuristic Virtual Machine Allocation for Multi-Tier Ambient Assisted Living Applications in a Cloud Data Center,"Bi, J and Yuan, H and Tie, M and Song, X",2016,,3,0.7,,,,,,ASSISTED_LIVING,,,,,,,,,,,,,,,,,,,,,,,,,,,,,,,,,,,
3vk63046zsp,1,nourDistributedICNBasedIoT2017,A Distributed ICN-Based IoT Network Architecture: An Ambient Assisted Living Application Case Study,"Nour, Boubakr and Sharif, Kashif and Li, Fan and Moungla, Hassine",2017,,25,7.1,,,,IOT,,ASSISTED_LIVING,,,,,,,,,,,,,,,,,,,,,,,,,,,,,,,,,,,
3vnpycztrmj,1,murabetAmbientAssistedLiving2020,Ambient Assisted Living System’s Models and Architectures: A Survey of the State of the Art,"murabet, Amina El and Abtoy, Anouar and Touhafi, Abdellah and Tahiri, Abderahim",2020,,22,44,,,,,,ASSISTED_LIVING,,,,,,,,,,,,,,,,,,,,,,,,,,,,,,,,,,,
3vxzwq44qo6,1,udoMicrosystemTechnologyAmbient2009,Microsystem Technology for Ambient Assisted Living (AAL),"Udo, W and Rebecca, S and Nicolae, B and Thomas, H and Wolfang, S",2009,,1,0.1,,,,,,ASSISTED_LIVING,,,,,,,,,,,,,,,,,,,,,,,,,,,,,,,,,,,
3wf3d4tpzyb,1,figueiredoAutonomySuitabilityWireless2010,"Autonomy Suitability of Wireless Modules for Ambient Assisted Living Applications: WiFi, Zigbee, and Proprietary Devices","Figueiredo, Celso P. and Gama, Óscar S. and Pereira, Carlos M. and Mendes, Paulo M. and Silva, Sérgio and Domingues, Leonel and Hoffmann, K.-P.",2010,,25,2.4,,,,,,ASSISTED_LIVING,,,,,,,,,,,,,,,,,,,,,,,,,,,,,,,,,,,
3wj4usnw281,1,andrushevichZigBeeIEEE802152009,ZigBee/IEEE 802.15. 4 Technologies in Ambient Assisted Living Applications,"Andrushevich, A and Kistler, R and Bieri, M",2009,,8,0.7,,,,,,ASSISTED_LIVING,,,,,,,,,,,,,,,,,,,,,,,,,,,,,,,,,,,
3x8qm2n78pf,1,ishiiTangibleBitsSeamless1997,"Tangible Bits: Towards Seamless Interfaces between People, Bits and Atoms","Ishii, Hiroshi and Ullmer, Brygg",1997,,5117,217.7,transBOARD,,YES,TUI,USECASE,,,WORKPLACE,,,,,,,,,,,,,,,,NO,,,,,,,,,,,,,,,,,
3yd0xuymgqs,1,kofod2010proxies,Proxies for Privacy in Ambient Systems,"Kofod-Petersen, Anders and Cassens, Jörg",2010,,11,1,,,,,,INCREASE_AWARENESS,HEALTH,,,,,,,,,,,,,,,,,NO,,,,,,,,,,,,,,,,,
40f3irul7s5,1,lesselWatercoasterDeviceEncourage2016,Watercoaster: A Device to Encourage People in a Playful Fashion to Reach Their Daily Water Intake Level,"Lessel, Pascal and Altmeyer, Maximilian and Kerber, Frederic and Barz, Michael and Leidinger, Cornelius and Krüger, Antonio",2016,,13,2.9,Watercoaster,Encourage drinking water,,,,BEHAVIOURAL_CHANGE,HEALTH,,,,,,,,,,,,,,,,,YES,,,,,,QUESTIONNAIRE,,,,,,,,,,,
40giabosz6i,1,bravoThemeIssueUbiquitous2011,Theme Issue: “Ubiquitous Computing and Ambient Intelligence”,"Bravo, José and Fuentes, Lidia and de Ipiña, Diego López",2011,,31,3.3,,,,,,,,,,,,,,,,,,,,,,,,,,,,,,,,,,,,,,,,,
40ihwtb8gv,1,keysonAmbientIntelligenceSecond2011,"Ambient Intelligence: Second International Joint Conference on AmI 2011, Amsterdam, The Netherlands, November 16-18, 2011. Proceedings",,2011,,,0,,,,AMI,,"INCREASE_AWARENESS,BEHAVIOURAL_CHANGE","RESOURCES,HEALTH","WORKPLACE,EDUCATION",,,,,,,,,,,,,,,,YES,,,,,,,,,,,,,,,,,
40w31xzui9n,1,lubosAmbiculusLEDbasedLowresolution2016,Ambiculus: LED-based Low-Resolution Peripheral Display Extension for Immersive Head-Mounted Displays,"Lubos, Paul and Bruder, Gerd and Ariza, Oscar and Steinicke, Frank",2016,,8,1.8,Ambiculus,An array of RGB LEDs mounted around the central display of a head-mounted display to provide low-resolution peripheral visual stimulation,YES,ADAIS,"PROTOTYPE,DEV,EVAL","BEHAVIOURAL_CHANGE,INCREASE_AWARENESS","ENVIRONMENT,SAFETY",OTHER,,,,,,,,,CONTINUOUS,MAKE_AWARE,VISUAL,PERSONAL,MEDIUM,LED,ARTIFICIAL,NO,15,HOURS,IN_LAB,USERS,PROTOTYPE,"QUESTIONNAIRE,COMMENTS,TASK_PERFORMANCE",[NA],"OBJECTIVE,SUBJECTIVE",PERIPHERAL_ATTENTION,PRESENCE,PERIPHERAL_PLACEMENT,YES,NONE,NOT_MENTIONED,,,
41awpig2m7l,1,nagyAnytimeVoiceControlled2015,An Anytime Voice Controlled Ambient Assisted Living System for Motion Disabled Persons,"Nagy, Gabriella and Varkonyi-Koczy, Annamaria R. and Toth, Janos",2015,,6,1.1,,,,,,ASSISTED_LIVING,,,,,,,,,,,,,,,,,,,,,,,,,,,,,,,,,,,
41ep6tb3ppy,1,moscaHumanWalkingBehavior2017,Human Walking Behavior Detection with a RGB-D Sensors Network for Ambient Assisted Living Applications.,"Mosca, N and Renó, V and Marani, R and Nitti, M and D'Orazio, T",2017,,3,0.9,,,,AS,,ASSISTED_LIVING,,,,,,,,,,,,,,,,,,,,,,,,,,,,,,,,,,,
421lxdbf38e,1,andoAmbientAssistedLiving2015,Ambient Assisted Living: Italian Forum 2014,"Andò, B and Siciliano, P and Marletta, V and Monteriù, A",2015,,8,1.5,,,,,,ASSISTED_LIVING,,,,,,,,,,,,,,,,,,,,,,,,,,,,,,,,,,,
43ag5ehry9b,1,alemdarMultiresidentHumanBehaviour2014,Multi-Resident Human Behaviour Identification in Ambient Assisted Living Environments,"Alemdar, Hande",2014,,5,0.8,,,,,,ASSISTED_LIVING,,,,,,,,,,,,,,,,,,,,,,,,,,,,,,,,,,,
43igor6cwzj,1,herasArgumentationbasedPersonalAssistants2018,Argumentation-Based Personal Assistants for Ambient Assisted Living,"Heras, Stella and Palanca, Javier and Chesñevar, Carlos Iván",2018,,3,1.2,,,,,,ASSISTED_LIVING,,,,,,,,,,,,,,,,,,,,,,,,,,,,,,,,,,,
43zd5ipyqbc,1,nazemzadehIndoorPositionTracking2013,An Indoor Position Tracking Technique Based on Data Fusion for Ambient Assisted Living,"Nazemzadeh, Payam and Fontanelli, Daniele and Macii, David",2013,,14,1.9,,,,,,ASSISTED_LIVING,,,,,,,,,,,,,,,,,,,,,,,,,,,,,,,,,,,
44796i6hrv7,1,russellBuildingDisappearingComputers2005,Building Disappearing Computers,"Russell, Daniel M. and Streitz, Norbert A. and Winograd, Terry",2005,,141,9.1,,,,,,,,WORKPLACE,,,,,,,,,,,,,,,,NO,,,,,,,,,,,,,,,,,
44fvh6j57x3,1,wuAsynchronousFlowScheduling2015,Asynchronous Flow Scheduling for Green Ambient Assisted Living Communications,"Wu, D and Cai, Y and Guizani, M",2015,,6,1.1,,,,,,ASSISTED_LIVING,,,,,,,,,,,,,,,,,,,,,,,,,,,,,,,,,,,
44q7j1k0kcx,1,bohlenOfficePlant11998,Office Plant \#1: Intimate Space and Contemplative Entertainment,"Bohlen, Marc and Mateas, Michael",1998,,31,1.4,Office Plant #1,A robotic plant-like sculpture that monitors ambient light and its owner's email activity and responds with movement and sound,YES,ADAIS,"PROTOTYPE,USECASE",OTHER,"EVENTS,SOCIAL",WORKPLACE,,,,,,,,,EVENT,CHANGE_BLIND,VISUAL,PERSONAL,MEDIUM,"MOTOR,SPEAKER,ROBOT",FAMILIAR,NO,,,,,,,,,NONE,PRESENCE,"CAMOUFLAGE,MIMICRY",YES,NONE,NOT_MENTIONED,,,
46htemzqq08,1,saundersAmbientDisplayNetwork2005,Ambient Display of Network Intrusion Status Information,"Saunders, P and Gossett, N and Interrante, V and Chen, B",2005,,1,0.1,Ambient Display of Network Intrusion Status Information,"An on-screen ambient visualization showing per-host network status using Gaussian spot glyphs that change color, size, and markers to convey traffic and intrusion alerts",YES,ADAIS,"PROTOTYPE,USECASE,DEV","INCREASE_AWARENESS,NOTIFICATION","SAFETY,OTHER",WORKPLACE,,,,,,,,,CONTINUOUS,MAKE_AWARE,VISUAL,GROUP,HIGH,SCREEN,ARTIFICIAL,NO,,,,,,,,,SALIENCE,"PRESENCE,PUSH",PERIPHERAL_PLACEMENT,NO,NA,NOT_MENTIONED,,,
46jcf2pe0gm,1,park1UnderstandingDynamicDesign2007,Understanding Dynamic Design Elements for Information Representation of Ambient Media,"Park¹, JY and Nam¹, TJ",2007,,5,0.4,Dynamic Design Elements for Ambient Media,"A conceptual framework identifying dynamic design elements (tempo, direction, rhythm, volume) for representing information in ambient media",NO,ADAIS,"CONCEPT,DEFTAX",INCREASE_AWARENESS,OTHER,OTHER,,,,,,,,,,,[NA],,,,,NO,,,,,,,,,NONE,,,NA,NA,NA,,,
47y1296hzkq,1,balaamEnhancingInteractionalSynchrony2011,Enhancing Interactional Synchrony with an Ambient Display,"Balaam, Madeline and Fitzpatrick, Geraldine and Good, Judith and Harris, Eric",2011,,45,4.7,Holiday Planning,Wall-projected water visual surrounding a world map that produces ripples in response to nonverbal behaviours associated with rapport during a holiday-planning task,YES,ADAIS,"EVAL,USECASE,PROTOTYPE",BEHAVIOURAL_CHANGE,SOCIAL,SOCIAL,,,,,,,,,EVENT,CHANGE_BLIND,VISUAL,PARTNERSHIP,LOW,SCREEN,"ART,ASSOCIATED",YES,28,HOURS,IN_LAB,USERS,WOZ,"INTERVIEW,QUESTIONNAIRE",[NA],OBJECTIVE,AWARENESS_CONSCIOUSNESS,PRESENCE,"CAMOUFLAGE,PERIPHERAL_PLACEMENT",NO,NA,NOT_MENTIONED,,,
48c1q9h2ggn,1,fuentesPromotingSelfReflectionSocial2014,Promoting Self-Reflection of Social Isolation Through Persuasive Mobile Technologies: The Case of Mother Caregivers of Children With Cancer,"Fuentes, Carolina and Hernandez, Carlos and Escobedo, Lizbeth and Herskovic, Valeria and Tentori, Monica",2014,,11,1.7,EmotionMingle,"A mobile/situated display showing a tree metaphor visualization representing the status of a caregiver's social network, emotions and lifestyle, alongside Facebook photos",YES,ADAIS,"PROTOTYPE,USECASE,CONCEPT",BEHAVIOURAL_CHANGE,"SOCIAL,HEALTH","MEDICAL,WORKPLACE",,,,,,,,,CONTINUOUS,MAKE_AWARE,VISUAL,PERSONAL,HIGH,SCREEN,"FAMILIAR,ASSOCIATED",YES,6,HOURS,IN_PRESENTATION,USERS,SIMULATION,"INTERVIEW,QUESTIONNAIRE",[NA],[NA],NONE,"PRESENCE,PUSH","PERIPHERAL_PLACEMENT,CAMOUFLAGE",NO,NA,NOT_MENTIONED,,,
48hpf70muol,1,carneiroCasebasedReasoningDecision2009,Case-Based Reasoning Decision Making in Ambient Assisted Living,"Carneiro, Davide and Novais, Paulo and Costa, Ricardo and Neves, José",2009,,8,0.7,,,,,,ASSISTED_LIVING,,,,,,,,,,,,,,,,,,,,,,,,,,,,,,,,,,,
48kr13hzvgk,1,maranProactiveDomainData2015,Proactive Domain Data Querying Based on Context Information in Ambient Assisted Living Environments,"Maran, Vinícius and Machado, Alencar and Augustin, Iara and Wives, Leandro Krug and de Oliveira, José Palazzo M.",2015,,6,1.1,,,,,,ASSISTED_LIVING,,,,,,,,,,,,,,,,,,,,,,,,,,,,,,,,,,,
48wj716zbuk,1,sixsmithGerontologicalPerspectivesAmbient2012,Gerontological Perspectives on Ambient Assisted Living.,"Sixsmith, A",2012,,3,0.4,,,,,,ASSISTED_LIVING,,,,,,,,,,,,,,,,,,,,,,,,,,,,,,,,,,,
49bvounttid,1,frankMonitoringTechnologiesBuildings2015,Monitoring Technologies for Buildings Equipped with Ambient Assisted Living: Current Status and Where Next,"Frank, Susanne and Labonnote, Nathalie",2015,,4,0.7,,,,AS,,ASSISTED_LIVING,,,,,,,,,,,,,,,,,,,,,,,,,,,,,,,,,,,
4arnuv1ew5h,1,liuWiredinUsingVisual2014,Wiredin: Using Visual Feedback to Support Task Resumption,"Liu, Yikun and Pfaff, Mark S.",2014,,1,0.2,Wiredin,On-screen visual feedback (a dynamically withering flower/progress bar) in the user's peripheral vision representing suspended task status to encourage task resumption,YES,ADAIS,"PROTOTYPE,EVAL,USECASE",INCREASE_AWARENESS,"EVENTS,OTHER",WORKPLACE,,,,,,,,,CONTINUOUS,MAKE_AWARE,VISUAL,PERSONAL,HIGH,SCREEN,"ART,ARTIFICIAL",YES,30,HOURS,"IN_LAB,IN_SITU",USERS,PROTOTYPE,"INTERVIEW,QUESTIONNAIRE",QUESTIONNAIRE,OBJECTIVE,NONE,PRESENCE,PERIPHERAL_PLACEMENT,NO,NA,NOT_MENTIONED,,,
4b5cwd5uli8,1,hossainSensingAlertingPathway2016,From Sensing to Alerting: A Pathway of RESTful Messaging in Ambient Assisted Living,"Hossain, M. Anwar and Parra, Jorge and Rahman, Sk Md Mizanur and Alamri, Atif and Ullah, Sana and Mouftah, Hussein T.",2016,,8,1.8,,,,,,ASSISTED_LIVING,,,,,,,,,,,,,,,,,,,,,,,,,,,,,,,,,,,
4b8yvkfer5,1,gavrilMultimodalInterfaceAmbient2017,Multimodal Interface for Ambient Assisted Living,"Gavril, Alexandru Florin and Trascau, Mihai and Mocanu, Irina",2017,,1,0.3,,,,,,ASSISTED_LIVING,,,,,,,,,,,,,,,,,,,,,,,,,,,,,,,,,,,
4bjecyo5pvu,1,teixeiraW3CMMIArchitecture2013,W3C MMI Architecture as a Basis for Enhanced Interaction for Ambient Assisted Living,"Teixeira, A and Almeida, N and Pereira, C and e Silva, MO",2013,,13,1.7,,,,,,ASSISTED_LIVING,,,,,,,,,,,,,,,,,,,,,,,,,,,,,,,,,,,
4czalyiph1p,1,boehnerAffectivePresenceMuseums2005,Affective Presence in Museums: Ambient Systems for Creative Expression,"Boehner, Kirsten and Sengers, Phoebe and Gay, Geri",2005,,18,1.2,,,,,,,,WORKPLACE,,,,,,,,,,,,,,,,NO,,,,,,,,,,,,,,,,,
4dkhsbmzmkf,1,nazarioApproachEvaluatingQuality2014,An Approach to Evaluating Quality of Context Parameters in an Ambient Assisted Living Environment,"Nazário, DC and Boas, IV and Dantas, MAR",2014,,2,0.3,,,,,,ASSISTED_LIVING,,,,,,,,,,,,,,,,,,,,,,,,,,,,,,,,,,,
4dyf2llojcl,1,zaricAmbientAssistedLiving2016,Ambient Assisted Living Systems in the Context of Human Centric Sensing and IoT Concept: EWall Case Study,"Žarić, N and Djurišić, MP and Mihovska, A",2016,,6,1.3,,,,IOT,,ASSISTED_LIVING,,,,,,,,,,,,,,,,,,,,,,,,,,,,,,,,,,,
4fd80e2ogbp,1,kelleAmbientDisplaysGame2010,Ambient Displays and Game Design Patterns,"Kelle, Sebastian and Börner, Dirk and Kalz, Marco and Specht, Marcus",2010,,6,0.6,Mister X Social Learning Game,Information displays/screens in a seminar venue showing clues about a hidden person to support a social ubiquitous learning game,YES,ADAIS,PROTOTYPE,"INCREASE_AWARENESS,AID_IN_ACTIVITY","SOCIAL,EVENTS","EDUCATION,SOCIAL",,,,,,,,,CONTINUOUS,USER_POLL,VISUAL,GROUP,HIGH,SCREEN,ARTIFICIAL,YES,,DAYS,IN_SITU,USERS,PROTOTYPE,QUESTIONNAIRE,[NA],"SUBJECTIVE,OBJECTIVE",NONE,"PUSH,PRESENCE",PERIPHERAL_PLACEMENT,NO,NA,NOT_MENTIONED,,,
4gbb3n3usq5,1,nouryFusionMultipleSensors2012,Fusion of Multiple Sensors Sources in a Smart Home to Detect Scenarios of Activities in Ambient Assisted Living,"Noury, Norbert and Barralon, Pierre and Vuillerme, Nicolas and Fleury, Anthony",2012,,13,1.5,,,,AS,,ASSISTED_LIVING,,,,,,,,,,,,,,,,,,,,,,,,,,,,,,,,,,,
4h99w03uf7r,1,knaup-gregoriIndividualisierteGesundheitsportaleAls2009,Individualisierte Gesundheitsportale Als Zentrale IT-Komponenten Für Ambient Assisted Living: Motivation Und Anforderungen,"Knaup-Gregori, P and Ecker, M and Albashiti, F",2009,,3,0.3,,,,,,ASSISTED_LIVING,,,,,,,,,,,,,,,,,,,,,,,,,,,,,,,,,,,
4hdbkjkfegd,1,rodriguezAmbientGamificationAutomobile2014,Ambient Gamification of Automobile Driving to Encourage Safety Behaviors,"Rodríguez, Marcela D. and Ibarra, Jorge E. and Roa, José Ruben and Curlango, Cecilia M. and Bedoya, Luis Felipe and Montes, Héctor Daniel",2014,,5,0.8,,,,,,INCREASE_AWARENESS,,WORKPLACE,,,,,,,,,,,,,,,,NO,,,,,,,,,,,,,,,,,
4hqpvlk20hy,1,heunPerifovealDisplayCombining2012,Perifoveal Display: Combining Foveal and Peripheral Vision in One Visualization,"Heun, Valentin and von Kapri, Anette and Maes, Pattie",2012,,15,1.8,Perifoveal Display,A multi-monitor visualization that tracks the user's head direction to show detailed data at the focal point and abstracted brightness/movement changes in the periphery,YES,ADAIS,"PROTOTYPE,EVAL","INCREASE_AWARENESS,NOTIFICATION,AID_IN_ACTIVITY",HEALTH,MEDICAL,,,,,,,,,CONTINUOUS,MAKE_AWARE,VISUAL,PERSONAL,HIGH,SCREEN,ARTIFICIAL,YES,15,HOURS,IN_LAB,USERS,PROTOTYPE,"INTERVIEW,QUESTIONNAIRE",QUESTIONNAIRE,[NA],"PERIPHERAL_ATTENTION,SALIENCE","PRESENCE,PUSH",PERIPHERAL_PLACEMENT,NO,NA,NOT_MENTIONED,,,
4iv4895pbz5,1,garcesAssessmentReferenceArchitectures2020,Assessment of Reference Architectures and Reference Models for Ambient Assisted Living Systems: Results of a Systematic Literature Review,"Garcés, L and Oquendo, F and Nakagawa, EY",2020,,1,2,,,,,,ASSISTED_LIVING,,,,,,,,,,,,,,,,,,,,,,,,,,,,,,,,,,,
4ivr3vmu8nn,1,lloretSmartCommunicationArchitecture2015,A Smart Communication Architecture for Ambient Assisted Living,"Lloret, Jaime and Canovas, Alejandro and Sendra, Sandra and Parra, Lorena",2015,,95,17.3,,,,,,ASSISTED_LIVING,,,,,,,,,,,,,,,,,,,,,,,,,,,,,,,,,,,
4jl80o7lo77,1,carneiroSimulatingMonitoringAmbient2008,Simulating and Monitoring Ambient Assisted Living,"Carneiro, D and Costa, R and Novais, P and Neves, J",2008,,34,2.7,,,,AS,,ASSISTED_LIVING,,,,,,,,,,,,,,,,,,,,,,,,,,,,,,,,,,,
4k9nzro3xri,1,wisneskiAmbientDisplaysTurning1998,Ambient Displays: Turning Architectural Space into an Interface between People and Digital Information,"Wisneski, Craig and Ishii, Hiroshi and Dahley, Andrew and Gorbet, Matt and Brave, Scott and Ullmer, Brygg and Yarin, Paul",1998,,671,29.8,Water Ripples,Hamster wheel rpm is mapped to shadows of water ripples on ceiling.,YES,ADAIS,USECASE,INCREASE_AWARENESS,EVENTS,WORKPLACE,YES,Speed of Hamster wheel,NEAR,Shadows of watter ripples on ceiling,,,,INDEXICAL,CONTINUOUS,MAKE_AWARE,VISUAL,GROUP,LOW,MOTOR,ARTIFICIAL,NO,0,,,,,,,,"PERIPHERAL_ATTENTION,AWARENESS_CONSCIOUSNESS,SPATIAL_OBJECT_BINDING",PRESENCE,"PERIPHERAL_PLACEMENT,MIMICRY",YES,NONE,NOT_MENTIONED,,,
4kk46w6yjuv,1,anastasiouMultilingualModalApplications2015,Multi-Lingual and-Modal Applications in the Semantic Web: The Example of Ambient Assisted Living,"Anastasiou, D",2015,,3,0.5,,,,,,ASSISTED_LIVING,,,,,,,,,,,,,,,,,,,,,,,,,,,,,,,,,,,
4kvmlw5b0l6,1,damasAmbientAssistedLiving2013,Ambient Assisted Living Devices Interoperability Based on OSGi and the X73 Standard,"Damas, Miguel and Pomares, Hector and Gonzalez, Sergio and Olivares, Alberto and Rojas, Ignacio",2013,,10,1.3,,,,,,ASSISTED_LIVING,,,,,,,,,,,,,,,,,,,,,,,,,,,,,,,,,,,
4l6ezhyo4c3,1,costaMemoryAssistAmbient2009,Memory Assist in Ambient Assisted Living,"Costa, R and Novais, P and Costa, Â and Neves, J",2009,,1,0.1,,,,,,ASSISTED_LIVING,,,,,,,,,,,,,,,,,,,,,,,,,,,,,,,,,,,
4n138zodn8,1,gottfriedCommonOsgiInterface2009,Common Osgi Interface for Ambient Assisted Living Scenarios,"Gottfried, B and Aghajan, H",2009,,10,0.9,,,,,,ASSISTED_LIVING,,,,,,,,,,,,,,,,,,,,,,,,,,,,,,,,,,,
4ngn1zabihw,1,corstenFillablesEverydayVessels2013,Fillables: Everyday Vessels As Tangible Controllers with Adjustable Haptics,"Corsten, Christian and Wacharamanotham, Chat and Borchers, Jan",2013,,5,0.7,Fillables,Everyday vessels (e.g. paper cups) filled with water used as tangible controllers whose weight and haptic feel map to input granularity for tasks like video navigation and drawing.,YES,"TUI,ADAIS","CONCEPT,PROTOTYPE,USECASE",AID_IN_ACTIVITY,OTHER,"WORKPLACE,HOME",,,,,,,,,USER,,HAPTIC,PERSONAL,MEDIUM,,FAMILIAR,YES,32,HOURS,IN_LAB,USERS,PROTOTYPE,"COMMENTS,TASK_PERFORMANCE",[NA],[NA],NONE,PRESENCE,AUGMENTATION,YES,FABRICATION,NOT_MENTIONED,,,
4oa04nju0il,1,heekBareNecessitiesHow2019,Bare Necessities? How the Need for Care Modulates the Acceptance of Ambient Assisted Living Technologies,"Heek, Julia Offermann-van and Schomakers, Eva-Maria and Ziefle, Martina",2019,,6,4,,,,,,ASSISTED_LIVING,,,,,,,,,,,,,,,,,,,,,,,,,,,,,,,,,,,
4ow8zd21a44,1,raskarCartoonDioramasMotion2006,Cartoon Dioramas in Motion,"Raskar, Ramesh and Ziegler, Remo and Willwacher, Thomas",2006,,74,5.1,,,,,,,,,,,,,,,,,,,,,,,,NO,,,,,,,,,,,,,,,,,
4p9jknw75qb,1,wanInternetThingsAmbient2017,Internet of Things for Ambient Assisted Living: Challenges and Future Opportunities,"Wan, Jie and Gu, Xiang and Chen, Liang and Wang, Jin",2017,,16,4.6,,,,IOT,,ASSISTED_LIVING,,,,,,,,,,,,,,,,,,,,,,,,,,,,,,,,,,,
4plwyje5ncg,1,wojciechowskiUserInterfaceLevel2008,A User Interface Level Context Model for Ambient Assisted Living,"Wojciechowski, Manfred and Xiong, Jinhua",2008,,22,1.8,,,,,,ASSISTED_LIVING,,,,,,,,,,,,,,,,,,,,,,,,,,,,,,,,,,,
4qzrlsathrp,1,snyderMoodLightExploringPersonal2015,MoodLight: Exploring Personal and Social Implications of Ambient Display of Biosensor Data,"Snyder, Jaime and Matthews, Mark and Chien, Jacqueline and Chang, Pamara F. and Sun, Emily and Abdullah, Saeed and Gay, Geri",2015,,67,12.2,MoodLight,Ambient lighting system using desk lamps with programmable bulbs that change color based on EDA-measured arousal levels,YES,"ADAIS,AS","PROTOTYPE,USECASE,EVAL",INCREASE_AWARENESS,"SOCIAL,HEALTH","MEDICAL,HOME,SOCIAL",,,,,,,,,USER,MAKE_AWARE,"VISUAL,AUDIO",PARTNERSHIP,MEDIUM,LED,FAMILIAR,NO,30,HOURS,IN_LAB,USERS,PROTOTYPE,"INTERVIEW,OBSERVATION",[NA],[NA],NONE,PRESENCE,AUGMENTATION,NO,NA,NOT_MENTIONED,,,
4r0y78mxoh,1,allegreAmbientAssistedLiving2011,Ambient Assisted Living with Linux,"Allègre, W and Seguin, C and Burger, T",2011,,2,0.2,,,,,,ASSISTED_LIVING,,,,,,,,,,,,,,,,,,,,,,,,,,,,,,,,,,,
4s6d5c3lye,1,elliotLocationdependentInformationAppliances2007,Location-Dependent Information Appliances for the Home,"Elliot, Kathryn and Watson, Mark and Neustaedter, Carman and Greenberg, Saul",2007,,27,2,FlowerPots,"A discrete-state ambient display of eight red and green LEDs embedded in felt flowers, showing different states by lighting individual or combinations of lights",YES,ADAIS,"PROTOTYPE,CONCEPT,DEV","INCREASE_AWARENESS,NOTIFICATION","SOCIAL,EVENTS,ENVIRONMENT",HOME,,,,,,,,,EVENT,MAKE_AWARE,VISUAL,FAMILY,MEDIUM,LED,FAMILIAR,YES,,,,,,,,,NONE,"PRESENCE,PULL","CAMOUFLAGE,PERIPHERAL_PLACEMENT",YES,FABRICATION,NOT_MENTIONED,,,
4u1tcm7c5tq,1,cavalloAmbientAssistedLiving2015,An Ambient Assisted Living Approach in Designing Domiciliary Services Combined with Innovative Technologies for Patients with Alzheimer’s Disease,"Cavallo, Filippo and Aquilano, Michela and Arvati, Marco",2015,,28,5.1,,,,,,ASSISTED_LIVING,,,,,,,,,,,,,,,,,,,,,,,,,,,,,,,,,,,
4u52wyomgwq,1,hemmertWeightshiftingMobilesTwodimensional2010,Weight-Shifting Mobiles: Two-dimensional Gravitational Displays in Mobile Phones,"Hemmert, Fabian and Hamann, Susann and Löwe, Matthias and Zeipelt, Josefine and Joost, Gesche",2010,,33,3.1,Weight-Shifting Mobiles,A mobile phone-sized device that shifts an internal weight along two axes to change its gravitational properties as haptic output,YES,ADAIS,"PROTOTYPE,DEV,EVAL","INCREASE_AWARENESS,AID_IN_ACTIVITY","EVENTS,OTHER",OTHER,,,,,,,,,CONTINUOUS,CHANGE_BLIND,POS,PERSONAL,MEDIUM,MOTOR,ARTIFICIAL,YES,12,HOURS,IN_LAB,USERS,PROTOTYPE,"INTERVIEW,QUESTIONNAIRE",[NA],[NA],NONE,PRESENCE,PERIPHERAL_PLACEMENT,YES,FABRICATION,NOT_MENTIONED,,,
4ucykofzq66,1,rodriguezDesignDimensionsAmbient2011,Design Dimensions of Ambient Information Systems to Facilitate the Development of AAL Environments,"Rodríguez, Marcela D. and García-Vázquez, Juan Pablo and Andrade, Ángel G.",2011,,10,1.1,CARE-Me,A portrait-embedded ambient display showing a virtual cage of parakeets whose growth and behavior represent the elder's medication adherence over four weeks,YES,ADAIS,DEFTAX,ASSISTED_LIVING,HEALTH,HOME,,,,,,,,,CONTINUOUS,MAKE_AWARE,"VISUAL,AUDIO",HOUSEHOLD,MEDIUM,SCREEN,FAMILIAR,YES,17,HOURS,IN_PRESENTATION,EXPERTS,PRESENTATION,"HEURISTIC_EVALUATION,INTERVIEW",[NA],[NA],NONE,PRESENCE,AUGMENTATION,NA,NA,NOT_MENTIONED,,,
4ulrejtp9ya,1,chowdhuryAttentionManagementImproved2018,Attention Management for Improved Renewable Energy Usage at Households Using IoT-enabled Ambient Displays,"Chowdhury, Niaz and Moore, John",2018,,1,0.4,LIFX ambient display,Internet-enabled colour-changeable LIFX light bulb in a spherical lampshade that changes colour to indicate home battery storage level,YES,ADAIS,"USECASE,DEV,EVAL","BEHAVIOURAL_CHANGE,NOTIFICATION,INCREASE_AWARENESS",RESOURCES,HOME,,,,,,,,,CONTINUOUS,USER_POLL,VISUAL,HOUSEHOLD,MEDIUM,LED,FAMILIAR,YES,5,MONTHS,IN_SITU,"USERS,EXPERTS",PROTOTYPE,USAGE_STATISTIC,[NA],OBJECTIVE,NONE,PRESENCE,AUGMENTATION,NO,NA,NOT_MENTIONED,,,
4vou1seyfr9,1,olberdingAugmentedForearmExploringDesign2013,AugmentedForearm: Exploring the Design Space of a Display-Enhanced Forearm,"Olberding, Simon and Yeo, Kian Peen and Nanayakkara, Suranga and Steimle, Jurgen",2013,,44,5.9,AugmentedForearm,,,,,,,,,,,,,,,,,,,,,,,NO,,,,,,,,,,,,,,,,,
4wkfa3738o3,1,patelSensorbasedActivityRecognition2019,Sensor-Based Activity Recognition in the Context of Ambient Assisted Living Systems: A Review,"Patel, Ashish and Shah, Jigarkumar",2019,,9,6,,,,AS,,ASSISTED_LIVING,,,,,,,,,,,,,,,,,,,,,,,,,,,,,,,,,,,
4x0536fdsaq,1,quintanilhaBuddyWallTangibleUser2008,BuddyWall: A Tangible User Interface for Wireless Remote Communication,"Quintanilha, Melissa S",2008,,14,1.1,Buddywall,"Wall-mounted panel with wireless glowing 'buddy' objects representing remote friends, showing their availability through light and sound",YES,"TUI,ADAIS","PROTOTYPE,USECASE",INCREASE_AWARENESS,SOCIAL,HOME,,,,,,,,,CONTINUOUS,MAKE_AWARE,"HAPTIC,VISUAL,AUDIO",HOUSEHOLD,MEDIUM,"LED,SPEAKER","ART,ASSOCIATED",NO,,,,,,,,,NONE,"PRESENCE,PUSH",CAMOUFLAGE,YES,NONE,NOT_MENTIONED,,,
4xafv8u0u4n,1,spanoudakisNovelArchitectureProcess2010,A Novel Architecture and Process for Ambient Assisted Living - the HERA Approach,"Spanoudakis, Nikolaos and Grabner, Boris and Kotsiopoulou, Christina and Lymperopoulou, Olga and Moser-Siegmeth, Verena and Pantelopoulos, Stylianos and Sakka, Paraskevi and Moraitis, Pavlos",2010,,13,1.2,,,,,,ASSISTED_LIVING,,,,,,,,,,,,,,,,,,,,,,,,,,,,,,,,,,,
4xkfh0wetum,1,trcekWirelessSensorsGrouping2016,Wireless Sensors Grouping Proofs for Medical Care and Ambient Assisted-Living Deployment,"Trček, D",2016,,9,2,,,,AS,,ASSISTED_LIVING,,,,,,,,,,,,,,,,,,,,,,,,,,,,,,,,,,,
4y2ywt3mdgp,1,alshehriForgetMeNot2016,Forget Me Not: An Ambient Display to Increase Communication Between Partners by Enabling Feeling Expression and Increasing Awareness,"Alshehri, Majdah and Shanthagiri, Vinay and Connelly, Kay",2016,,1,0.2,Forget Me Not,A physical computing flower that droops and changes color to represent communication frequency and emotional state between long-distance partners,YES,ADAIS,"PROTOTYPE,USECASE","INCREASE_AWARENESS,OTHER",HEALTH,HOME,,,,,,,,,CONTINUOUS,MAKE_AWARE,"VISUAL,SHAPE",PARTNERSHIP,MEDIUM,"MOTOR,LED",FAMILIAR,NO,,,,,,,,,NONE,PRESENCE,MIMICRY,YES,NONE,NOT_MENTIONED,,,
4y68uc1w95x,1,matviienkoNewAmbientLight2015,Towards New Ambient Light Systems: A Close Look at Existing Encodings of Ambient Light Systems,"Matviienko, Andrii and Rauschenberger, Maria and Cobus, Vanessa and Timmermann, Janko and Fortmann, Jutta and Löcken, Andreas and Müller, Heiko and Trappe, Christoph and Heuten, Wilko and Boll, Susanne",2015,,14,2.5,,,,,,INCREASE_AWARENESS,"RESOURCES,HEALTH",WORKPLACE,,,,,,,,,,,VISUAL,,,,,YES,,,,,,,,,,,,,,,,,
4ytfcv9rt49,1,sowjanyaSecureFrameworkAmbient2018,Secure Framework for Ambient Assisted Living System,"Sowjanya, K and Dasgupta, M",2018,,1,0.4,,,,,,ASSISTED_LIVING,,,,,,,,,,,,,,,,,,,,,,,,,,,,,,,,,,,
4zatf939g0r,1,aloulouSemanticPlugPlayBased2012,A Semantic Plug\&Play Based Framework for Ambient Assisted Living,"Aloulou, Hamdi and Mokhtari, Mounir and Tiberghien, Thibaut and Biswas, Jit and Kenneth, Lin Jin Hong",2012,,23,2.7,,,,,,ASSISTED_LIVING,,,,,,,,,,,,,,,,,,,,,,,,,,,,,,,,,,,
4zzd4n230it,1,choiLockDollProvidingAmbient2016,LockDoll: Providing Ambient Feedback of Smartphone Usage within Social Interaction,"Choi, Seungwoo and Jeong, Hayeon and Ko, Minsam and Lee, Uichin",2016,,8,1.8,LockDoll,A cat-shaped tangible artifact that waves its arm and turns on a lamp to provide ambient feedback of group members' smartphone usage during social interaction,YES,ADAIS,"PROTOTYPE,USECASE,ISSUES",INCREASE_AWARENESS,"SOCIAL,HEALTH","SOCIAL,WORKPLACE",,,,,,,,,EVENT,MAKE_AWARE,"VISUAL,POS",GROUP,MEDIUM,"LED,MOTOR",FAMILIAR,YES,7,HOURS,IN_SITU,USERS,PROTOTYPE,INTERVIEW,[NA],"SUBJECTIVE,OBJECTIVE",NONE,"PUSH,PRESENCE",CAMOUFLAGE,YES,NONE,NOT_MENTIONED,,,
50l8168048w,1,minakuchiAmbientBrowserWebBrowser2005,AmbientBrowser: Web Browser for Everyday Enrichment,"Minakuchi, Mitsuru and Nakamura, Satoshi and Tanaka, Katsumi",2005,,6,0.4,AmbientBrowser,Ubiquitous display that continuously searches Web pages by keywords and shows summarized knowledge as kinetic typography during everyday activities,YES,ADAIS,"PROTOTYPE,USECASE,DEV","INCREASE_AWARENESS,OTHER",OTHER,HOME,,,,,,,,,CONTINUOUS,USER_POLL,VISUAL,GROUP,HIGH,SCREEN,ARTIFICIAL,NO,3,DAYS,IN_SITU,USERS,REDUCED_PROTOTYPE,"COMMENTS,OBSERVATION,USAGE_STATISTIC",[NA],[NA],NONE,"PUSH,PRESENCE",PERIPHERAL_PLACEMENT,NO,NA,NOT_MENTIONED,,,
50u17mngmts,1,yamamotoGridpatternIndicatingInterface2014,Grid-Pattern Indicating Interface for Ambient Assisted Living,"Yamamoto, G and Asghar, Z and Uranishi, Y and Taketomi, T",2014,,4,0.6,,,,,,ASSISTED_LIVING,,,,,,,,,,,,,,,,,,,,,,,,,,,,,,,,,,,
52fj4v5rbp,1,kunnappillyAssuringIntelligentAmbient2018,Assuring Intelligent Ambient Assisted Living Solutions by Statistical Model Checking,"Kunnappilly, Ashalatha and Marinescu, Raluca and Seceleanu, Cristina",2018,,3,1.2,,,,,,ASSISTED_LIVING,,,,,,,,,,,,,,,,,,,,,,,,,,,,,,,,,,,
53miim8cgt,1,tomitschInformationSkyExploring2008,Information Sky: Exploring the Visualization of Information on Architectural Ceilings,"Tomitsch, Martin and Grechenig, Thomas and Moere, Andrew Vande and Renan, Sheldon",2008,,14,1.1,Information Sky,Conceptual design framework for visualizing information on architectural ceilings as ambient displays based on the metaphor of the natural sky,YES,ADAIS,"CONCEPT,DEFTAX","INCREASE_AWARENESS,NOTIFICATION","ENVIRONMENT,SOCIAL,EVENTS,SAFETY",WORKPLACE,,,,,,,,,CONTINUOUS,MAKE_AWARE,VISUAL,PUBLIC,MEDIUM,SCREEN,"ART,ASSOCIATED",YES,16,HOURS,"IN_LAB,IN_PRESENTATION","USERS,EXPERTS","PROTOTYPE,WOZ","INTERVIEW,QUESTIONNAIRE",[NA],[NA],NONE,PRESENCE,PERIPHERAL_PLACEMENT,YES,NONE,NOT_MENTIONED,,,
54cdle0sl3o,1,fagelVirtualCounselorAutomated2013,The Virtual Counselor Automated Character Animation for Ambient Assisted Living,"Fagel, S and Hilbert, A and Mor, M and Mayer, C",2013,,5,0.7,,,,,,ASSISTED_LIVING,,,,,,,,,,,,,,,,,,,,,,,,,,,,,,,,,,,
55j1r73cavo,1,redstromInformativeArtUsing2000,Informative Art: Using Amplified Artworks as Information Displays,"Redström, Johan and Skog, Tobias and Hallnäs, Lars",2000,,219,10.7,De Stijlistic Dynamics,"A Mondrian-style composition where each rectangular colour field represents the e-mail traffic of one person, growing or shrinking with activity",YES,ADAIS,"CONCEPT,PROTOTYPE,USECASE",INCREASE_AWARENESS,"SOCIAL,EVENTS",WORKPLACE,,,,,,,,,EVENT,CHANGE_BLIND,VISUAL,PUBLIC,HIGH,SCREEN,ART,NO,,,,,,,,,NONE,PRESENCE,CAMOUFLAGE,NO,NA,NOT_MENTIONED,,,
55ol5wp41m3,1,gomesAComprehensiveScalable2017,A Comprehensive and Scalable Middleware for Ambient Assisted Living Based on Cloud Computing and Internet of Things,"de Tácio Pereira Gomes, Berto and Muniz, Luiz Carlos Melo and da Silva e Silva, Francisco José and Ríos, Luis Eduardo Talavera and Endler, Markus",2017,,21,6,,,,IOT,,ASSISTED_LIVING,,,,,,,,,,,,,,,,,,,,,,,,,,,,,,,,,,,
56m12gnmd1,1,maghirosSafeguardsWorldAmbient2006,Safeguards in a World of Ambient Intelligence,"Maghiros, I. and Punie, Y. and Delaitre, S. and de Hert, P. and Gutwirth, S. and Schreurs, W. and Moscibroda, A. and Friedewald, M. and Linden, R. and Wright, D. and Vildjiounaite, E. and Alahuhta, P.",2006,,8,0.6,,,,AMI,,,,,,,,,,,,,,,,,,,,NO,,,,,,,,,,,,,,,,,
5780fswv0ws,1,bakkerPeripheralInteractionCharacteristics2015,Peripheral Interaction: Characteristics and Considerations,"Bakker, Saskia and van den Hoven, Elise and Eggen, Berry",2015,,97,17.6,CawClock,An interactive analog clock with colored physical animal tokens that mark time frames and play corresponding background animal soundscapes to support time awareness in a classroom,YES,ADAIS,"CONCEPT,PROTOTYPE,USECASE","INCREASE_AWARENESS,AID_IN_ACTIVITY",EVENTS,"HOME,EDUCATION",,,,,,,,,OBJECT,USER_POLL,"VISUAL,AUDIO",GROUP,MEDIUM,SCREEN,FAMILIAR,YES,3,WEEKS,IN_SITU,USERS,PROTOTYPE,INTERVIEW,[NA],[NA],"PERIPHERAL_ATTENTION,COGNITIVE_LOAD",PRESENCE,"PERIPHERAL_PLACEMENT,AUGMENTATION",YES,NONE,NOT_MENTIONED,,,
57yqwrp7w2d,1,diebergerSupportingCollaborationPassing2002,Supporting Collaboration through Passing Informal Notes to Peripheral Displays,"Dieberger, Andreas",2002,,4,0.2,DropNotes,A note-passing system displaying informal sticky notes on peripheral displays in the work environment,YES,ADAIS,"PROTOTYPE,USECASE",INCREASE_AWARENESS,"SOCIAL,EVENTS",WORKPLACE,,,,,,,,,EVENT,CHANGE_BLIND,VISUAL,GROUP,HIGH,SCREEN,ARTIFICIAL,NO,,,,,,,,,PERIPHERAL_ATTENTION,"PUSH,PRESENCE",PERIPHERAL_PLACEMENT,NO,NA,NOT_MENTIONED,,,
58d7cq5zbdl,1,hausenStaTubeFacilitatingState2012,StaTube: Facilitating State Management in Instant Messaging Systems,"Hausen, Doris and Boring, Sebastian and Lueling, Clara and Rodestock, Simone and Butz, Andreas",2012,,47,5.5,StaTube,"A tangible tube-shaped desk object with stacked glowing rings, each colour-coding a Skype contact's presence state, rotatable to set one's own state",YES,"TUI,ADAIS","PROTOTYPE,USECASE,EVAL","INCREASE_AWARENESS,AID_IN_ACTIVITY",SOCIAL,WORKPLACE,,,,,,,,,CONTINUOUS,USER_POLL,VISUAL,PERSONAL,MEDIUM,LED,ARTIFICIAL,YES,6,WEEKS,IN_SITU,USERS,PROTOTYPE,"INTERVIEW,QUESTIONNAIRE",[NA],"SUBJECTIVE,OBJECTIVE",NONE,PRESENCE,PERIPHERAL_PLACEMENT,YES,"FABRICATION,OTHER",NOT_MENTIONED,,,
58z6db12fcm,1,brinkAssessingSmarthomePlatforms2013,Assessing Smart-Home Platforms for Ambient Assisted Living (AAL),"Brink, Michiel and Alonso, Ignacio González and van Bronswijk, Johanna E.M.H.",2013,,7,0.9,,,,,,ASSISTED_LIVING,,,,,,,,,,,,,,,,,,,,,,,,,,,,,,,,,,,
592rm5yr5k8,1,morenoTeleconsultingMedicalApplication2009,Teleconsulting: A Medical Application Based on IP Multimedia Subsystem Technology for Ambient Assisted Living,"Moreno, Pedro Antonio and Hernando, Ma Elena and Gomez, Enrique J. and Egido, Ruth Pallares Del and Matilla, Oscar Blanco and de Poorter, Antoine and Ortiz, Alberto Hernandez and Vidal, Francisco Gonzalez",2009,,5,0.4,,,,,,ASSISTED_LIVING,,,,,,,,,,,,,,,,,,,,,,,,,,,,,,,,,,,
59kdvgqzf1l,1,yunRayMaticAmbientMeter2011,RayMatic: Ambient Meter Display with Facial Expression and Gesture,"Yun, Ray and Gross, Mark D.",2011,,5,0.5,RayMatic,"Interactive picture frame that shows a person “Ray”, that fanns or shivers to encourage adjustments to heating or AC to prevent wasting energy",YES,ADAIS,"PROTOTYPE,USECASE",INCREASE_AWARENESS,RESOURCES,HOME,,,,,,,,,CONTINUOUS,USER_POLL,VISUAL,HOUSEHOLD,MEDIUM,SCREEN,FAMILIAR,YES,,,,,,HEURISTIC_EVALUATION,,,NONE,"PRESENCE,PULL",CAMOUFLAGE,YES,NONE,NOT_MENTIONED,,,
5bdxiyxsrhm,1,heekTheyDontCare2018,They Don’t Care about Us! Care Personnel’s Perspectives on Ambient Assisted Living Technology Usage: Scenario-based Survey Study,"Heek, Julia Offermann-van and Ziefle, Martina",2018,,8,3.2,,,,,,ASSISTED_LIVING,,,,,,,,,,,,,,,,,,,,,,,,,,,,,,,,,,,
5bu7tu6jsgx,1,paucarRuntimeModelsBased2016,Runtime Models Based on Dynamic Decision Networks: Enhancing the Decision-Making in the Domain of Ambient Assisted Living Applications,"Paucar, LH Garcia and Bencomo, N",2016,,12,2.7,,,,,,ASSISTED_LIVING,,,,,,,,,,,,,,,,,,,,,,,,,,,,,,,,,,,
5dwu3htwnf,1,yildizWwallPublicWater2019,Wwall: A Public Water Dispenser System to Motivate Regular Water Intake in the Office Environment,"Yildiz, Mert and Coikun, Aykut",2019,,,0,Wwall,Art becomes increasingly visible the higher the water intake,,,,,HEALTH,WORKPLACE,,,,,,,,,,,,PUBLIC,,,,NO,,,,,,,,,,,,,,,,,
5dzo4o2bd5,1,shinoharaHugeScreenInteractive2007,A Huge Screen Interactive Public Media System: Mirai-tube,"Shinohara, Akio and Tomita, Junji and Kihara, Tamio and Nakajima, Shinya and Ogawa, Katsuhiko",2007,,11,0.8,Mirai-Tube,,,,,,,,,,,,,,,,,,,PUBLIC,,,,YES,,,,,,,,,,,,,,,,,
5e0fk75vf9t,1,gellersenAmbientTelepresenceColleague2000,Ambient Telepresence: Colleague Awareness in Smart Environments,"Gellersen, Hans-W and Beigl, Michael",2000,,15,0.7,,,,,,INCREASE_AWARENESS,SOCIAL,WORKPLACE,,,,,,,,,,,,,,,,NO,,,,,,,,,,,,,,,,,
5e4b4ps1x5a,1,aartsNewEverydayViews2003,The New Everyday: Views on Ambient Intelligence,"Aarts, Emile and Marzano, Stefano",2003,,559,31.9,SPICE,Speech Interface for Customer Electronics,YES,"UI,AMI",USECASE,UNSTATED,OTHER,HOME,,,,,,,,,,,,,,,NA,NO,0,,,,,,,,NONE,,,NA,NA,NA,,,
5ejg0ym8y0t,1,hincapiGridOrbitInfrastructureAwareness2011,GridOrbit: An Infrastructure Awareness System for Increasing Contribution in Volunteer Computing,"Hincapi, Juan David",2011,,5,0.5,GridOrbit,"Public touch display visualizing volunteer computing grid activity as a cloud of computers, plus desktop notifications about contributions",YES,ADAIS,"PROTOTYPE,EVAL,USECASE,CONCEPT",INCREASE_AWARENESS,"RESOURCES,SOCIAL,OTHER","WORKPLACE,EDUCATION,MEDICAL",,,,,,,,,CONTINUOUS,USER_POLL,VISUAL,"PUBLIC,PERSONAL",HIGH,SCREEN,"ARTIFICIAL,ASSOCIATED",YES,35,MONTHS,IN_SITU,USERS,"PROTOTYPE,WOZ",INTERVIEW,[NA],"OBJECTIVE,SUBJECTIVE",NONE,"PRESENCE,PULL,PUSH",PERIPHERAL_PLACEMENT,YES,NONE,NOT_MENTIONED,,,
5f0lvwde9ll,1,holstiusInfotropismLivingRobotic2004,Infotropism: Living and Robotic Plants as Interactive Displays,"Holstius, David and Kembel, John and Hurst, Amy and Wan, Peng-Hui and Forlizzi, Jodi",2004,,103,6.2,Infotropism,Living and robotic plants that lean toward trash or recycling containers based on disposal activity to encourage recycling,YES,ADAIS,"PROTOTYPE,USECASE,EVAL","BEHAVIOURAL_CHANGE,INCREASE_AWARENESS",HEALTH,WORKPLACE,,,,,,,,,USER,CHANGE_BLIND,"VISUAL,POS",PUBLIC,MEDIUM,"MOTOR,ROBOT,LED",FAMILIAR,YES,13,WEEKS,IN_SITU,USERS,PROTOTYPE,INTERVIEW,[NA],"OBJECTIVE,SUBJECTIVE",NONE,PRESENCE,"MIMICRY,CAMOUFLAGE",YES,FABRICATION,NOT_MENTIONED,,,
5g79bv2zgfa,1,stephanidis2007universal,"Universal Access in Ambient Intelligence Environments: 9th ERCIM Workshop on User Interfaces for All, Königswinter, Germany, September 27-28, 2006, Revised Papers","Stephanidis, Constantine and Pieper, Michael",2007,,31,2.3,,,,AMI,,,HEALTH,WORKPLACE,,,,,,,,,,,,,,,,YES,,,,,,,,,,,,,,,,,
5gpxt5vce6f,1,bickAmbientIntelligenceUbiquitous2008,Ambient Intelligence and Ubiquitous Computing,"Bick, M. and Kummer, T. -F.",2008,,33,2.6,,,,,,,,,,,,,,,,,,,,,,,,,,,,,,,,,,,,,,,,,
5ho046oa5x6,1,oehlbergShowingSharingBuilding2012,Showing Is Sharing: Building Shared Understanding in Human-Centered Design Teams with Dazzle,"Oehlberg, Lora and Simm, Kyu and Jones, Jasmine and Agogino, Alice and Hartmann, Björn",2012,,27,3.2,Dazzle,A collaborative shared display system with cross-platform clients and whiteboard capture where showing files on the shared display grants the team access and records a shared activity log,YES,ADAIS,"PROTOTYPE,EVAL,USECASE","AID_IN_ACTIVITY,INCREASE_AWARENESS","SOCIAL,EVENTS","WORKPLACE,EDUCATION",,,,,,,,,USER,USER_POLL,VISUAL,GROUP,HIGH,SCREEN,ARTIFICIAL,YES,15,HOURS,IN_LAB,USERS,PROTOTYPE,INTERVIEW,[NA],[NA],NONE,PULL,INVISIBILITY,YES,NONE,NOT_MENTIONED,,,
5ikdb0yrvq,1,someyaPrintedOrganicTransistors2009,Printed Organic Transistors: Toward Ambient Electronics,"Someya, Takao and Sekitani, Tsuyoshi and Takamiya, Makoto and Sakurai, Takayasu and Zschieschang, Ute and Klauk, Hagen",2009,,18,1.6,,,,,,,,,,,,,,,,,,,,,,,,NO,,,,,,,,,,,,,,,,,
5isulqlve74,1,casasUserModellingAmbient2008,User Modelling in Ambient Intelligence for Elderly and Disabled People,"Casas, Roberto and Blasco Marín, Rubén and Robinet, Alexia and Delgado, Armando Roy and Yarza, Armando Roy and McGinn, John and Picking, Richard and Grout, Vic",2008,,109,8.7,EasyLine+,An Ambient Intelligence smart-kitchen system with sensor-based monitoring and adaptive HMI that assists elderly and disabled users in household tasks based on a persona-driven user model.,NO,"AMI,ADAIS","CONCEPT,USECASE","ASSISTED_LIVING,AID_IN_ACTIVITY,NOTIFICATION",HEALTH,HOME,,,,,,,,,CONTINUOUS,,VISUAL,PERSONAL,,SCREEN,NA,NO,,,,,,,,,NONE,PUSH,,NA,NA,NOT_MENTIONED,,,
5kc5lpxz828,1,philipsNebula1996,Nebula,Philips,1996,,69,2.8,Nebula,,,,,,,,,,,,,,,,,,,,,,,,,,,,,,,,,,,,,,,,
5kx8movuxxa,1,monigattiPowerEnergyVisualization2010,Power and Energy Visualization for the Micro-Management of Household Electricity Consumption,"Monigatti, Paul and Apperley, Mark and Rogers, Bill",2010,,29,2.8,Traffic-Light,"An ambient red/green/orange light display on the e-point plug device indicating whether it is OK to activate an appliance, supplemented by speech output",YES,ADAIS,"PROTOTYPE,USECASE","BEHAVIOURAL_CHANGE,INCREASE_AWARENESS",RESOURCES,HOME,,,,,,,,,USER,MAKE_AWARE,"VISUAL,AUDIO",HOUSEHOLD,MEDIUM,"LED,SPEAKER","ASSOCIATED,ARTIFICIAL",NO,,,,,,,,,NONE,"PRESENCE,PUSH",AUGMENTATION,YES,NONE,YES,,,
5l2iwewm0gj,1,alsulamiFactorsInfluencingAdoption2017,Factors Influencing the Adoption of Ambient Assisted Living Technologies by Healthcare Providers in the Kingdom of Saudi Arabia,"Alsulami, Majid H. and Atkins, Anthony S. and Campion, Russell J.",2017,,2,0.6,,,,,,ASSISTED_LIVING,,,,,,,,,,,,,,,,,,,,,,,,,,,,,,,,,,,
5letb0p2bfp,1,liOurLittleSecret2020,Our Little Secret: Design and User Study on an Electrochromic Ambient Display for Supporting Long-Distance Relationships,"Li, Hong and Müller, Heiko and Häkkilä, Jonna",2020,,1,2,Our Little Secret,A pair of non-light-emitting electrochromic picture frames that change a city landscape between day/night and switch heart colours to support communication in long-distance relationships,YES,ADAIS,PROTOTYPE,INCREASE_AWARENESS,RESOURCES,HOME,,,,,,,,,EVENT,CHANGE_BLIND,VISUAL,PARTNERSHIP,MEDIUM,SCREEN,FAMILIAR,YES,14,WEEKS,"IN_LAB,IN_SITU",USERS,"WOZ,PROTOTYPE","INTERVIEW,QUESTIONNAIRE",[NA],SUBJECTIVE,NONE,PRESENCE,"AUGMENTATION,PERIPHERAL_PLACEMENT",YES,OTHER,NOT_MENTIONED,,,
5mlb5kskcn5,1,guerraAutomaticPoseRecognition2020,Automatic Pose Recognition for Monitoring Dangerous Situations in Ambient-Assisted Living,"Guerra, Bruna Maria Vittoria and Ramat, Stefano and Beltrami, Giorgio and Schmid, Micaela",2020,,2,4,,,,AS,,ASSISTED_LIVING,,,,,,,,,,,,,,,,,,,,,,,,,,,,,,,,,,,
5mqec4jxq6x,1,redstromInformativeArtUsing2000,Informative Art: Using Amplified Artworks as Information Displays,"Redström, Johan and Skog, Tobias and Hallnäs, Lars",2000,,219,10.7,WebAware,A public screen display that visualises web site traffic on a site map where dots representing documents highlight when requested,YES,ADAIS,"USECASE,PROTOTYPE",INCREASE_AWARENESS,"EVENTS,SOCIAL",WORKPLACE,,,,,,,,,EVENT,USER_POLL,VISUAL,PUBLIC,HIGH,SCREEN,ART,NO,,,,,,,,,NONE,PRESENCE,"CAMOUFLAGE,PERIPHERAL_PLACEMENT",NO,NA,NOT_MENTIONED,,,
5mqwft8gw2e,1,leonhardtLearningContextAmbient2014,Learning in the Context of an Ambient Assisted Living Apartment: Including Methods of Serious Gaming,"Leonhardt, Sven and Kassel, Stephan and Randow, Anne and Teich, Tobias",2014,,8,1.2,,,,,,ASSISTED_LIVING,,,,,,,,,,,,,,,,,,,,,,,,,,,,,,,,,,,
5n0qjnudhx7,1,benedictisAdaptiveRemindersAmbient2015,Adaptive Reminders in an Ambient Assisted Living Environment,"Benedictis, Riccardo De and Cesta, Amedeo and Coraci, Luca and Cortellessa, Gabriella and Orlandini, Andrea",2015,,8,1.5,,,,,,ASSISTED_LIVING,,,,,,,,,,,,,,,,,,,,,,,,,,,,,,,,,,,
5nb9x3jda24,1,beiglMediacupsExperienceDesign2001,Mediacups: Experience with Design and Use of Computer-Augmented Everyday Artefacts,"Beigl, Michael and Gellersen, Hans-W. and Schmidt, Albrecht",2001,,383,19.6,MediaCups,,,,,INCREASE_AWARENESS,RESOURCES,WORKPLACE,,,,,,,,,,,,,,,,NO,,,,,,,,,,,,,,,,,
5o1iwjtvt6j,1,karpValueAddingAmbient2016,The Value of Adding Ambient Energy Feedback to Conservation Tips and Goal-Setting in a Dormitory,"Karp, Abigail and McCauley, Michelle and Byrne, Jack",2016,,14,3.1,Untitled,,,,,"BEHAVIOURAL_CHANGE,INCREASE_AWARENESS",RESOURCES,HOME,,,,,,,,,,,VISUAL,,,SCREEN,,NO,,,,,,,,,,,,,,,,,
5okqnk8tklo,1,bernardoAmbientAssistedLivingThe2020,Ambient Assisted Living-the Case of Porto Historic Centre,"Bernardo, ML",2020,,,0,,,,,,ASSISTED_LIVING,,,,,,,,,,,,,,,,,,,,,,,,,,,,,,,,,,,
5pr50i70bd2,1,peirisAmbiKrafUbiquitousNonemissive2011,AmbiKraf: A Ubiquitous Non-Emissive Color Changing Fabric Display,"Peiris, Roshan Lalintha and Tharakan, Mili John and Cheok, Adrian David and Newton, Owen Noel",2011,,10,1.1,AmbiKraf,A non-emissive fabric display that subtly animates patterns and colors on common fabrics using thermochromic inks and peltier semiconductor elements,YES,ADAIS,PROTOTYPE,OTHER,OTHER,"HOME,SOCIAL",,,,,,,,,USER,CHANGE_BLIND,VISUAL,PUBLIC,MEDIUM,SCREEN,"FAMILIAR,ART",NO,,,,,,,,,NONE,PRESENCE,AUGMENTATION,YES,NONE,NOT_MENTIONED,,,
5prz034o23q,1,zaricAutomatedAlgorithmClassification2014,Automated Algorithm for Classification of Water-Flow Signals to Support Ambient Assisted Living Applications,"Zaric, Nikola and Radonjic, Milutin and Kyriazakos, Sofoklis and Djurisic, Milica Pejanovic",2014,,4,0.6,,,,,,ASSISTED_LIVING,,,,,,,,,,,,,,,,,,,,,,,,,,,,,,,,,,,
5pxsy72mcis,1,hohlScreenVisualizingVisits2009,Beyond the Screen: Visualizing Visits to a Website as an Experience in Physical Space,"Hohl, Michael",2009,,15,1.3,WebPresence,"A curtain moved by a fan and accompanying sound that is actuated whenever a new visitor arrives at a website, simulating a draught caused by a visitor entering a room",YES,ADAIS,"CONCEPT,PROTOTYPE,USECASE",INCREASE_AWARENESS,"SOCIAL,EVENTS",EDUCATION,,,,,,,,,EVENT,CHANGE_BLIND,"VISUAL,AUDIO,POS",GROUP,LOW,"MOTOR,SPEAKER","FAMILIAR,ART",NO,,,,,,,,,NONE,PUSH,"MIMICRY,PERIPHERAL_PLACEMENT",YES,NONE,NOT_MENTIONED,,,
5qpezsyktpi,1,bookerUsabilityTestingNotification2004,Usability Testing of Notification Interfaces: Are We Focused on the Best Metrics?,"Booker, John E and Chewar, C M and McCrickard, D Scott",2004,,14,0.8,Activity Graph,A simple bar chart with six vertical bars displayed in the corner of a screen showing activity states of a remotely monitored room,YES,ADAIS,"EVAL,PROTOTYPE",INCREASE_AWARENESS,"SOCIAL,EVENTS","WORKPLACE,EDUCATION",,,,,,,,,CONTINUOUS,MAKE_AWARE,VISUAL,PERSONAL,HIGH,SCREEN,ARTIFICIAL,YES,80,HOURS,IN_LAB,"USERS,EXPERTS",PROTOTYPE,"QUESTIONNAIRE,TASK_PERFORMANCE,USAGE_STATISTIC",DUAL_TASK,[NA],NONE,"PRESENCE,PUSH",PERIPHERAL_PLACEMENT,NO,NA,NOT_MENTIONED,,,
5qshm2v4pso,1,wadleyMobileAmbientPresence2013,Mobile Ambient Presence,"Wadley, Greg and Vetere, Frank and Kulik, Lars and Hopkins, Liza and Green, Julie",2013,,29,3.9,Mobile Ambient Presence,"Smartphone app to facilitate remote social connections between children in hospital and classmates in school, local ambient sound levels as animated blobs, photo sharing",YES,"UI,ADAIS","PROTOTYPE,USECASE,ISSUES",INCREASE_AWARENESS,"HEALTH,SOCIAL","MEDICAL,HOME,EDUCATION",,,,,,,,,CONTINUOUS,USER_POLL,VISUAL,GROUP,MEDIUM,SCREEN,ART,NO,9,,IN_SITU,USERS,PROTOTYPE,"INTERVIEW,COMMENTS,OBSERVATION",[NA],[NA],NONE,"PUSH,PRESENCE",PERIPHERAL_PLACEMENT,NO,NA,NOT_MENTIONED,,,
5rc9f6mfcw9,1,lopez-de-ipinaAmbientAssistedLiving2010,An Ambient Assisted Living Platform Integrating RFID Data-on-Tag Care Annotations and Twitter.,"López-de-Ipiña, D and Díaz-de-Sarralde, I and García-Zubia, J",2010,,40,3.8,,,,,,ASSISTED_LIVING,,,,,,,,,,,,,,,,,,,,,,,,,,,,,,,,,,,
5rusmoktg9b,1,sansano-sansanoMultimodalSensorData2020,Multimodal Sensor Data Integration for Indoor Positioning in Ambient-Assisted Living Environments,"Sansano-Sansano, Emilio and Belmonte-Fernández, Óscar and Montoliu, Raúl and Gascó-Compte, Arturo and Caballer-Miedes, Antonio",2020,,,0,,,,AS,,ASSISTED_LIVING,,,,,,,,,,,,,,,,,,,,,,,,,,,,,,,,,,,
5tb8bq6rpvw,1,huangSemiPublicDisplaysSmall2003,"Semi-Public Displays for Small, Co-located Groups","Huang, Elaine M and Mynatt, Elizabeth D",2003,,214,12.2,Untitled,,,,,INCREASE_AWARENESS,,"WORKPLACE,HOME",,,,,,,,,,,VISUAL,PUBLIC,,SCREEN,,YES,,,,,,"INTERVIEW,QUESTIONNAIRE",,,,,,,,,,,
5trf90dnfef,1,knaupUsingDataAmbient2014,Using Data from Ambient Assisted Living and Smart Homes in Electronic Health Records,"Knaup, P and Schöpe, L",2014,,16,2.5,,,,,,ASSISTED_LIVING,,,,,,,,,,,,,,,,,,,,,,,,,,,,,,,,,,,
5tw6voj8qr,1,hamPrototypeDevelopmentResponsive2019,Prototype Development of Responsive Kinetic Façade Control System for the Elderly Based on Ambient Assisted Living,"Ham, S and Cho, H and Lee, H and Lee, G",2019,,,0,,,,,,ASSISTED_LIVING,,,,,,,,,,,,,,,,,,,,,,,,,,,,,,,,,,,
5utnj3lzj6q,1,ngankamIoTArchitectureMicroservices2019,An IoT Architecture of Microservices for Ambient Assisted Living Environments to Promote Aging in Smart Cities,"Ngankam, Hubert Kenfack and Pigot, Hélène and Parenteau, Maxime and Lussier, Maxime and Aboujaoudé, Aline and Laliberté, Catherine and Couture, Mélanie and Bier, Nathalie and Giroux, Sylvain",2019,,,0,,,,IOT,,ASSISTED_LIVING,,,,,,,,,,,,,,,,,,,,,,,,,,,,,,,,,,,
5v8j9v18eff,1,ramosAssessingVulnerabilitiesIoTBased2020,Assessing Vulnerabilities in IoT-Based Ambient Assisted Living Systems,"Ramos, JLH and Skarmeta, A",2020,,,0,,,,IOT,,ASSISTED_LIVING,,,,,,,,,,,,,,,,,,,,,,,,,,,,,,,,,,,
5v9naci8rk,1,sturmDevelopmentPeripheralFeedback2005,Development of Peripheral Feedback to Support Lectures,"Sturm, Janienke and Iqbal, Rahat and Terken, Jacques",2005,,3,0.2,Untitled,,,,,,,EDUCATION,,,,,,,,,,,VISUAL,,,SCREEN,,NO,,,,,,,,,,,,,,,,,
5wgmlk0quxd,1,schmidtMatchingInformationAmbient1999,Matching Information and Ambient Media,"Schmidt, Albrecht and Gellersen, Hans-W. and Beigl, Michael",1999,,20,0.9,,,,,,INCREASE_AWARENESS,,WORKPLACE,,,,,,,,,,,,,,,,YES,,,,,,,,,,,,,,,,,
5x0bkks2qao,1,lindley2009desiring,Desiring to Be in Touch in a Changing Communications Landscape: Attitudes of Older Adults,"Lindley, Siân E and Harper, Richard and Sellen, Abigail",2009,,196,17,EpiGraph,,,,,,HEALTH,HOME,,,,,,,,,,,,,,,,NO,,,,,,,,,,,,,,,,,
5x4wqkk4xsq,1,narayanankannankuttyInnovatingIndependentLiving2014,Innovating Independent Living: Business Models for Internet of Things in Ambient Assisted Living,"Narayanankannankutty, N Rashmi",2014,,1,0.2,,,,IOT,,ASSISTED_LIVING,,,,,,,,,,,,,,,,,,,,,,,,,,,,,,,,,,,
5xdpie3utk,1,monacchiEarlyWarningSystem2012,An Early Warning System for Ambient Assisted Living,"Monacchi, A",2012,,2,0.2,,,,,,ASSISTED_LIVING,,,,,,,,,,,,,,,,,,,,,,,,,,,,,,,,,,,
5yq0u1uc0q8,1,sayutiLIGHTWEIGHTPRIORITYSCHEDULING2014,LIGHTWEIGHT PRIORITY SCHEDULING SCHEME FOR SMART HOME AND AMBIENT ASSISTED LIVING SYSTEM,"Sayuti, Hamdan and undefined, undefined",2014,,11,1.7,,,,,,ASSISTED_LIVING,,,,,,,,,,,,,,,,,,,,,,,,,,,,,,,,,,,
5zxq460uj7o,1,bieberAmbientInteractionSmart2012,Ambient Interaction by Smart Watches,"Bieber, Gerald and Kirste, Thomas and Urban, Bodo",2012,,68,8,,How to utilize Smart Watches in AIS,NO,TUI,,,HEALTH,,,,,,,,,,,,,,,,,NO,,,,,,,,,,,,,,,,,
60csc7w864b,1,pinazo-hernandisInnovacionParaEnvejecimiento2015,Innovación Para El Envejecimiento Activo En La Unión Europea. Análisis Del Programa Ambient Assisted Living Joint Programme (AAL) En El Periodo 2008-2015,"Pinazo-Hernandis, S and Puente, RP",2015,,5,0.9,,,,,,ASSISTED_LIVING,,,,,,,,,,,,,,,,,,,,,,,,,,,,,,,,,,,
62azfj8xup3,1,benghaziApplyingFormalVerification2009,Applying Formal Verification Techniques to Ambient Assisted Living Systems,"Benghazi, Kawtar and Hurtado, María Visitación and Rodríguez, María Luisa and Noguera, Manuel",2009,,8,0.7,,,,,,ASSISTED_LIVING,,,,,,,,,,,,,,,,,,,,,,,,,,,,,,,,,,,
64dipv4xll6,1,woolrychChallengesUsercentredResearch2012,Challenges of User-Centred Research in the Development of Ambient Assisted Living Systems,"Woolrych, Ryan and Sixsmith, Andrew",2012,,12,1.4,,,,,,ASSISTED_LIVING,,,,,,,,,,,,,,,,,,,,,,,,,,,,,,,,,,,
64x8swau3ec,1,zdravevskaCloudbasedRecognitionComplex2017,Cloud-Based Recognition of Complex Activities for Ambient Assisted Living in Smart Homes with Non-Invasive Sensors,"Zdravevska, Aleksandra and Dimitrievski, Ace and Lameski, Petre and Zdravevski, Eftim and Trajkovik, Vladimir",2017,,2,0.6,,,,AS,,ASSISTED_LIVING,,,,,,,,,,,,,,,,,,,,,,,,,,,,,,,,,,,
655sqidan1w,1,ruanoNILMTechniquesIntelligent2019,NILM Techniques for Intelligent Home Energy Management and Ambient Assisted Living: A Review,"Ruano, A and Hernandez, A and Ureña, J and Ruano, M and Garcia, J",2019,,35,23.3,,,,,,ASSISTED_LIVING,,,,,,,,,,,,,,,,,,,,,,,,,,,,,,,,,,,
65dgqd9xtdl,1,beilharzCriteriaAestheticsMapping2004,(Criteria \& Aesthetics for) Mapping Social Behaviour to Real Time Generative Structures for Ambient Auditory Display (Interactive Sonification),"Beilharz, K",2004,,8,0.5,Representing Energy,Real-time generative auditory and visual display driven by floor pressure mats that sonifies social/spatial behaviour using a Lindenmayer system,YES,ADAIS,"CONCEPT,PROTOTYPE","INCREASE_AWARENESS,OTHER",SOCIAL,"SOCIAL,URBAN",,,,,,,,,USER,MAKE_AWARE,"AUDIO,VISUAL",PUBLIC,HIGH,"SPEAKER,SCREEN",ART,NO,,,,,,,,,NONE,PRESENCE,"PERIPHERAL_PLACEMENT,CAMOUFLAGE",YES,NONE,NOT_MENTIONED,,,
65qwu7sbdt,1,slottaOrchestratingComplexInquiry2013,Orchestrating of Complex Inquiry: Three Roles for Learning Analytics in a Smart Classroom Infrastructure,"Slotta, James D and Tissenbaum, Mike and Lui, Michelle",2013,,61,8.1,EvoRoom,Room-sized immersive rainforest simulation with large-wall projections and Smartboards displaying an emergent cladogram from aggregated student observations,YES,ADAIS,"DEV,USECASE,PROTOTYPE","AID_IN_ACTIVITY,INCREASE_AWARENESS","EVENTS,ENVIRONMENT",EDUCATION,,,,,,,,,CONTINUOUS,USER_POLL,VISUAL,PUBLIC,HIGH,SCREEN,ARTIFICIAL,NO,,,,,,,,,NONE,PRESENCE,PERIPHERAL_PLACEMENT,NO,NA,NOT_MENTIONED,,,
65u0wfn60na,1,hervasMobileAugmentedReality2011,Mobile Augmented Reality Based on the Semantic Web Applied to Ambient Assisted Living,"Hervás, Ramón and Garcia-Lillo, Alberto and Bravo, José",2011,,30,3.2,,,,,,ASSISTED_LIVING,,,,,,,,,,,,,,,,,,,,,,,,,,,,,,,,,,,
670jbgs7qqm,1,rodriguesDependabilityAnalysisAmbient2012,Dependability Analysis in the Ambient Assisted Living Domain: An Exploratory Case Study,"Rodrigues, Genaina Nunes and Alves, Vander and Franklin, Renato and Laranjeira, Luiz",2012,,55,6.5,,,,,,ASSISTED_LIVING,,,,,,,,,,,,,,,,,,,,,,,,,,,,,,,,,,,
67bkt32hlom,1,rode-schubertAmbientAssistedLivingmarkt2012,Ambient Assisted Living-Ein Markt Der Zukunft,"Rode-Schubert, C",2012,,6,0.7,,,,,,ASSISTED_LIVING,,,,,,,,,,,,,,,,,,,,,,,,,,,,,,,,,,,
67gxmm62iog,1,vitaliPiEProcessesEvents2015,PiE - Processes in Events: Interconnections in Ambient Assisted Living,"Vitali, Monica and Pernici, Barbara",2015,,6,1.1,PiE,,,,,ASSISTED_LIVING,,,,,,,,,,,,,,,,,,,,,,,,,,,,,,,,,,,
67s14t22gdt,1,cornejoAmbientDisplaysIntegrating2010,Ambient Displays for Integrating Older Adults into Social Networking Sites,"Cornejo, Raymundo and Favela, Jesús and Tentori, Mónica",2010,,65,6.2,eBowl,An ambient display shaped as a bowl that conveys social networking site activity of relatives to older adults,YES,ADAIS,PROTOTYPE,"INCREASE_AWARENESS,ASSISTED_LIVING","SOCIAL,HEALTH","MEDICAL,HOME",,,,,,,,,EVENT,USER_POLL,VISUAL,FAMILY,MEDIUM,LED,FAMILIAR,NO,,,,,,,,,NONE,PRESENCE,AUGMENTATION,YES,NONE,NOT_MENTIONED,,,
680g8gavbwq,1,hemmertAmbientLifePermanent2008,Ambient Life: Permanent Tactile Life-like Actuation as a Status Display in Mobile Phones,"Hemmert, Fabian",2008,,14,1.1,Ambient Life,A mobile phone that produces permanent tactile life-like signals (breath and pulse) to display its status,YES,ADAIS,"PROTOTYPE,USECASE","INCREASE_AWARENESS,NOTIFICATION","EVENTS,OTHER",OTHER,,,,,,,,,CONTINUOUS,MAKE_AWARE,HAPTIC,PERSONAL,LOW,MOTOR,ARTIFICIAL,NO,,HOURS,IN_LAB,USERS,REDUCED_PROTOTYPE,COMMENTS,[NA],[NA],NONE,PRESENCE,MIMICRY,YES,NOISE,NOT_MENTIONED,,,
68lsy03wlxt,1,shenIntrusiveEvaluationPeripheral2005,An Intrusive Evaluation of Peripheral Display,"Shen, Xiaobin and Moere, Andrew Vande and Eades, Peter",2005,,17,1.1,Digital Data,A textual numerical visualization of financial data showing trade price and volume on a peripheral screen,NO,ADAIS,EVAL,INCREASE_AWARENESS,OTHER,WORKPLACE,,,,,,,,,CONTINUOUS,USER_POLL,VISUAL,PERSONAL,MEDIUM,SCREEN,ARTIFICIAL,YES,16,HOURS,IN_LAB,USERS,PROTOTYPE,"HEURISTIC_EVALUATION,INTERVIEW,QUESTIONNAIRE",DUAL_TASK,[NA],"COGNITIVE_LOAD,PERIPHERAL_ATTENTION",PRESENCE,PERIPHERAL_PLACEMENT,NO,NA,NOT_MENTIONED,,,
69yheqph59d,1,toumpaniarisSurveyChronicDiseases2014,A Survey for Chronic Diseases Management and the Related Sensors in the Ambient Assisted Living Environment,"Toumpaniaris, P and Iliopoulou, D and Lazakidou, A",2014,,3,0.5,,,,AS,,ASSISTED_LIVING,,,,,,,,,,,,,,,,,,,,,,,,,,,,,,,,,,,
6a711jiqvii,1,kyritsisUserRequirementAnalysis2018,User Requirement Analysis for the Design of a Gamified Ambient Assisted Living Application,"Kyritsis, Athanasios I. and Nuss, Julia and Holding, Lynnette and Rogers, Peter and O’Connor, Michael and Kostopoulos, Panagiotis and Suffield, Mervyn and Deriaz, Michel and Konstantas, Dimitri",2018,,1,0.4,,,,,,ASSISTED_LIVING,,,,,,,,,,,,,,,,,,,,,,,,,,,,,,,,,,,
6awjp77kjxk,1,manesTetherlessTouristAmbient2002,The Tetherless Tourist: Ambient Intelligence in Travel \& Tourism,"Manes, G",2002,,36,1.9,,,,,,,,,,,,,,,,,,,,,,,,,,,,,,,,,,,,,,,,,
6b3idzckb5o,1,wisneskiAmbientDisplaysTurning1998,Ambient Displays: Turning Architectural Space into an Interface between People and Digital Information,"Wisneski, Craig and Ishii, Hiroshi and Dahley, Andrew and Gorbet, Matt and Brave, Scott and Ullmer, Brygg and Yarin, Paul",1998,,671,29.8,Ambient Sound,Usage of digital whiteboard is mapped to sounds of dry-pen usage in remote room to make aware of aware of activity at central workspace.,YES,ADAIS,USECASE,INCREASE_AWARENESS,"SOCIAL,EVENTS",WORKPLACE,YES,Whiteboard Usage,NEAR,Sound of dry-pen usages,,,,ICONIC,EVENT,MAKE_AWARE,AUDIO,PERSONAL,LOW,SPEAKER,ASSOCIATED,NO,0,,,,,,,,"PERIPHERAL_ATTENTION,AWARENESS_CONSCIOUSNESS,SPATIAL_OBJECT_BINDING",PRESENCE,"PERIPHERAL_PLACEMENT,MIMICRY",YES,NONE,NOT_MENTIONED,,,
6c1hwsuudk7,1,wittlandSeriousGamesCognitive2015,Serious Games for Cognitive Training in Ambient Assisted Living Environments – a Technology Acceptance Perspective,"Wittland, Jan and Brauner, Philipp and Ziefle, Martina",2015,,18,3.3,,,,,,ASSISTED_LIVING,,,,,,,,,,,,,,,,,,,,,,,,,,,,,,,,,,,
6crb9fwu2pe,1,mladenovicDisimoAnchoringOur2018,Dišimo: Anchoring Our Breath,"Mladenović, Jelena and Frey, Jérémy and Cauchard, Jessica R.",2018,,3,1.2,Diˇsimo,"Increase relaxation, activated upon touch, heart rate mapped to light, sounds, actuation of physical particles",YES,ADAIS,"PROTOTYPE,DEV,USECASE",INCREASE_AWARENESS,"HEALTH,SOCIAL","HOME,WORKPLACE,SOCIAL",,,,,,,,,EVENT,MAKE_AWARE,"VISUAL,AUDIO,AIRMOVE",GROUP,MEDIUM,"LED,SPEAKER,MOTOR","ART,ASSOCIATED",NO,,,,,,,,,NONE,"PUSH,PRESENCE","PERIPHERAL_PLACEMENT,MIMICRY",YES,FABRICATION,NOT_MENTIONED,,,
6e4p0vgtdv8,1,weberAmbientIntelligenceIndustrial2003,Ambient Intelligence - Industrial Research on a Visionary Concept,"Weber, Werner",2003,,49,2.8,,,,AMI,,,,MEDICAL,,,,,,,,,,,,,,,,NO,,,,,,,,,,,,,,,,,
6fhepm6glq7,1,gellersenAmbientMediaPeripheral1999,Ambient Media for Peripheral Information Display,"Gellersen, Hans-W. and Schmidt, Albrecht and Beigl, Michael",1999,,43,2,Ambient Humidifier,"An ultrasonic humidifier in the office that changes its state (off, pulse, overflowing) to display levels of web activity",YES,ADAIS,"PROTOTYPE,CONCEPT,DEV","INCREASE_AWARENESS,NOTIFICATION",EVENTS,WORKPLACE,,,,,,,,,EVENT,MAKE_AWARE,VISUAL,GROUP,MEDIUM,MOTOR,FAMILIAR,NO,,MONTHS,IN_SITU,USERS,PROTOTYPE,"OBSERVATION,COMMENTS",[NA],SUBJECTIVE,NONE,PUSH,"AUGMENTATION,PERIPHERAL_PLACEMENT",YES,NONE,NOT_MENTIONED,,,
6fp9hnfwa1q,1,mailvaganamSpectroFlexiaInteractiveStained2013,SpectroFlexia: Interactive Stained Glass as a Flexible Peripheral Information Display,"Mailvaganam, Attalan and Bakker, Saskia",2013,,1,0.1,SpectroFlexia,Interactive stained glass placed on a window that displays digital information through the speed of smooth color transitions of light shining through translucent materials.,YES,ADAIS,"PROTOTYPE,DEV",INCREASE_AWARENESS,RESOURCES,WORKPLACE,,,,,,,,,CONTINUOUS,CHANGE_BLIND,VISUAL,PUBLIC,MEDIUM,MOTOR,"ART,FAMILIAR",NO,5,HOURS,IN_SITU,USERS,PROTOTYPE,"INTERVIEW,COMMENTS",[NA],[NA],NONE,PRESENCE,"CAMOUFLAGE,PERIPHERAL_PLACEMENT",YES,NONE,NOT_MENTIONED,,,
6gfq7yg53ic,1,parkWriggloShapechangingPeripheral2014,Wrigglo: Shape-changing Peripheral for Interpersonal Mobile Communication,"Park, Joohee and Park, Young-Woo and Nam, Tek-Jin",2014,,28,4.3,Wrigglo,Antennae-like shape-changing smartphone peripherals that replicate a remote partner's wriggling motions for non-verbal mobile communication,YES,"ADAIS,TUI","USECASE,PROTOTYPE",INCREASE_AWARENESS,SOCIAL,OTHER,,,,,,,,,EVENT,MAKE_AWARE,POS,PARTNERSHIP,MEDIUM,MOTOR,ARTIFICIAL,YES,24,HOURS,IN_LAB,USERS,PROTOTYPE,INTERVIEW,[NA],[NA],NONE,PUSH,AUGMENTATION,YES,NONE,NOT_MENTIONED,,,
6gu88vo42bw,1,mullerIterativeUserInvolvement2011,Iterative User Involvement in Ambient Assisted Living Research and Development Processes: Does It Really Make a Difference?,"Müller, S and Meyer, I and Bierhoff, I and Delaney, S",2011,,1,0.1,,,,,,ASSISTED_LIVING,,,,,,,,,,,,,,,,,,,,,,,,,,,,,,,,,,,
6hu8bretbgv,1,schlossAmbientMediaPublic2008,Ambient Media in Public Spaces,"Schloss, W Andrew and Stammen, Dale",2008,,5,0.4,FLOW,,,,,,,,,,,,,,,,,,,PUBLIC,,,,NO,,,,,,,,,,,,,,,,,
6i8wrm7ci2j,1,fariaTestingCertificationMethodology2014,A Testing and Certification Methodology for an Open Ambient-Assisted Living Ecosystem,"Faria, João Pascoal and Lima, Bruno and Sousa, Tiago Boldt and Martins, Angelo",2014,,8,1.2,,,,,,ASSISTED_LIVING,,,,,,,,,,,,,,,,,,,,,,,,,,,,,,,,,,,
6ikt6sllhw8,1,abascalAutomaticallyGeneratingTailored2011,Automatically Generating Tailored Accessible User Interfaces for Ubiquitous Services,"Abascal, Julio and Aizpurua, Amaia and Cearreta, Idoia and Gamecho, Borja and Garay-Vitoria, Nestor and Miñón, Raúl",2011,,37,3.9,,,,,,,HEALTH,,,,,,,,,,,,,,,,,NO,,,,,,,,,,,,,,,,,
6iuqm8sgbhq,1,ransiriWatchMeWristwornInterface2012,WatchMe: Wrist-Worn Interface That Makes Remote Monitoring Seamless,"Ransiri, Shanaka and Nanayakkara, Suranga",2012,,6,0.7,WatchMe,Pair of smart-watches to monitor elderly. Accelerometer is send to other watch and mapped to color (green -> red). + fall detection,YES,"AS,ADAIS","PROTOTYPE,DEV,USECASE","ASSISTED_LIVING,NOTIFICATION,INCREASE_AWARENESS",HEALTH,MEDICAL,,,,,,,,,CONTINUOUS,MAKE_AWARE,VISUAL,PERSONAL,MEDIUM,SCREEN,FAMILIAR,NO,,,,,,,,,NONE,"PRESENCE,PUSH",AUGMENTATION,NO,NA,NOT_MENTIONED,,,
6k5wzr96cto,1,fujinamiExperienceAugmentingMirror2008,An Experience with Augmenting a Mirror as a Personal Ambient Display,"Fujinami, Kaori and Kawsar, Fahim",2008,,11,0.9,AwareMirror,An augmented mirror (translucent mirror board on a computer monitor) that presents personalized decision-supportive information on the periphery of a user's sight while they use it as an ordinary mirror,YES,ADAIS,"EVAL,PROTOTYPE","INCREASE_AWARENESS,NOTIFICATION,AID_IN_ACTIVITY","ENVIRONMENT,EVENTS,TRANSPORT",HOME,,,,,,,,,OBJECT,USER_POLL,VISUAL,PERSONAL,MEDIUM,SCREEN,FAMILIAR,YES,18,WEEKS,IN_SITU,USERS,"PROTOTYPE,WOZ",INTERVIEW,[NA],SUBJECTIVE,NONE,"PULL,PRESENCE","AUGMENTATION,PERIPHERAL_PLACEMENT",YES,FAILURE,NOT_MENTIONED,,,
6kz3l4mzxwh,1,dobreAmbientAssistedLiving2016,"Ambient Assisted Living and Enhanced Living Environments: Principles, Technologies and Control","Dobre, C and x Mavromoustakis, C and Garcia, N and Goleva, RI",2016,,29,6.4,,,,,,ASSISTED_LIVING,,,,,,,,,,,,,,,,,,,,,,,,,,,,,,,,,,,
6l8rdm0ow4v,1,bookerUsabilityTestingNotification2004,Usability Testing of Notification Interfaces: Are We Focused on the Best Metrics?,"Booker, John E and Chewar, C M and McCrickard, D Scott",2004,,14,0.8,Spinning Cube,An infoArt cube on a desktop secondary display that spins and changes appearance to convey remote scene activity,YES,ADAIS,"EVAL,PROTOTYPE",INCREASE_AWARENESS,"SOCIAL,EVENTS","WORKPLACE,EDUCATION",,,,,,,,,CONTINUOUS,MAKE_AWARE,VISUAL,PERSONAL,HIGH,SCREEN,ART,YES,80,HOURS,IN_LAB,"USERS,EXPERTS",PROTOTYPE,"QUESTIONNAIRE,TASK_PERFORMANCE,USAGE_STATISTIC",DUAL_TASK,[NA],NONE,PRESENCE,"PERIPHERAL_PLACEMENT,CAMOUFLAGE",NO,NA,NOT_MENTIONED,,,
6lxbyc3zfs5,1,delicatoVariabilitiesWirelessActuators2009,Variabilities of Wireless and Actuators Sensor Network Middleware for Ambient Assisted Living,"Delicato, Flávia C. and Fuentes, Lidia and Gámez, Nadia and Pires, Paulo F.",2009,,21,1.8,,,,AS,,ASSISTED_LIVING,,,,,,,,,,,,,,,,,,,,,,,,,,,,,,,,,,,
6mn0ajoc584,1,holmanSketchSpaceDesigningInteractive2011,SketchSpace: Designing Interactive Behaviors with Passive Materials,"Holman, David and Benko, Hrvoje",2011,,13,1.4,SketchSpace,,,,,,,,,,,,,,,,,,,,,,,NO,,,,,,,,,,,,,,,,,
6mzxw6grbq9,1,hassanComputationallyEfficientEnvironmental2016,Computationally Efficient Environmental Monitoring with Electronic Nose: A Potential Technology for Ambient Assisted Living,"Hassan, Muhammad and Umar, Muhammad and Bermak, Amine and Ali, Amine Ait Si and Amira, Abbes",2016,,2,0.4,,,,AS,,ASSISTED_LIVING,,,,,,,,,,,,,,,,,,,,,,,,,,,,,,,,,,,
6n7bhmywksv,1,spanoudakisEngineeringAgentbasedApproach2009,Engineering an Agent-Based Approach to Ambient Assisted Living,"Spanoudakis, N and Moraitis, P and Dimopoulos, Y",2009,,3,0.3,,,,,,ASSISTED_LIVING,,,,,,,,,,,,,,,,,,,,,,,,,,,,,,,,,,,
6o6xfa2p45q,1,braunerUbiquitousComputingIts2015,Ubiquitous Computing at Its Best: Serious Exercise Games for Older Adults in Ambient Assisted Living Environments – a Technology Acceptance Perspective,"Brauner, Philipp and Holzinger, Andreas and Ziefle, Martina",2015,,17,3.1,,,,,,ASSISTED_LIVING,,,,,,,,,,,,,,,,,,,,,,,,,,,,,,,,,,,
6p2f3x98fy7,1,visser2011just,Just Saying ‘Hi’ Means a Lot: Designing Subtle Interactions for Social Connectedness,"Visser, Thomas and Vastenburg, Martijn and Keyson, David",2011,,2,0.2,WallTree,"A wall-mounted tree-shaped display whose branches represent up to 8 relatives and light up green when they are home, with stroking a branch to ping that person",YES,ADAIS,"PROTOTYPE,USECASE",INCREASE_AWARENESS,"SOCIAL,HEALTH","MEDICAL,HOME",,,,,,,,,"EVENT,USER",CHANGE_BLIND,VISUAL,HOUSEHOLD,MEDIUM,LED,"ART,FAMILIAR",YES,60,HOURS,IN_PRESENTATION,USERS,PROTOTYPE,INTERVIEW,[NA],[NA],NONE,"PRESENCE,PUSH",CAMOUFLAGE,YES,NONE,NOT_MENTIONED,,,
6pkrtxfh2b7,1,valsamakisSharablePersonalAutomations2017,Sharable Personal Automations for Ambient Assisted Living,"Valsamakis, Yannis and Savidis, Anthony",2017,,1,0.3,,,,,,ASSISTED_LIVING,,,,,,,,,,,,,,,,,,,,,,,,,,,,,,,,,,,
6q15uahgcwy,1,eberhardtBetterHealthAmbient2010,"Better Health and Ambient Assisted Living (AAL) from a Global, Regional and Local Economic Perspective","Eberhardt, Birgid and Fachinger, Uwe and Henke, Klaus Dirk",2010,,23,2.2,,,,,,ASSISTED_LIVING,,,,,,,,,,,,,,,,,,,,,,,,,,,,,,,,,,,
6q4r6339rl8,1,bornerTangibleInteractiveAmbient2015,Tangible Interactive Ambient Display Prototypes to Support Learning Scenarios,"Börner, Dirk and Tabuenca, Bernardo and Storm, Jeroen and Happe, Sven and Specht, Marcus",2015,,10,1.8,Feedback Cube,Cube with motion sensors and leds+speaker,YES,"ADAIS,TUI",PROTOTYPE,"INCREASE_AWARENESS,BEHAVIOURAL_CHANGE,AID_IN_ACTIVITY",HEALTH,EDUCATION,,,,,,,,,EVENT,MAKE_AWARE,"HAPTIC,VISUAL",GROUP,HIGH,"LED,SPEAKER","FAMILIAR,ARTIFICIAL",YES,8,HOURS,IN_LAB,EXPERTS,PROTOTYPE,"QUESTIONNAIRE,COMMENTS",[NA],[NA],NONE,"PUSH,PRESENCE",,YES,FABRICATION,NOT_MENTIONED,,,
6qkdhejik8m,1,dandreaMultimodalPervasiveFramework2009,A Multimodal Pervasive Framework for Ambient Assisted Living,"D'Andrea, A and D'Ulizia, A and Ferri, F and Grifoni, P",2009,,27,2.3,,,,,,ASSISTED_LIVING,,,,,,,,,,,,,,,,,,,,,,,,,,,,,,,,,,,
6ryh5ypckwf,1,Nabaztag2019,Nabaztag,,2019,,16,10.7,Nabaztag Rabbit,"Rabbit with ear movement,speaker + lights to read and notify about news (email, weather, stocks, alarm clock, rss feeds, ...)",,,,,,,,,,,,,,,,,,,,,,,,,,,,,,,,,,,,,,,
6sam4ae18dl,1,degraenOvergrownSupportingPlant2019,Overgrown: Supporting Plant Growth with an Endoskeleton for Ambient Notifications,"Degraen, Donald and Kosmalla, Felix and Krüger, Antonio",2019,,1,0.7,Overgrown,An actuated robotic endoskeleton that supports a climbing plant to grow over it and moves to deliver ambient notifications,YES,ADAIS,"PROTOTYPE,CONCEPT","NOTIFICATION,INCREASE_AWARENESS","EVENTS,SOCIAL,HEALTH",WORKPLACE,,,,,,,,,EVENT,MAKE_AWARE,VISUAL,HOUSEHOLD,MEDIUM,"MOTOR,ROBOT",FAMILIAR,NO,5,HOURS,IN_LAB,USERS,PROTOTYPE,"OBSERVATION,COMMENTS",[NA],[NA],NONE,"PUSH,PRESENCE","CAMOUFLAGE,MIMICRY",YES,NONE,NOT_MENTIONED,,,
6scxs07hjzw,1,clelandAmbientAssistedLiving2015,"Ambient Assisted Living. ICT-based Solutions in Real Life Situations: 7th International Work-Conference, IWAAL 2015, Puerto Varas, Chile, December 1-4 …","Cleland, I and Guerrero, L and Bravo, J",2015,,2,0.4,,,,,,ASSISTED_LIVING,,,,,,,,,,,,,,,,,,,,,,,,,,,,,,,,,,,
6simql20k2v,1,elsholzPersonalizableAmbientFixture2008,Personalizable Ambient Fixture,"Elsholz, J.-P. and Hermann, M. and de Melo, G. and Weber, M.",2008,,2,0.2,Illuminating keyboard,A keyboard with RGB LED backlight whose hue and brightness convey personalized ambient notifications,YES,ADAIS,"PROTOTYPE,EVAL,DEV",INCREASE_AWARENESS,EVENTS,WORKPLACE,,,,,,,,,EVENT,MAKE_AWARE,VISUAL,PERSONAL,MEDIUM,LED,ARTIFICIAL,YES,48,HOURS,IN_LAB,USERS,PROTOTYPE,"QUESTIONNAIRE,HEURISTIC_EVALUATION,TASK_PERFORMANCE",DUAL_TASK,[NA],"AWARENESS_CONSCIOUSNESS,SALIENCE",PUSH,"AUGMENTATION,PERIPHERAL_PLACEMENT",YES,NONE,NOT_MENTIONED,,,
6spvnp6ekco,1,steinkeInfluenceTrustAmbient2015,Influence of Trust in Ambient Assisted Living Technologies,"Steinke, F",2015,,4,0.7,,,,,,ASSISTED_LIVING,,,,,,,,,,,,,,,,,,,,,,,,,,,,,,,,,,,
6t7mk2i3arg,1,anUnobtrusivelyEnhancingReflectionAction2019,Unobtrusively Enhancing Reflection-in-Action of Teachers through Spatially Distributed Ambient Information,"An, Pengcheng and Bakker, Saskia and Ordanovski, Sara and Taconis, Ruurd and Paffen, Chris L.E. and Eggen, Berry",2019,,7,4.7,,,,,,,,"HOME,EDUCATION",,,,,,,,,,,,,,,,YES,,,,,,INTERVIEW,,,,,,,,,,,
6u0aitoe2zn,1,zentekMitPlugPlayZur2009,Mit Plug\&Play Zur Intelligenten Wohnumgebung: Ein Referenzmodell Zum Einrichten Und Verwalten Einer Ambient Assisted Living Umgebung,"Zentek, T and Rashid, A and Wolf, P and Kunze, C",2009,,2,0.2,,,,,,ASSISTED_LIVING,,,,,,,,,,,,,,,,,,,,,,,,,,,,,,,,,,,
6u37vq3m828,1,tovaresPublicLonelinessEndurance2020,The Public Loneliness of Endurance Athletes: Creating Ambient Affiliation through Involvement Strategies on Twitter,"Tovares, Alla V.",2020,,,0,,,,,,,,,,,,,,,,,,,,,,,,YES,,,,,,INTERVIEW,,,,,,,,,,,
6u7k6hvjgl3,1,misueMosaicViewModest2006,Mosaic View: Modest and Informative Display,"Misue, Kazuo",2006,,1,0.1,Mosaic View,A mosaic picture composed of many small tone-adjusted images that shows a modest overall image from afar and rich detail up close,YES,ADAIS,"PROTOTYPE,DEV,USECASE",INCREASE_AWARENESS,OTHER,OTHER,,,,,,,,,CONTINUOUS,USER_POLL,VISUAL,PUBLIC,HIGH,SCREEN,ART,NO,,,,,,,,,NONE,PRESENCE,CAMOUFLAGE,NO,NA,NOT_MENTIONED,,,
6u96azbq8fq,1,hossainUserModelingActivity2011,User Modeling for Activity Recognition and Support in Ambient Assisted Living,"Hossain, S and Valente, P and Hallenborg, K",2011,,2,0.2,,,,,,ASSISTED_LIVING,,,,,,,,,,,,,,,,,,,,,,,,,,,,,,,,,,,
6v1fsm8ao37,1,zeheBRIX2AVersatileToolkit2018,BRIX₂-A Versatile Toolkit for Rapid Prototyping and Education in Ubiquitous Computing,"Zehe, Sebastian",2018,,1,0.4,BRIX2,,,,DEV,,,,,,,,,,,,,,,,,,,YES,,,,,,QUESTIONNAIRE,,,,,,,,,,,
6vob7ru74p5,1,hippAmbientParkAssist2016,Ambient Park Assist: Supporting Reverse Parking Maneuvers with Ambient Light,"Hipp, Maximilian and Löcken, Andreas and Heuten, Wilko and Boll, Susanne",2016,,4,0.9,Ambient Park Assist,In-vehicle light display in the C-pillars that shows distance to rear obstacles via color-coded ambient light during reverse parking,YES,ADAIS,"PROTOTYPE,EVAL","AID_IN_ACTIVITY,INCREASE_AWARENESS",SAFETY,TRANSPORT,,,,,,,,,USER,MAKE_AWARE,VISUAL,PERSONAL,MEDIUM,LED,ASSOCIATED,NO,18,HOURS,IN_LAB,USERS,PROTOTYPE,"QUESTIONNAIRE,INTERVIEW,TASK_PERFORMANCE",QUESTIONNAIRE,SUBJECTIVE,NONE,"PRESENCE,PUSH","PERIPHERAL_PLACEMENT,AUGMENTATION",YES,NONE,NOT_MENTIONED,,,
6wawj7ktiie,1,liROSBasedMultirobot2013,Towards ROS Based Multi-Robot Architecture for Ambient Assisted Living,"Li, Ruijiao and Oskoei, Mohammadreza A. and Hu, Huosheng",2013,,13,1.7,,,,,,ASSISTED_LIVING,,,,,,,,,,,,,,,,,,,,,,,,,,,,,,,,,,,
6ws48k7vwqx,1,niekeInteroperabilityAmbientAssisted2010,Interoperability in Ambient Assisted Living (AAL)-Standardization of Sensor-Data Based on ISO/IEEE 11073,"Nieke, P and Hanke, S and Mayer, C and Hochgatterer, A",2010,,3,0.3,,,,AS,,ASSISTED_LIVING,,,,,,,,,,,,,,,,,,,,,,,,,,,,,,,,,,,
6wwo84bh22m,1,sandeepaEmergencySituationDetection2020,An Emergency Situation Detection System for Ambient Assisted Living,"Sandeepa, Chamara and Moremada, Charuka and Dissanayaka, Nadeeka and Gamage, Tharindu and Liyanage, Madhusanka",2020,,2,4,,,,,,ASSISTED_LIVING,,,,,,,,,,,,,,,,,,,,,,,,,,,,,,,,,,,
6wyysu5ha,1,ayalaSelfconfiguringAgentsAmbient2013,Self-Configuring Agents for Ambient Assisted Living Applications,"Ayala, I and Amor, M and Fuentes, L",2013,,40,5.3,,,,,,ASSISTED_LIVING,,,,,,,,,,,,,,,,,,,,,,,,,,,,,,,,,,,
6x74mjo1ssw,1,voitEnvisioningAmbientSmart2016,Envisioning an Ambient Smart Calendar to Support Aging in Place,"Voit, Alexandra and Stowell, Elizabeth and Weber, Dominik and Witte, Christoph and Kärcher, Daniel and Henze, Niels",2016,,7,1.6,Smart calendar system,"Wall-mounted ambient calendar display in a smart home that shows events, suggestions, and photos to support elderly users in daily activities and healthy behavior",YES,ADAIS,"CONCEPT,USECASE,ISSUES",BEHAVIOURAL_CHANGE,HEALTH,"MEDICAL,EDUCATION",,,,,,,,,EVENT,MAKE_AWARE,VISUAL,HOUSEHOLD,HIGH,SCREEN,ASSOCIATED,NO,,,,,,,,,NONE,"PUSH,PRESENCE",PERIPHERAL_PLACEMENT,NA,NA,NOT_MENTIONED,,,
6xh0esktk6h,1,ghayvatSmartHomeBased2018,Smart Home Based Ambient Assisted Living: Recognition of Anomaly in the Activity of Daily Living for an Elderly Living Alone,"Ghayvat, H. and Mukhopadhyay, S. and Shenjie, B. and Chouhan, A. and Chen, W.",2018,,19,7.6,,,,,,ASSISTED_LIVING,,,,,,,,,,,,,,,,,,,,,,,,,,,,,,,,,,,
6yifbxbh98v,1,nielsenEcoBearsAugmentingEveryday2015,EcoBears: Augmenting Everyday Appliances with Symbolic and Peripheral Feedback,"Nielsen, Nick and Pedersen, Sandra B. P. S. and Sørensen, Jens A. and Verdezoto, Nervo and Øllegaard, Nikolai H.",2015,,5,0.9,EcoBears,Polar bear-shaped modules augmenting a refrigerator that use ambient coloured lighting and a temperature display to communicate fridge temperature status and environmental issues,YES,ADAIS,"CONCEPT,PROTOTYPE",INCREASE_AWARENESS,RESOURCES,HOME,,,,,,,,,CONTINUOUS,MAKE_AWARE,VISUAL,FAMILY,MEDIUM,"LED,SCREEN","FAMILIAR,ASSOCIATED",NO,11,HOURS,"IN_SITU,IN_PRESENTATION",USERS,PROTOTYPE,"INTERVIEW,COMMENTS",[NA],[NA],NONE,"PRESENCE,PUSH","AUGMENTATION,PERIPHERAL_PLACEMENT",YES,FAILURE,NOT_MENTIONED,,,
6ypduurqr88,1,cuboCloudbasedInternetThings2014,A Cloud-Based Internet of Things Platform for Ambient Assisted Living,"Cubo, J and Nieto, A and Pimentel, E",2014,,115,17.7,,,,IOT,,ASSISTED_LIVING,,,,,,,,,,,,,,,,,,,,,,,,,,,,,,,,,,,
6zm67p10kk7,1,lustrekPostureMovementMonitoring2009,Posture and Movement Monitoring for Ambient Assisted Living,"Luštrek, M and Gams, M and Vélez, I",2009,,3,0.3,,,,AS,,ASSISTED_LIVING,,,,,,,,,,,,,,,,,,,,,,,,,,,,,,,,,,,
6zohry8y6h9,1,autexierSHIPToolLiveOrchestrating2013,SHIP-Tool Live: Orchestrating the Activities in the Bremen Ambient Assisted Living Lab,"Autexier, Serge and Hutter, Dieter and Mandel, Christian and Stahl, Christoph",2013,,3,0.4,,,,,,ASSISTED_LIVING,,,,,,,,,,,,,,,,,,,,,,,,,,,,,,,,,,,
6zqlttrhn24,1,kaufmannSmartThingsassistanceAmbient2012,Smart Things-Assistance for Ambient Assisted Living,"Kaufmann, M",2012,,1,0.1,,,,,,ASSISTED_LIVING,,,,,,,,,,,,,,,,,,,,,,,,,,,,,,,,,,,
6zqx42ojiry,1,bachingerRechtlicheHerausforderungenTechnikeinsatzes2013,Rechtliche Herausforderungen Des Technikeinsatzes in Der Altenpflege: Eine Rechtssoziologische Perspektive Auf Ambient Assisted Living,"Bachinger, LM and Fuchs, W",2013,,7,0.9,,,,,,ASSISTED_LIVING,,,,,,,,,,,,,,,,,,,,,,,,,,,,,,,,,,,
72qka4fb6kj,1,alsulamiEnhancedConceptualModel2017,An Enhanced Conceptual Model for Using Ambient Assisted Living to Provide a Home Proactive Monitoring System for Elderly Saudi Arabians,"Alsulami, Majid H. and Atkins, Anthony S. and Campion, Russell J. and Alaboudi, Abdulellah A.",2017,,2,0.6,,,,AS,,ASSISTED_LIVING,,,,,,,,,,,,,,,,,,,,,,,,,,,,,,,,,,,
72wc0htdbgw,1,zaglerAmbientAssistedLiving2008,"Ambient Assisted Living Systems-the Conflicts between Technology, Acceptance, Ethics and Privacy","Zagler, WL and Panek, P and Rauhala, M",2008,,32,2.6,,,,,,ASSISTED_LIVING,,,,,,,,,,,,,,,,,,,,,,,,,,,,,,,,,,,
731ot9vaqo9,1,bonanniLivingHyperreality2006,Living with Hyper-reality,"Bonanni, Leonardo",2006,,13,0.9,HeatSink,,,,,,HEALTH,"WORKPLACE,HOME",,,,,,,,,,,,,,,,YES,,,,,,QUESTIONNAIRE,,,,,,,,,,,
74caqi2ww1t,1,klucknerImprovingLongtermPersuasion2013,Improving Long-Term Persuasion for Energy Consumption Behavior: User-centered Development of an Ambient Persuasive Display for Private Households.,"Kluckner, PM",2013,,4,0.5,FORE-Watch,"A tablet app showing energy forecast (clock, today/tomorrow timelines) and feedback (consumption visualization, reward icons) using colour cues to persuade energy behavior change",YES,ADAIS,"PROTOTYPE,USECASE,EVAL","BEHAVIOURAL_CHANGE,INCREASE_AWARENESS",RESOURCES,HOME,,,,,,,,,CONTINUOUS,USER_POLL,VISUAL,HOUSEHOLD,HIGH,SCREEN,ARTIFICIAL,YES,24,MONTHS,IN_SITU,USERS,PROTOTYPE,"QUESTIONNAIRE,INTERVIEW",[NA],"SUBJECTIVE,OBJECTIVE",NONE,PRESENCE,PERIPHERAL_PLACEMENT,NO,NA,NOT_MENTIONED,,,
74ulcjopd9d,1,mccarthyProactiveDisplaysExperience2002,Proactive Displays \& the Experience UbiComp Project,"McCarthy, Joseph F. and Nguyen, David H. and Rashid, Al Mamunur and Soroczak, Suzanne",2002,,69,3.7,Neighborhood Window,A large public display showing a visualization of shared interests of nearby attendees based on words found on their homepages,YES,ADAIS,"PROTOTYPE,USECASE","INCREASE_AWARENESS,OTHER",SOCIAL,SOCIAL,,,,,,,,,OBJECT,USER_POLL,VISUAL,PUBLIC,HIGH,SCREEN,ARTIFICIAL,NO,,,,,,,,,NONE,PRESENCE,PERIPHERAL_PLACEMENT,NO,NA,NOT_MENTIONED,,,
74x1yjqz70b,1,wangEffectsStereoscopicDisplay2011,The Effects of Stereoscopic Display Luminance and Ambient Illumination on Visual Comfort,"Wang, Pei-Chia and Hwang, Sheue-Ling and Chen, Kuan-Yu and Chen, Jinn-Sen and Yang, Jinn-Cherng and Chang, Hung-Lu",2011,,10,1.1,Stereoscopic Display Visual Comfort Study,A study of a 3D stereoscopic display viewed under varying display luminance and ambient illumination levels to assess visual comfort,NO,ADAIS,EVAL,OTHER,OTHER,OTHER,,,,,,,,,CONTINUOUS,,VISUAL,PERSONAL,HIGH,SCREEN,ARTIFICIAL,YES,24,HOURS,IN_LAB,"USERS,EXPERTS",PROTOTYPE,"QUESTIONNAIRE,TASK_PERFORMANCE",PHYSIOLOGICAL,[NA],NONE,,,NO,NA,NOT_MENTIONED,,,
755gviafpp8,1,capodieciAmbientAssistedLiving2018,Ambient Assisted Living for Elderly People Using Smart Personal Assistants,"Capodieci, Antonio and Mainetti, Luca and Panarese, Paolo",2018,,1,0.4,,,,,,ASSISTED_LIVING,,,,,,,,,,,,,,,,,,,,,,,,,,,,,,,,,,,
75koqmwyiq2,1,kordziukiewiczWearableAmbientDisplay2020,Wearable Ambient Display Showing Local and Current Air Pollution Level,"Kordziukiewicz, KA",2020,,,0,,,,ADAIS,,,,,,,,,,,,,,,VISUAL,,,,,,,,,,,,,,,,,,,,,,
75navpexa9,1,ghasemiHumanActivityRecognition2016,Human Activity Recognition in Ambient Assisted Living Environments Using a Convex Optimization Problem,"Ghasemi, Vahid and Pouyan, Ali Akbar",2016,,4,0.9,,,,,,ASSISTED_LIVING,,,,,,,,,,,,,,,,,,,,,,,,,,,,,,,,,,,
75nnqwxfm7q,1,zschippigGardeningAmbientAssisted2016,Gardening in Ambient Assisted Living,"Zschippig, C and Kluss, T",2016,,11,2.4,,,,,,ASSISTED_LIVING,,,,,,,,,,,,,,,,,,,,,,,,,,,,,,,,,,,
764d7tc8eom,1,yinDailyActivityLearning2010,Daily Activity Learning from Motion Detector Data for Ambient Assisted Living,"Yin, GuoQing and Bruckner, Dietmar",2010,,22,2.1,,,,,,ASSISTED_LIVING,,,,,,,,,,,,,,,,,,,,,,,,,,,,,,,,,,,
76jogxn3hqt,1,santiSOPRANOPartizipativeEntwicklungDienstorientierter2008,SOPRANO-Partizipative Entwicklung Dienstorientierter Infrastrukturen Für Das Ambient Assisted Living,"Santi, M and Schmidt, A and Beinhauer, W",2008,,1,0.1,,,,,,ASSISTED_LIVING,,,,,,,,,,,,,,,,,,,,,,,,,,,,,,,,,,,
77rf3wab3p5,1,steinkePersonalRemoteAssistance2014,Personal Remote Assistance in Ambient Assisted Living—Experimental Research of Elderly People’s Trust and Their Intention to Use,"Steinke, Frederick and Ingenhoff, Alexander and Fritsch, Tobias",2014,,8,1.2,,,,,,ASSISTED_LIVING,,,,,,,,,,,,,,,,,,,,,,,,,,,,,,,,,,,
78e3ixuj7k,1,vatavu2012nomadic,Nomadic Gestures: A Technique for Reusing Gesture Commands for Frequent Ambient Interactions,"Vatavu, Radu-Daniel",2012,,35,4.1,,,,,,,,,,,,,,,,,,,,,,,,NO,,,,,,,,,,,,,,,,,
78oc2bf6kh9,1,storfEventdrivenApproachActivity2009,An Event-Driven Approach to Activity Recognition in Ambient Assisted Living,"Storf, Holger and Kleinberger, Thomas and Becker, Martin and Schmitt, Mario and Bomarius, Frank and Prueckner, Stephan",2009,,54,4.7,,,,,,ASSISTED_LIVING,,,,,,,,,,,,,,,,,,,,,,,,,,,,,,,,,,,
78s21e8czva,1,kimuraExtractingKeyFactors2008,Extracting Key Factors to Design Applications in Ambient Intelligence Environment,"Kimura, Hiroaki and Nakajima, Tatsuo",2008,,4,0.3,EcoIsland,"A kitchen display showing a virtual island where family avatars are threatened by rising water as household CO2 emissions increase, to encourage eco-friendly behavior",YES,"AMI,ADAIS","USECASE,PROTOTYPE,EVAL","BEHAVIOURAL_CHANGE,INCREASE_AWARENESS",HEALTH,HOME,,,,,,,,,CONTINUOUS,USER_POLL,VISUAL,FAMILY,HIGH,SCREEN,ASSOCIATED,YES,20,WEEKS,IN_SITU,USERS,PROTOTYPE,"INTERVIEW,QUESTIONNAIRE",[NA],"SUBJECTIVE,OBJECTIVE",NONE,PRESENCE,CAMOUFLAGE,YES,NONE,NOT_MENTIONED,,,
79f1k7l65o7,1,simoninActivityMonitoringProcess2015,Activity Monitoring Process Based on Model-Driven Engineering–Application to Ambient Assisted Living,"Simonin, J and Soulas, J and Lenca, P",2015,,3,0.5,,,,AS,,ASSISTED_LIVING,,,,,,,,,,,,,,,,,,,,,,,,,,,,,,,,,,,
79fkjojp0la,1,bovermann2012upstairs,Upstairs--Supporting Peripheral Awareness Between Non-Colocated Spaces,"Bovermann, Till and Tünnermann, René and Leichsenring, Christian and Hermann, Thomas",2012,,2,0.2,Upstairs,Increase emotional communication/exchanges over distances,YES,ADAIS,"CONCEPT,PROTOTYPE,DEV",INCREASE_AWARENESS,SOCIAL,HOME,YES,Sounds recorded at remote floor,REMOTE,Sounds coming from the ceiling,,,,,CONTINUOUS,CHANGE_BLIND,AUDIO,HOUSEHOLD,MEDIUM,SPEAKER,ASSOCIATED,YES,,HOURS,IN_SITU,EXPERTS,PROTOTYPE,COMMENTS,[NA],[NA],NONE,PRESENCE,"MIMICRY,PERIPHERAL_PLACEMENT",YES,FABRICATION,NOT_MENTIONED,,,
79zeo62k2j9,1,dinglerMemorySupportInHome2016,Memory Support through In-Home Display Deployment,"Dingler, Tilman and Wahju, Philipp and Knierim, Pascal and Schmidt, Albrecht",2016,,3,0.7,Memory Displays,"A bed-side alarm clock device with Raspberry Pi, projector and speakers that projects an audio-visual dashboard of personal lifelog data to support memory",YES,ADAIS,"PROTOTYPE,USECASE,EVAL","INCREASE_AWARENESS,AID_IN_ACTIVITY,BEHAVIOURAL_CHANGE",HEALTH,"HOME,MEDICAL",,,,,,,,,CONTINUOUS,USER_POLL,"VISUAL,AUDIO",PERSONAL,HIGH,SCREEN,FAMILIAR,YES,140,DAYS,IN_SITU,USERS,PROTOTYPE,INTERVIEW,[NA],SUBJECTIVE,MEMORY_OTHER,"PUSH,PRESENCE","PERIPHERAL_PLACEMENT,AUGMENTATION",YES,NOISE,NO,,,
7a9evapxy7,1,houbenPhysikitDataEngagement2016,Physikit: Data Engagement Through Physical Ambient Visualizations in the Home,"Houben, Steven and Golsteijn, Connie and Gallacher, Sarah and Johnson, Rose and Bakker, Saskia and Marquardt, Nicolai and Capra, Licia and Rogers, Yvonne",2016,,80,17.8,Physikit: PhysiAir,A cubical ambient visualization that represents sensed environmental data through airflow produced by a small and large fan,YES,"IOT,ADAIS","PROTOTYPE,DEV,EVAL","INCREASE_AWARENESS,NOTIFICATION",HEALTH,HOME,,,,,,,,,CONTINUOUS,CHANGE_BLIND,VISUAL,HOUSEHOLD,MEDIUM,MOTOR,"ARTIFICIAL,ASSOCIATED",NO,11,WEEKS,IN_SITU,USERS,PROTOTYPE,"INTERVIEW,COMMENTS,OBSERVATION,USAGE_STATISTIC",[NA],SUBJECTIVE,NONE,"PUSH,PRESENCE","PERIPHERAL_PLACEMENT,CAMOUFLAGE",YES,NONE,YES,,,
7ar4l6g9z27,1,patelPerformanceAnalysisSupervised2019,Performance Analysis of Supervised Machine Learning Algorithms to Recognize Human Activity in Ambient Assisted Living Environment,"Patel, Ashish D and Shah, Jigarkumar H",2019,,1,0.7,,,,,,ASSISTED_LIVING,,,,,,,,,,,,,,,,,,,,,,,,,,,,,,,,,,,
7b0puivoaqg,1,alsulamiFactorsInfluencingAgeing2016,Factors Influencing Ageing Population for Adopting Ambient Assisted Living Technologies in the Kingdom of Saudi Arabia,"Alsulami, MH and Atkins, AS",2016,,11,2.4,,,,,,ASSISTED_LIVING,,,,,,,,,,,,,,,,,,,,,,,,,,,,,,,,,,,
7btq2kw8vck,1,metaxasDailyActivitiesDiarist2007,Daily Activities Diarist: Supporting Aging in Place with Semantically Enriched Narratives,"Metaxas, Georgios and Metin, Barbaros and Schneider, Jutta and Markopoulos, Panos and De Ruyter, Boris",2007,,38,2.8,Daily Activities Diarist,"Improve social connectedness between seniors and relatives, relatives are informed about seniors state via",,,,INCREASE_AWARENESS,"HEALTH,SOCIAL",,,,,,,,,,,,,,,,,NO,,,,,,,,,,,,,,,,,
7c607qma8pg,1,jaraInternetThingsBased2011,An Internet of Things–Based Personal Device for Diabetes Therapy Management in Ambient Assisted Living (AAL),"Jara, AJ and Zamora, MA and Skarmeta, AFG",2011,,264,27.8,,,,IOT,,ASSISTED_LIVING,,,,,,,,,,,,,,,,,,,,,,,,,,,,,,,,,,,
7cgypkeg9rl,1,lazakidouWirelessTechnologiesAmbient2011,Wireless Technologies for Ambient Assisted Living and Healthcare: Systems and Applications,"Lazakidou, AA and Siassiakos, KM and Ioannou, KG",2011,,27,2.8,,,,,,ASSISTED_LIVING,,,,,,,,,,,,,,,,,,,,,,,,,,,,,,,,,,,
7d9aiuhcrv,1,hazlewoodDefiningAmbiencePublic2008,Defining Ambience: Public Ambient Displays for Promoting Community Awareness,"Hazlewood, WR and Makice, K and Connelly, K",,,,0,,,,ADAIS,,,,,,,,,,,,,,,,,,,,,,,,,,,,,,,,,,,,,
7dqnc3d6mht,1,silvaAmbientAssistedLiving2018,Ambient Assisted Living: Assessment,"Silva, AG",2018,,1,0.4,,,,,,ASSISTED_LIVING,,,,,,,,,,,,,,,,,,,,,,,,,,,,,,,,,,,
7ejsl5vyznf,1,zappavignaAmbientAffiliationLinguistic2011,Ambient Affiliation: A Linguistic Perspective on Twitter,"Zappavigna, M",2011,,579,60.9,,,,,,,,,,,,,,,,,,,,,,,,,,,,,,,,,,,,,,,,,
7eyw47vxh8m,1,novaisInterorganizationCooperationAmbient2010,Inter-Organization Cooperation for Ambient Assisted Living,"Novais, Paulo and Costa, Ricardo and Carneiro, Davide and Neves, José",2010,,38,3.6,,,,,,ASSISTED_LIVING,,,,,,,,,,,,,,,,,,,,,,,,,,,,,,,,,,,
7fjte8t6awv,1,zavadskasModelMultipleCriteria2008,Model for Multiple Criteria Analysis of Integrated Intelligent and Built-up Ambient Assisted Living Environment,"Zavadskas, E. K¿ and Krutinis, M. and Kaklauskas, A. and Vainiunas, P. and Naimaviciene, J. and Povilaityte, L. and Tupenaite, L.",2008,,3,0.2,,,,,,ASSISTED_LIVING,,,,,,,,,,,,,,,,,,,,,,,,,,,,,,,,,,,
7iitwswmpbr,1,kiefferUsercenteredDesignFast2009,User-Centered Design and Fast Prototyping of an Ambient Assisted Living System for Elderly People,"Kieffer, Suzanne and Lawson, Jean-Yves Lionel and Macq, Benoît",2009,,14,1.2,,,,,,ASSISTED_LIVING,,,,,,,,,,,,,,,,,,,,,,,,,,,,,,,,,,,
7iwzfab20ak,1,queirosAmbientAssistedLiving2018a,Ambient Assisted Living: Systematic Review,"Queirós, Alexandra and da Rocha, Nelson Pacheco",2018,,2,0.8,,,,,,ASSISTED_LIVING,,,,,,,,,,,,,,,,,,,,,,,,,,,,,,,,,,,
7kptkk6ckrr,1,millerArtisticallyConveyingPeripheral2002,Artistically Conveying Peripheral Information with the InfoCanvas,"Miller, Todd and Stasko, John",2002,,69,3.7,InfoCanvas,A secondary screen display showing a personalized information-driven visual collage that maps web and email data to pictorial elements on a background scene,YES,ADAIS,"PROTOTYPE,DEV,USECASE",INCREASE_AWARENESS,"ENVIRONMENT,EVENTS,SOCIAL,OTHER","WORKPLACE,HOME",,,,,,,,,CONTINUOUS,USER_POLL,VISUAL,PERSONAL,HIGH,SCREEN,"ART,FAMILIAR",NO,,,,,,,,,NONE,PRESENCE,"CAMOUFLAGE,PERIPHERAL_PLACEMENT",NO,NA,NOT_MENTIONED,,,
7lwo4z78ya6,1,ferreiraDesignPrototypingEvaluation2008,"Design, Prototyping and Evaluation of Ambient Media: Lessons Learned from the Ambient Notifier","Ferreira, D and Kostakos, V and Rogstadius, J and Venkatanathan, J",,,,0,Ambient Notifier,"A standalone lamp-like device that changes LED colour to notify users of incoming calls, missed calls and received SMSs on their mobile phone",YES,ADAIS,"PROTOTYPE,ISSUES,EVAL","NOTIFICATION,INCREASE_AWARENESS","EVENTS,SOCIAL","HOME,WORKPLACE",,,,,,,,,EVENT,MAKE_AWARE,"VISUAL,AUDIO",PERSONAL,MEDIUM,LED,FAMILIAR,YES,12,WEEKS,"IN_SITU,IN_LAB","USERS,EXPERTS",PROTOTYPE,"HEURISTIC_EVALUATION,INTERVIEW,COMMENTS,OBSERVATION",[NA],SUBJECTIVE,NONE,"PUSH,PRESENCE",AUGMENTATION,YES,POWER,NOT_MENTIONED,,,
7nbm2rvf8v6,1,lambertyUsingLargeDisplay2011,Using a Large Display in the Periphery to Support Children Learning through Design,"Lamberty, K K and Adams, Stephen and Biatek, Jason and Froiland, Katherine and Lapham, Jay",2011,,10,1.1,DigiQuilt,A large peripheral display projecting children's quilt block designs from individual client computers to support awareness and sharing of design activities,YES,ADAIS,"USECASE,EVAL,PROTOTYPE","INCREASE_AWARENESS,AID_IN_ACTIVITY",OTHER,"WORKPLACE,EDUCATION",,,,,,,,,CONTINUOUS,MAKE_AWARE,VISUAL,GROUP,HIGH,SCREEN,ARTIFICIAL,YES,15,WEEKS,IN_SITU,USERS,PROTOTYPE,INTERVIEW,[NA],"OBJECTIVE,SUBJECTIVE",NONE,PRESENCE,PERIPHERAL_PLACEMENT,NO,NA,NOT_MENTIONED,,,
7ngcgbtc7iv,1,dimitrievskiSurveyAmbientAssisted2016,A Survey of Ambient Assisted Living Systems: Challenges and Opportunities,"Dimitrievski, Ace and Zdravevski, Eftim and Lameski, Petre and Trajkovik, Vladimir",2016,,21,4.7,,,,,,ASSISTED_LIVING,,,,,,,,,,,,,,,,,,,,,,,,,,,,,,,,,,,
7nvxanxhpyf,1,komninosAssessingPerceptibilitySmartphone2019,Assessing the Perceptibility of Smartphone Notifications in Smart Lighting Spaces,"Komninos, Andreas and Besharat, Jeries and Stefanis, Vassilios and Gogoulou, Georgia and Garofalakis, John",2019,,1,0.7,,,,,,,,,,,,,,,,,,,,,,,,,,,,,,,,,,,,,,,,,
7o7wu1gz3hr,1,rockerCurrentApproachesAmbient2012,Current Approaches to Ambient Assisted Living,"Röcker, C and Ziefle, M",2012,,7,0.8,,,,,,ASSISTED_LIVING,,,,,,,,,,,,,,,,,,,,,,,,,,,,,,,,,,,
7onegseow9b,1,deguzmanExploringDesignUse2004,Exploring the Design and Use of Peripheral Displays of Awareness Information,"De Guzman, Edward S. and Yau, Margaret and Gagliano, Anthony and Park, Austin and Dey, Anind K.",2004,,61,3.7,Chime,,,,PROTOTYPE,INCREASE_AWARENESS,,WORKPLACE,,,,,,,,,,,,,,,,NO,,,,,,,,,,,,,,,,,
7q2h8miinxe,1,wanScalableInfrastructureAmbient2013,Towards a Scalable Infrastructure for Ambient Assisted Living,"Wan, Jie and O'Grady, Michael J. and O'Hare, Gregory M. P.",2013,,1,0.1,,,,,,ASSISTED_LIVING,,,,,,,,,,,,,,,,,,,,,,,,,,,,,,,,,,,
7qzkqowkhwd,1,ullmerStrataICCPhysical2001,Strata/ICC: Physical Models as Computational Interfaces,"Ullmer, Brygg",2001,,14,0.7,Strata/ICC,"A computationally-augmented physical model of a 54-story skyscraper that displays building infrastructure data such as electricity, water, and network usage through embedded lighting",YES,ADAIS,"PROTOTYPE,DEV,USECASE",INCREASE_AWARENESS,RESOURCES,"URBAN,WORKPLACE",,,,,,,,,OBJECT,USER_POLL,VISUAL,PUBLIC,MEDIUM,LED,"ART,ASSOCIATED",NO,,,IN_SITU,USERS,PROTOTYPE,COMMENTS,[NA],[NA],NONE,"PULL,PRESENCE",CAMOUFLAGE,YES,FABRICATION,NOT_MENTIONED,,,
7ronomrlgln,1,jensenYouThinkIt2020,"Do You Think It Is Going to Be the Cock?"": Using Ambient Shadow Projection in Dialogic Reading","Jensen, Walther and Knoche, Hendrik and Löchtefeld, Markus",2020,,,0,,,,,PROTOTYPE,,HEALTH,,,,,,,,,,,,,,,,,NO,,,,,,,,,,,,,,,,,
7ruu329zovw,1,buechleyLivingWallProgrammable2010,Living Wall: Programmable Wallpaper for Interactive Spaces,"Buechley, Leah and Mellis, David and Perner-Wilson, Hannah and Lovell, Emily and Kaufmann, Bonifaz",2010,,21,2,Living Wall,"Interactive painted wallpaper with detachable magnetic electronic modules that sense the environment and respond with light, sound, and motion",YES,ADAIS,"PROTOTYPE,DEV",UNSTATED,"ENVIRONMENT,EVENTS",HOME,,,,,,,,,USER,MAKE_AWARE,VISUAL,PUBLIC,LOW,"LED,MOTOR,SPEAKER","FAMILIAR,ART",NO,,,,,,,,,NONE,PUSH,"CAMOUFLAGE,AUGMENTATION",YES,NONE,NOT_MENTIONED,,,
7rwpd2gykif,1,boltonWristWornThermohapticDevice2015,A Wrist-Worn Thermohaptic Device for Graceful Interruption,"Bolton, Frank and Jalaliniya, Shahram and Pederson, Thomas",2015,,6,1.1,,,,,,,HEALTH,,,,,,,,,,,,,,,,,,,,,,,,,,,,,,,,,,
7s1vuaeh4up,1,rongAmbientAssistedLiving2008,Ambient Assisted Living–Neue Wachstumschancen Für Gesundheitsunternehmen Und Industrie Durch Neue Geschäftsmodelle Und Kooperationen,"Rong, O",2008,,1,0.1,,,,,,ASSISTED_LIVING,,,,,,,,,,,,,,,,,,,,,,,,,,,,,,,,,,,
7s7wc69vcpb,1,takacs2007mobile,A Mobile System for Assisted Living with Ambient Facial Interfaces,"Takács, Barnabás and Hanák, Dávid",2007,,28,2.1,,,,,,ASSISTED_LIVING,HEALTH,MEDICAL,,,,,,,,,,,,,,,,NO,,,,,,,,,,,,,,,,,
7upndaatccc,1,cascadoVirtualWorldsEnhance2010,Virtual Worlds to Enhance Ambient-Assisted Living,"Cascado, Daniel and Romero, Salvador Jesús and Hors, Santiago and Brasero, Ángel and Fernandez-Luque, Luis and Sevillano, José Luis",2010,,20,1.9,,,,,,ASSISTED_LIVING,,,,,,,,,,,,,,,,,,,,,,,,,,,,,,,,,,,
7vlgz5e63k9,1,jaraAmbientAssistedLiving2011,An Ambient Assisted Living Platform to Integrate Biometric Sensors to Detect Respiratory Failures for Patients with Serious Breathing Problems,"Jara, Antonio J. and Zamora, Miguel A. and Skarmeta, Antonio F. Gómez",2011,,6,0.6,,,,AS,,ASSISTED_LIVING,,,,,,,,,,,,,,,,,,,,,,,,,,,,,,,,,,,
7wh5z3560ry,1,telesBridgingGapTechnology2019,Bridging the Gap between Technology and Older Adults: Insights from a Collaborative Workshop on R\&D Methodologies for Ambient Assisted Living Solutions,"Teles, Soraia and de Sousa, Rita Tavares and Abrantes, Diogo and Bertel, Diotima and Ferreira, Ana and Paúl, Constança",2019,,1,0.7,,,,,,ASSISTED_LIVING,,,,,,,,,,,,,,,,,,,,,,,,,,,,,,,,,,,
7wridufetu3,1,kleinbergerApproachEvaluationsAssisted2009,An Approach to and Evaluations of Assisted Living Systems Using Ambient Intelligence for Emergency Monitoring and Prevention,"Kleinberger, Thomas and Jedlitschka, Andreas and Storf, Holger and Steinbach-Nordmann, Silke and Prueckner, Stephan",2009,,40,3.5,,,,AS,,ASSISTED_LIVING,,,,,,,,,,,,,,,,,,,,,,,,,,,,,,,,,,,
7wrpx2wvm6e,1,plaue2007animation,"Animation in a Peripheral Display: Distraction, Appeal, and Information Conveyance in Varying Display Configurations","Plaue, Christopher and Stasko, John",2007,,32,2.4,BlueGoo,"A peripheral information display system that visualizes RSS news feeds as dynamic, animated photographic collages on a secondary monitor",YES,ADAIS,"PROTOTYPE,EVAL",INCREASE_AWARENESS,EVENTS,"WORKPLACE,URBAN",,,,,,,,,CONTINUOUS,CHANGE_BLIND,VISUAL,"PERSONAL,PUBLIC",HIGH,"SCREEN,PROJECTION",ART,NO,36,HOURS,IN_LAB,USERS,PROTOTYPE,"QUESTIONNAIRE,INTERVIEW,TASK_PERFORMANCE",[NA],[NA],NONE,PRESENCE,"PERIPHERAL_PLACEMENT,CAMOUFLAGE",NO,NA,NOT_MENTIONED,,,
7wt9d8ek929,2,chatzitsakyrisINVisiblePerceivingInvisible2004,IN-Visible: Perceiving Invisible Urban Information through Ambient Media,"Chatzitsakyris, Panagiotis and Ducla-Soares, Gonçalo and Zulas, Alejandro",2004,,10,0.6,IN-Visible: Interior,Transparent screens replacing subway train windows that display pre-recorded motion pictures of the urban space above based on train position and speed,YES,ADAIS,"PROTOTYPE,USECASE","INCREASE_AWARENESS,AID_IN_ACTIVITY",OTHER,URBAN,,,,,,,,,CONTINUOUS,USER_POLL,VISUAL,PUBLIC,HIGH,SCREEN,ASSOCIATED,NO,,,,,,,,,NONE,PRESENCE,AUGMENTATION,NA,NA,NOT_MENTIONED,,,
7xdyaoftdng,1,deyConceptualFrameworkToolkit2001,A Conceptual Framework and a Toolkit for Supporting the Rapid Prototyping of Context-Aware Applications,"Dey, Anind and Abowd, Gregory and Salber, Daniel",2001,,4103,210.4,,,,,DEV,,,,,,,,,,,,,,,,,,,,,,,,,,,,,,,,,,,,
7xic2z971l5,1,renLightSitUnobtrusiveHealthPromoting2019,LightSit: An Unobtrusive Health-Promoting System for Relaxation and Fitness Microbreaks at Work,"Ren, Xipei and Yu, Bin and Lu, Yuan and Zhang, Biyong and Hu, Jun and Brombacher, Aarnout",2019,,8,5.3,LightSit,An LED light strip in a monitor stand paired with a sensor seat pad that visualizes sedentary time and stress and guides stretching and breathing microbreaks,YES,ADAIS,"PROTOTYPE,DEV,EVAL,USECASE",BEHAVIOURAL_CHANGE,HEALTH,"WORKPLACE,MEDICAL",,,,,,,,,CONTINUOUS,MAKE_AWARE,VISUAL,PERSONAL,MEDIUM,LED,"AUGMENTATION,ARTIFICIAL",YES,50,HOURS,IN_PRESENTATION,USERS,PROTOTYPE,INTERVIEW,[NA],SUBJECTIVE,NONE,PRESENCE,"AUGMENTATION,PERIPHERAL_PLACEMENT",YES,NONE,NOT_MENTIONED,,,
7xlt6rm1w8e,1,holzingerInformaticsSemioticsEngineering2011,"Informatics as Semiotics Engineering: Lessons Learned from Design, Development and Evaluation of Ambient Assisted Living Applications for Elderly People","Holzinger, Andreas and Searle, Gig and Auinger, Andreas and Ziefle, Martina",2011,,28,2.9,,,,,,ASSISTED_LIVING,,,,,,,,,,,,,,,,,,,,,,,,,,,,,,,,,,,
7ypiilfakvp,1,kleinAmbientAssistedLiving2012,"Ambient Assisted Living, Telecare, Telehealth—Neue Technologieund Organisa-Tionskonzepte. Projekte Und Trends in Australien, Gro","Klein, B and Horbach, A and Cook, G and Bailey, C",2012,,2,0.2,,,,,,ASSISTED_LIVING,,,,,,,,,,,,,,,,,,,,,,,,,,,,,,,,,,,
7yq0mlcc6jy,1,dadlaniSupportingPeaceMind2011,Supporting Peace of Mind and Independent Living with the Aurama Awareness System,"Dadlani, Pavan and Markopoulos, Panos and Sinitsyn, Alexander and Aarts, Emile",2011,,26,2.7,Aurama,,,,,INCREASE_AWARENESS,"HEALTH,SOCIAL","MEDICAL,HOME",,,,,,,,,,,,,,,,YES,,,,,,"INTERVIEW,QUESTIONNAIRE",,,,,,,,,,,
8089swyw3oy,1,queirosAmbientAssistedLiving2017,Ambient Assisted Living and Health-Related Outcomes—a Systematic Literature Review,"Queiros, A and Dias, A and Silva, AG and Rocha, NP",2017,,12,3.4,,,,,,ASSISTED_LIVING,,,,,,,,,,,,,,,,,,,,,,,,,,,,,,,,,,,
80ojq4qymxf,1,andreoniErgonomicsDesignSustainability2012,Ergonomics and Design for Sustainability in Healthcare: Ambient Assisted Living and the Social-Environmental Impact of Patients Lifestyle,"Andreoni, G and Arslan, P and Costa, F and Muschiato, S and Romero, M",2012,,7,0.8,,,,,,ASSISTED_LIVING,,,,,,,,,,,,,,,,,,,,,,,,,,,,,,,,,,,
820ze9toyj,1,vantonderVisualisationPersonalCommunication2008,Visualisation of Personal Communication Patterns Using Mobile Phones,"van Tonder, Bradley and Wesson, Janet",2008,,3,0.2,AmbiMate,Mobile phone screensaver-style ambient display visualising personal communication patterns using animated fish or flower metaphors,YES,ADAIS,"DEV,PROTOTYPE,USECASE,ISSUES",INCREASE_AWARENESS,SOCIAL,WORKPLACE,,,,,,,,,CONTINUOUS,USER_POLL,VISUAL,PERSONAL,HIGH,SCREEN,ARTIFICIAL,NO,8,HOURS,IN_LAB,USERS,PROTOTYPE,"QUESTIONNAIRE,COMMENTS,OBSERVATION,TASK_PERFORMANCE",[NA],[NA],NONE,PRESENCE,PERIPHERAL_PLACEMENT,NO,NA,NOT_MENTIONED,,,
82gn64dw97u,1,kennyStayintouchSystemAmbient2008,Stay-in-Touch: A System for Ambient Social Reminders,"Kenny, Eugene and Shannon, Ross and Quigley, Aaron",2008,,1,0.1,Stay-in-Touch,An ambient information system showing a time series plot of social interactions that recommends which friends to contact to maintain social rhythm,YES,ADAIS,"PROTOTYPE,USECASE,CONCEPT","INCREASE_AWARENESS,BEHAVIOURAL_CHANGE,NOTIFICATION","SOCIAL,HEALTH","WORKPLACE,HOME",,,,,,,,,CONTINUOUS,MAKE_AWARE,VISUAL,PERSONAL,HIGH,SCREEN,ARTIFICIAL,NO,,,,,,,,,NONE,PRESENCE,PERIPHERAL_PLACEMENT,NO,NA,NOT_MENTIONED,,,
82gzvv59op,1,chengSmartChairWhat2013,Smart Chair: What Can Simple Pressure Sensors under the Chairs' Legs Tell Us about User Activity?,"Cheng, Jingyuan and Zhou, Bo and Sundholm, M. and Lukowicz, Paul",2013,,29,3.9,Smart Chair,,,AS,,,,,,,,,,,,,,,,,,,,YES,,,,,,,,,,,,,,,,,
82mfi8mnnbl,1,spiekerSMALLCARScaledModel2017,SMALLCAR: A Scaled Model for Ambient Light Display Creation and Review of In-Vehicle Light Patterns,"Spieker, Jannik and Löcken, Andreas and Heuten, Wilko and Boll, Susanne",2017,,3,0.9,SMALLCAR,A downscaled model car equipped with RGB LED strips for prototyping in-vehicle ambient light patterns,YES,ADAIS,PROTOTYPE,"AID_IN_ACTIVITY,NOTIFICATION,INCREASE_AWARENESS",SAFETY,TRANSPORT,,,,,,,,,EVENT,MAKE_AWARE,VISUAL,PERSONAL,MEDIUM,LED,ASSOCIATED,YES,13,HOURS,IN_LAB,USERS,PROTOTYPE,"INTERVIEW,QUESTIONNAIRE",[NA],[NA],NONE,PUSH,PERIPHERAL_PLACEMENT,YES,OTHER,YES,,,
82we0su2762,1,vacherDevelopmentAudioSensing2011,Development of Audio Sensing Technology for Ambient Assisted Living: Applications and Challenges,"Vacher, M and Portet, F and Fleury, A and Noury, N",2011,,91,9.6,,,,,,ASSISTED_LIVING,,,,,,,,,,,,,,,,,,,,,,,,,,,,,,,,,,,
834w3jch433,1,sernaniTestingIntelligentSolutions2016,Testing Intelligent Solutions for the Ambient Assisted Living in a Simulator,"Sernani, Paolo and Calvaresi, Davide and Calvaresi, Paolo and Pierdicca, Matteo and Morbidelli, Enrico and Dragoni, Aldo Franco",2016,,3,0.7,,,,,,ASSISTED_LIVING,,,,,,,,,,,,,,,,,,,,,,,,,,,,,,,,,,,
83jfi96b32d,1,tzachevaVoiceActivatedInteractive2011,Voice Activated Interactive Ambient Information Display,"Tzacheva, Angelina A and Bell, Keith J and Miller, Hillary B",2011,,9,0.9,Untitled,An organic LED display resembling a wall painting that responds to voice queries and shows requested information as an aesthetic image collage,YES,ADAIS,"PROTOTYPE,USECASE,DEV","AID_IN_ACTIVITY,INCREASE_AWARENESS","EVENTS,OTHER","HOME,WORKPLACE",,,,,,,,,USER,USER_POLL,VISUAL,PUBLIC,HIGH,SCREEN,"ART,FAMILIAR",NO,,,,,,,,,NONE,PULL,CAMOUFLAGE,NO,NA,NOT_MENTIONED,,,
83nca4hs6p2,1,munozApproachRepresentingSensor2012,An Approach for Representing Sensor Data to Validate Alerts in Ambient Assisted Living,"Munoz, A and Serrano, E and Villa, A and Valdés, M and Botía, JA",2012,,29,3.4,,,,AS,,ASSISTED_LIVING,,,,,,,,,,,,,,,,,,,,,,,,,,,,,,,,,,,
83s97v81mlk,1,lamprechtInterdisziplinareZusammenarbeitIm2012,Interdisziplinäre Zusammenarbeit Im Forschungsgebiet Ambient Assisted Living Zur Bewältigung Demografischer Probleme Im Gesundheitswesen,"Lamprecht, M and Golubski, W and Häber, A and Heinze, M",2012,,1,0.1,,,,,,ASSISTED_LIVING,,,,,,,,,,,,,,,,,,,,,,,,,,,,,,,,,,,
84g6dz0znb,1,murphy-hillInteractiveAmbientVisualization2010,An Interactive Ambient Visualization for Code Smells,"Murphy-Hill, Emerson and Black, Andrew P.",2010,,139,13.2,,,,,,,,,,,,,,,,,,,,,,,,,,,,,,,,,,,,,,,,,
84nw6saez5x,1,zhangAmbientAssistedLiving2018,Ambient Assisted Living for Improvement of Health and Quality of Life—A Special Issue of the Journal of Informatics,"Zhang, S and Nugent, C and Lundström, J and Sheng, M",2018,,2,0.8,,,,,,ASSISTED_LIVING,,,,,,,,,,,,,,,,,,,,,,,,,,,,,,,,,,,
85u23g3htzf,1,chewarUnpackingCriticalParameters2004,Unpacking Critical Parameters for Interface Design: Evaluating Notification Systems with the IRC Framework,"Chewar, C M and McCrickard, D Scott and Sutcliffe, Alistair G",2004,,40,2.4,,,,,,,,,,,,,,,,,,,,,,,,YES,,,,,,INTERVIEW,,,,,,,,,,,
885jjkyudt7,1,venutoUltimateIoTApplication2016,The Ultimate IoT Application: A Cyber-Physical System for Ambient Assisted Living,"Venuto, D. De and Annese, V. F. and Sangiovanni-Vincentelli, A. L.",2016,,8,1.8,,,,IOT,,ASSISTED_LIVING,,,,,,,,,,,,,,,,,,,,,,,,,,,,,,,,,,,
8az326f9hfg,1,jafarinaimiBreakawayAmbientDisplay2005,Breakaway : An Ambient Display Designed to Change Human Behavior,"Jafarinaimi, Nassim and Forlizzi, Jordi and Hurst, Amy and Zimmerman, John",2005,,227,14.6,Breakaway,A small desktop sculpture that slouches or sits upright based on chair sensor data to encourage office workers to take breaks,YES,ADAIS,"PROTOTYPE,USECASE",BEHAVIOURAL_CHANGE,HEALTH,WORKPLACE,,,,,,,,,CONTINUOUS,MAKE_AWARE,POS,PUBLIC,MEDIUM,MOTOR,ART,YES,1,WEEKS,IN_SITU,USERS,PROTOTYPE,INTERVIEW,[NA],"SUBJECTIVE,OBJECTIVE",NONE,PRESENCE,CAMOUFLAGE,YES,OTHER,NOT_MENTIONED,,,
8bokjbtf5rr,1,gellersenAmbientMediaPeripheral1999,Ambient Media for Peripheral Information Display,"Gellersen, Hans-W. and Schmidt, Albrecht and Beigl, Michael",1999,,43,2,Ambient Table Fountain,A table fountain with four independently controllable pumps positioned in the office workspace that bubbles to notify of web/document access events,YES,ADAIS,"PROTOTYPE,DEV,USECASE","INCREASE_AWARENESS,NOTIFICATION",EVENTS,WORKPLACE,,,,,,,,,EVENT,MAKE_AWARE,POS,GROUP,MEDIUM,MOTOR,FAMILIAR,NO,,MONTHS,IN_SITU,USERS,PROTOTYPE,"OBSERVATION,COMMENTS",[NA],SUBJECTIVE,NONE,PUSH,"AUGMENTATION,PERIPHERAL_PLACEMENT",YES,NONE,NOT_MENTIONED,,,
8col68gjgbi,1,evjemo2004supporting,Supporting the Distributed Family: The Need for a Conversational Context,"Evjemo, Bente and Svendsen, Gunnvald B and Rinde, Eivind and Johnsen, Jan-Are K",2004,,49,3,Sharing the Day's Events,,,,,INCREASE_AWARENESS,SOCIAL,HOME,,,,,,,,,,,,FAMILY,,,,YES,,,,,,INTERVIEW,,,,,,,,,,,
8dbv5zk9o22,1,ongBrainSmartAmbientAssisted2018,BrainSmart: Ambient Assisted Living System Smartphone App Prototype for Parkinson's Disease Patients,"Ong, Darvy P. and Pedro, Erwin Jan L. San and Valenzuela, Maria Erika M. and Tiglao, Nestor Michael C.",2018,,,0,BrainSmart,,,,,ASSISTED_LIVING,,,,,,,,,,,,,,,,,,,,,,,,,,,,,,,,,,,
8dqhk3bbgsc,1,PlusminusDesignFlashbag2012,Plusminus Design: Flashbag,,2012,,18,2.1,Flashbag,Inflatable USB stick showing amount of data stored,,ADAIS,CONCEPT,INCREASE_AWARENESS,OTHER,HOME,,,,,,,,,,,"HAPTIC,SHAPE",,,,ASSOCIATED,,,,,,,,,,,,,,,,,,
8e8k96g7hu2,1,takashimaStudyDesignShapeShifting2016,Study and Design of a Shape-Shifting Wall Display,"Takashima, Kazuki and Oyama, Takafumi and Asari, Yusuke and Sharlin, Ehud and Greenberg, Saul and Kitamura, Yoshifumi",2016,,22,4.9,,,,,,,,WORKPLACE,,,,,,,,,,,,,,,,YES,,,,,,,,,,,,,,,,,
8f31i4wnokv,1,mou383EvaluatingAugmented2019,38‐3: Evaluating Augmented Reality (AR) Eyewear Display under Ambient Environment,"Mou, X and Wang, J",2019,,1,0.7,,,,ADAIS,,,,,,,,,,,,,,,[NA],,,,,,,,,,,,,,,,,,,,,,
8fukmszd22y,1,huyckAdvancingAmbientAssisted2015,Advancing Ambient Assisted Living with Caution,"Huyck, Christian and Augusto, Juan and Gao, Xiaohong and Botía, Juan A.",2015,,3,0.5,,,,,,ASSISTED_LIVING,,,,,,,,,,,,,,,,,,,,,,,,,,,,,,,,,,,
8g030mqzv7h,1,cantonPresenceTableReactive2010,The Presence Table: A Reactive Surface for Ambient Connection,"Canton, Matthew",2010,,2,0.2,Presence Table,"A table whose surface illuminates and creates a reactive trace of human gestures and objects, shared with a linked table in another household",YES,ADAIS,PROTOTYPE,INCREASE_AWARENESS,SOCIAL,HOME,,,,,,,,,USER,MAKE_AWARE,VISUAL,FAMILY,MEDIUM,"SCREEN,SPEAKER",FAMILIAR,NO,2,DAYS,IN_SITU,USERS,PROTOTYPE,COMMENTS,[NA],SUBJECTIVE,NONE,PRESENCE,AUGMENTATION,YES,NONE,NOT_MENTIONED,,,
8g6ixevjfr3,1,sernaniHomeCareExpert2013,Home Care Expert Systems for Ambient Assisted Living: A Multi-Agent Approach.,"Sernani, P and Claudi, A and Palazzo, L and Dolcini, G",2013,,17,2.3,,,,,,ASSISTED_LIVING,,,,,,,,,,,,,,,,,,,,,,,,,,,,,,,,,,,
8gl8v3xuaar,1,ikonenEthicalAssessmentDesign2008,Ethical Assessment in the Design of Ambient Assisted Living,"Ikonen, V and Kaasinen, E",2008,,25,2,,,,,,ASSISTED_LIVING,,,,,,,,,,,,,,,,,,,,,,,,,,,,,,,,,,,
8glz4kjgozk,1,spagnolliEcoFeedbackGoMotivating2011,Eco-Feedback on the Go: Motivating Energy Awareness,"Spagnolli, Anna and Corradi, Nicola and Gamberini, Luciano and Hoggan, Eve and Jacucci, Giulio and Katzeff, Cecilia and Broms, Loove and Jönsson, Li",2011,,102,10.7,Watt-lite Twist,An oversized flashlight-shaped tabletop projector that the user twists to set a kilowatt-hour target and projects household electricity consumption as a pie chart,YES,ADAIS,PROTOTYPE,"INCREASE_AWARENESS,BEHAVIOURAL_CHANGE","RESOURCES,HEALTH",HOME,,,,,,,,,USER,MAKE_AWARE,VISUAL,HOUSEHOLD,HIGH,"PROJECTION,SPEAKER",FAMILIAR,YES,,,,,,INTERVIEW,,,NONE,"PULL,PRESENCE",PERIPHERAL_PLACEMENT,YES,NONE,NOT_MENTIONED,,,
8gy1q0lq7l5,1,yiAdaptiveAuthenticationProtocol2018,An Adaptive Authentication Protocol for Ambient Assisted Living Systems,"Yi, MK and Choi, H and Whangbo, TK",2018,,2,0.8,,,,,,ASSISTED_LIVING,,,,,,,,,,,,,,,,,,,,,,,,,,,,,,,,,,,
8h2z5z4u9wu,1,leithingerSublimateStatechangingVirtual2013,Sublimate: State-changing Virtual and Physical Rendering to Augment Interaction with Shape Displays,"Leithinger, Daniel and Follmer, Sean and Olwal, Alex and Luescher, Samuel and Hogge, Akimitsu and Lee, Jinha and Ishii, Hiroshi",2013,,66,8.8,Sublimate,,,,,,HEALTH,,,,,,,,,,,,,,,,,YES,,,,,,"INTERVIEW,QUESTIONNAIRE",,,,,,,,,,,
8hoeo09310d,1,korzunServiceIntelligenceCommunication2015,Service Intelligence and Communication Security for Ambient Assisted Living,"Korzun, Dmitry G. and Nikolaevskiy, Ilya and Gurtov, Andrei",2015,,17,3.1,,,,,,ASSISTED_LIVING,,,,,,,,,,,,,,,,,,,,,,,,,,,,,,,,,,,
8ipdmunc2ax,1,klucknerWherePlaceMy2013,Where to Place My Ambient Persuasive Display? Insights from a Six-Month Study,"Kluckner, Patricia M and Weiss, Astrid and Tscheligi, Manfred",2013,,5,0.7,FORE-Watch,A tablet-based ambient persuasive display (kitchen-clock) showing energy forecast and consumption feedback to encourage energy saving,YES,ADAIS,"EVAL,USECASE",INCREASE_AWARENESS,RESOURCES,HOME,,,,,,,,,CONTINUOUS,USER_POLL,VISUAL,HOUSEHOLD,MEDIUM,SCREEN,FAMILIAR,YES,24,MONTHS,IN_SITU,USERS,PROTOTYPE,QUESTIONNAIRE,[NA],[NA],NONE,PRESENCE,AUGMENTATION,NO,NA,NOT_MENTIONED,,,
8izto6pu2tj,1,seidererExploringOpportunisticAmbient2017,Exploring Opportunistic Ambient Notifications in the Smart Home to Enhance Quality of Live,"Seiderer, Andreas and Dang, Chi Tai and André, Elisabeth",2017,,4,1.1,,,,,,INCREASE_AWARENESS,RESOURCES,HOME,,,,,,,,,,,,,,,,NO,,,,,,,,,,,,,,,,,
8kbitulja9t,1,blumExpressingHumanState2016,Expressing Human State via Parameterized Haptic Feedback for Mobile Remote Implicit Communication,"Blum, Jeffrey R. and Cooperstock, Jeremy R.",2016,,7,1.6,SenseProxy,[@blum_pseudo-ambience_2018],YES,ADAIS,"PROTOTYPE,USECASE",INCREASE_AWARENESS,HEALTH,OTHER,,,,,,,,,CONTINUOUS,CHANGE_BLIND,HAPTIC,PERSONAL,MEDIUM,MOTOR,ARTIFICIAL,NO,4,WEEKS,IN_SITU,USERS,PROTOTYPE,"INTERVIEW,QUESTIONNAIRE",[NA],SUBJECTIVE,NONE,PUSH,PERIPHERAL_PLACEMENT,NO,NA,NOT_MENTIONED,,,
8l545a5ubxc,1,dongDesignTradeoffsCloudbased2017,Design Tradeoffs for Cloud-Based Ambient Assisted Living Systems,"Dong, Yi and Wen, Yonggang and Hu, Han and Miao, Chunyan and Leung, Cyril",2017,,3,0.9,,,,,,ASSISTED_LIVING,,,,,,,,,,,,,,,,,,,,,,,,,,,,,,,,,,,
8lk30rmvuhh,1,choukseyREVIEWOFAMBIENT2019,REVIEW OF AMBIENT ASSISTED LIVING APPLICATIONS FOR ALZHEIMER'S DISEASE PATIENTS,"Chouksey, H",2019,,,0,,,,,,ASSISTED_LIVING,,,,,,,,,,,,,,,,,,,,,,,,,,,,,,,,,,,
8mc3qgzcr6m,1,moereContextualTaxonomyAlternative2009,A Contextual Taxonomy of Alternative Information Display,"Moere, Andrew Vande and Offenhuber, Dietmar",2009,,16,1.4,Contextual Taxonomy of Alternative Information Display,"A conceptual taxonomy classifying alternative information displays into translation, augmentation and embodiment based on context",NO,ADAIS,DEFTAX,INCREASE_AWARENESS,OTHER,"URBAN,HOME,WORKPLACE",,,,,,,,,,,[NA],,,,,YES,,,,,,HEURISTIC_EVALUATION,,,NONE,,,NA,NA,NA,,,
8msrmu60r8,5,azimiInternetThingsRemote2017,Internet of Things for Remote Elderly Monitoring: A Study from User-Centered Perspective,"Azimi, Iman and Rahmani, Amir M. and Liljeberg, Pasi and Tenhunen, Hannu",2017,,84,24,,,,"IOT,AS","CONCEPT,USECASE",ASSISTED_LIVING,"HEALTH,NUTRITION,SOCIAL,SAFETY",MEDICAL,,,,,,,,,,,,,,,,YES,,,,,,,,,,,,,,,,,
8murxrc6nh6,1,parenteFormalModelingTechniques2011,Formal Modeling Techniques for Ambient Assisted Living,"Parente, Guido and Nugent, Christopher D. and Hong, Xin and Donnelly, Mark P. and Chen, Liming and Vicario, Enrico",2011,,12,1.3,,,,,,ASSISTED_LIVING,,,,,,,,,,,,,,,,,,,,,,,,,,,,,,,,,,,
8ns10h1fici,1,leonardiGettingOlderPeople2008,Getting Older People Involved in the Process of Ambient Assisted Living Research and Development,"Leonardi, C. and Mennecozzi, C. and Not, E. and Pianesi, F. and Zancanaro, M.",2008,,8,0.6,,,,,,ASSISTED_LIVING,,,,,,,,,,,,,,,,,,,,,,,,,,,,,,,,,,,
8pen29snydq,1,matikoWearableEEGHeadband2015,Wearable EEG Headband Using Printed Electrodes and Powered by Energy Harvesting for Emotion Monitoring in Ambient Assisted Living,"Matiko, Joseph W and Wei, Yang and Torah, Russel and Grabham, Neil and Paul, Gordon and Beeby, Stephen and Tudor, John",2015,,18,3.3,,,,AS,,ASSISTED_LIVING,,,,,,,,,,,,,,,,,,,,,,,,,,,,,,,,,,,
8psrzegvwab,1,lauterbachLargeareaSensorSystem2013,A Large-Area Sensor System underneath the Floor for Ambient Assisted Living Applications,"Lauterbach, C. and Steinhage, A. and Techmer, A.",2013,,14,1.9,,,,AS,,ASSISTED_LIVING,,,,,,,,,,,,,,,,,,,,,,,,,,,,,,,,,,,
8q0m1syb7ri,1,endterSkriptingAgeNegotiation2016,Skripting Age–the Negotiation of Age and Aging in Ambient Assisted Living,"Endter, C",2016,,16,3.6,,,,,,ASSISTED_LIVING,,,,,,,,,,,,,,,,,,,,,,,,,,,,,,,,,,,
8qj83cdfmq8,1,silvaBluetoothApproachDiabetes2012,A Bluetooth Approach to Diabetes Sensing on Ambient Assisted Living Systems,"Silva, S and Martins, H and Valente, A and Soares, S",2012,,13,1.5,,,,,,ASSISTED_LIVING,,,,,,,,,,,,,,,,,,,,,,,,,,,,,,,,,,,
8sh40evp0mr,1,siegelEvaluationModularScalable2014,Evaluation of a Modular Scalable System for Silver-Ager Located in Assisted Living Homes in Austria – Study Protocol of the ModuLAAr Ambient Assisted Living Project,"Siegel, Christian and Prazak-Aram, Barbara and Kropf, Johannes and Kundi, Michael and Dorner, Thomas",2014,,9,1.4,,,,,,ASSISTED_LIVING,,,,,,,,,,,,,,,,,,,,,,,,,,,,,,,,,,,
8sx464kb1d4,1,offenhuberInvisibleDisplayDesign2008,The Invisible Display–Design Strategies for Ambient Media in the Urban Context,"Offenhuber, Dietmar",2008,,18,1.4,Invisible Display,Conceptual design strategies for staging ambient media displays within their urban/public space context,NO,ADAIS,"CONCEPT,ISSUES",UNSTATED,HEALTH,"URBAN,MEDICAL",,,,,,,,,,,VISUAL,PUBLIC,,,NA,YES,,,,,,INTERVIEW,,,NONE,,INVISIBILITY,NA,NA,NA,,,
8t93wi0f0ye,1,husseinAcousticEventClassification2016,Acoustic Event Classification for Ambient Assisted Living and Healthcare Environments,"Hussein, H and Ritter, M and Manthey, R and Schloßhauer, J",2016,,5,1.1,,,,,,ASSISTED_LIVING,,,,,,,,,,,,,,,,,,,,,,,,,,,,,,,,,,,
8t97vcphmbp,1,diracoRadarbasedSmartSensor2017,A Radar-Based Smart Sensor for Unobtrusive Elderly Monitoring in Ambient Assisted Living Applications,"Diraco, G and Leone, A and Siciliano, P",2017,,41,11.7,,,,AS,,ASSISTED_LIVING,,,,,,,,,,,,,,,,,,,,,,,,,,,,,,,,,,,
8twwti8xqv7,1,anastasiouSurveySpeechMachine2011,"Survey on Speech, Machine Translation and Gestures in Ambient Assisted Living.","Anastasiou, D",2011,,6,0.6,,,,,,ASSISTED_LIVING,,,,,,,,,,,,,,,,,,,,,,,,,,,,,,,,,,,
8ursx4r2et,1,teixeiraApplicationsMultimodalInteraction2017,Applications of the Multimodal Interaction Architecture in Ambient Assisted Living,"Teixeira, António and Almeida, Nuno and Pereira, Carlos and e Silva, Miguel Oliveira and Vieira, Diogo and Silva, Samuel",2017,,6,1.7,,,,,,ASSISTED_LIVING,,,,,,,,,,,,,,,,,,,,,,,,,,,,,,,,,,,
8vff2jil6ma,1,liDesigningConversationcontextRecommendation2012,Designing Conversation-Context Recommendation Display to Support Opportunistic Search in Meetings,"Li, Nan and Dillenbourg, Pierre",2012,,4,0.5,Braindrops,"Spoken words in meetings are encapsulated in rain drops, enables further search",YES,ADAIS,"PROTOTYPE,EVAL,ISSUES","AID_IN_ACTIVITY,INCREASE_AWARENESS",SOCIAL,WORKPLACE,,,,,,,,,CONTINUOUS,USER_POLL,VISUAL,GROUP,HIGH,SCREEN,ARTIFICIAL,YES,12,HOURS,IN_SITU,USERS,WOZ,"INTERVIEW,QUESTIONNAIRE",[NA],[NA],NONE,"PRESENCE,PULL",PERIPHERAL_PLACEMENT,YES,NONE,NOT_MENTIONED,,,
8vk897x5a8q,1,matthewsToolkitManagingUser2004,A Toolkit for Managing User Attention in Peripheral Displays,"Matthews, Tara and Dey, Anind K. and Mankoff, Jennifer and Carter, Scott and Rattenbury, Tye",2004,,211,12.8,IM Picture Frame,"A tangible picture frame display that shows an image indicating an instant messenger user's status (present, typing, or idle)",NO,ADAIS,"PROTOTYPE,USECASE",INCREASE_AWARENESS,"SOCIAL,EVENTS",WORKPLACE,,,,,,,,,EVENT,MAKE_AWARE,VISUAL,PERSONAL,MEDIUM,SCREEN,FAMILIAR,NO,1,HOURS,IN_SITU,USERS,PROTOTYPE,"INTERVIEW,COMMENTS",[NA],[NA],"PERIPHERAL_ATTENTION,AWARENESS_CONSCIOUSNESS",PRESENCE,"AUGMENTATION,PERIPHERAL_PLACEMENT",YES,NONE,NOT_MENTIONED,,,
8vmytn64bcc,1,tsukadaPhantomParasolParasoltypeDisplay2006,PhantomParasol: A Parasol-Type Display Transitioning from Ambient to Detailed,"Tsukada, Koji and Masui, Toshiyuki",2006,,5,0.3,PhantomParasol,"A parasol with rear-mounted LED arrays, gyro sensor and microcontrollers that shows ambient blinking patterns when held still and detailed afterimage 2D images when rotated",YES,ADAIS,"PROTOTYPE,DEV,USECASE","INCREASE_AWARENESS,AID_IN_ACTIVITY","ENVIRONMENT,OTHER","TRANSPORT,URBAN,OTHER",,,,,,,,,USER,USER_POLL,VISUAL,PERSONAL,HIGH,LED,FAMILIAR,NO,,,,,,,,,NONE,"PRESENCE,PULL",AUGMENTATION,YES,NONE,NOT_MENTIONED,,,
8voivpoyf0p,1,ziolaDeskJockeyExploitingPassive2007,DeskJockey: Exploiting Passive Surfaces to Display Peripheral Information,"Ziola, Ryder and Kellar, Melanie and Inkpen, Kori",2007,,17,1.3,DeskJockey,"A system that projects peripheral digital information onto passive physical surfaces such as a desk, alongside physical artifacts",YES,ADAIS,PROTOTYPE,"INCREASE_AWARENESS,AID_IN_ACTIVITY","ENVIRONMENT,EVENTS,SOCIAL,OTHER",WORKPLACE,,,,,,,,,CONTINUOUS,USER_POLL,VISUAL,PERSONAL,HIGH,PROJECTION,ARTIFICIAL,YES,5,WEEKS,IN_SITU,USERS,PROTOTYPE,INTERVIEW,[NA],SUBJECTIVE,NONE,"PRESENCE,PULL",PERIPHERAL_PLACEMENT,NO,NA,NOT_MENTIONED,,,
8vq3ij6untl,1,perakovicPossibilitiesImplementingAmbient2015,Possibilities of Implementing Ambient Assisted Living Concept in Traffic Environment,"Peraković, D and Periša, M",2015,,4,0.7,,,,,,ASSISTED_LIVING,,,,,,,,,,,,,,,,,,,,,,,,,,,,,,,,,,,
8xftqmk3aj8,1,rodriguezCAMMInAMobileAmbient2013,CAMMInA: A Mobile Ambient Information System to Motivate Elders to Exercise,"Rodríguez, Marcela D. and Roa, José R. and Morán, Alberto L. and Nava-Muñoz, Sandra",2013,,18,2.4,CAMMInA,Mobile phone ambient information system that represents elders' exercise compliance with virtual coins to motivate them to exercise,YES,ADAIS,"PROTOTYPE,USECASE,EVAL",BEHAVIOURAL_CHANGE,HEALTH,"EXERCISE,HOME",,,,,,,,,EVENT,MAKE_AWARE,"VISUAL,AUDIO",PERSONAL,MEDIUM,"SCREEN,SPEAKER",ARTIFICIAL,YES,15,HOURS,IN_SITU,USERS,WOZ,INTERVIEW,[NA],[NA],NONE,"PUSH,PRESENCE",PERIPHERAL_PLACEMENT,NO,NA,NOT_MENTIONED,,,
8xtju264ksq,1,visser2011just,Just Saying ‘Hi’ Means a Lot: Designing Subtle Interactions for Social Connectedness,"Visser, Thomas and Vastenburg, Martijn and Keyson, David",2011,,2,0.2,WeDo,,,,,INCREASE_AWARENESS,"SOCIAL,HEALTH","MEDICAL,HOME",,,,,,,,,,,,,,,,YES,,,,,,INTERVIEW,,,,,,,,,,,
8y0pq93a1pq,1,hinrichsResearchWaveAmbientVisualization2010,ResearchWave: An Ambient Visualization for Providing Awareness of Research Activities,"Hinrichs, Uta and Fisher, Danyel and Riche, Nathalie Henry",2010,,7,0.7,ResearchWave,"A large-display ambient visualization installed in social spaces of a research institution showing research group activities, keywords, publications, and collaborations",YES,ADAIS,"PROTOTYPE,USECASE",INCREASE_AWARENESS,"EVENTS,SOCIAL",HOME,,,,,,,,,CONTINUOUS,USER_POLL,VISUAL,PUBLIC,HIGH,SCREEN,ARTIFICIAL,NO,15,HOURS,IN_SITU,"USERS,EXPERTS",PROTOTYPE,"INTERVIEW,COMMENTS,OBSERVATION,USAGE_STATISTIC,QUESTIONNAIRE",[NA],[NA],NONE,"PRESENCE,PULL",PERIPHERAL_PLACEMENT,NO,NA,NOT_MENTIONED,,,
8yzds2s7n1r,1,burzagliServicesApplicationsAmbient2014,Services and Applications in an Ambient Assisted Living (Aal) Environment,"Burzagli, L and Fonzo, L Di and Emiliani, PL",2014,,6,0.9,,,,,,ASSISTED_LIVING,,,,,,,,,,,,,,,,,,,,,,,,,,,,,,,,,,,
9051t7xohq,1,krieg-brucknerMobilityAssistanceBremen2010,Mobility Assistance in the Bremen Ambient Assisted Living Lab,"Krieg-Brückner, Bernd and Röfer, Thomas and Shi, Hui and Gersdorf, Bernd",2010,,38,3.6,,,,,,ASSISTED_LIVING,,,,,,,,,,,,,,,,,,,,,,,,,,,,,,,,,,,
90baadvy41,1,kientzDesignEvaluationAmbient2002,Design and Evaluation of Ambient Displays : The Bus Mobile and Daylight Display,"Kientz, JA",,,,0,Bus Mobile,A ceiling-hung mobile with six bus numbers that adjust their height according to how many minutes remain until each bus is scheduled to arrive,YES,ADAIS,"PROTOTYPE,EVAL,USECASE","INCREASE_AWARENESS,BEHAVIOURAL_CHANGE",EVENTS,"EDUCATION,TRANSPORT",,,,,,,,,CONTINUOUS,USER_POLL,"VISUAL,POS",PUBLIC,HIGH,MOTOR,ART,YES,82,WEEKS,IN_SITU,USERS,PROTOTYPE,"QUESTIONNAIRE,OBSERVATION,USAGE_STATISTIC",[NA],"SUBJECTIVE,OBJECTIVE",PERIPHERAL_ATTENTION,PRESENCE,PERIPHERAL_PLACEMENT,YES,NONE,NOT_MENTIONED,,,
90ub7q98wei,1,alamEmergencyPsychiatricState2015,Emergency Psychiatric State Prediction for Ambient Assisted Living,"Alam, Md Golam Rabiul and Haw, undefined Rim and Hong, Choong Seon",2015,,3,0.5,,,,,,ASSISTED_LIVING,,,,,,,,,,,,,,,,,,,,,,,,,,,,,,,,,,,
90z15kr8wwa,1,franciosoPolyimidePDMSFlexible2011,Polyimide/PDMS Flexible Thermoelectric Generator for Ambient Assisted Living Applications,"Francioso, L. and Pascali, C. De and Farella, I. and Martucci, C. and Cretì, P. and Siciliano, P.",2011,,6,0.6,,,,,PROTOTYPE,ASSISTED_LIVING,,,,,,,,,,,,,,,,,,,,,,,,,,,,,,,,,,,
92utxw6dqlj,1,albayrakFrameworkFurAmbient2009,Ein Framework Für Ambient Assisted Living Services,"Albayrak, S and Blumendorf, M and Feuerstack, S",2009,,9,0.8,,,,,,ASSISTED_LIVING,,,,,,,,,,,,,,,,,,,,,,,,,,,,,,,,,,,
935d11jy2ya,1,colleyShoeIntegratedDisplays2018,Shoe Integrated Displays: A Prototype Sports Shoe Display and Design Space,"Colley, Ashley and Woźniak, Paweł W. and Kiss, Francisco and Häkkilä, Jonna",2018,,7,2.8,Shoe Integrated Displays,LEDs in shoe indicate delta to target running pace,YES,ADAIS,PROTOTYPE,INCREASE_AWARENESS,"RESOURCES,HEALTH",WORKPLACE,,,,,,,,,CONTINUOUS,USER_POLL,VISUAL,PUBLIC,MEDIUM,LED,"AUGMENTATION,ASSOCIATED",YES,8,HOURS,IN_PRESENTATION,USERS,PROTOTYPE,INTERVIEW,[NA],[NA],NONE,PRESENCE,"PERIPHERAL_PLACEMENT,AUGMENTATION",YES,FABRICATION,NOT_MENTIONED,,,
939n3xjy35s,1,dahleyWaterLampPinwheels1998,Water Lamp and Pinwheels: Ambient Projection of Digital Information into Architectural Space,"Dahley, Andrew and Wisneski, Craig and Ishii, Hiroshi",1998,,197,8.8,Water Lamp,,,,,INCREASE_AWARENESS,,WORKPLACE,,,,,,,,,,,,,,,,NO,,,,,,,,,,,,,,,,,
93bsroekllc,1,roseSocialConsiderationsAmbient,Social Considerations in Ambient Healthcare Awareness,"Devices, A",,,,0,Health Dashboard,Glanceable ambient devices displaying personal and environmental health metrics to individuals and their social network in the home,YES,ADAIS,"USECASE,ISSUES","INCREASE_AWARENESS,BEHAVIOURAL_CHANGE","HEALTH,ENVIRONMENT,SOCIAL",HOME,,,,,,,,,CONTINUOUS,USER_POLL,VISUAL,HOUSEHOLD,MEDIUM,SCREEN,FAMILIAR,NO,,,,,,,,,NONE,PRESENCE,PERIPHERAL_PLACEMENT,YES,NONE,NOT_MENTIONED,,,
93midmn64fu,1,nabilInteractiveArchitectureExploring2017,Interactive Architecture: Exploring and Unwrapping the Potentials of Organic User Interfaces,"Nabil, Sara and Plötz, Thomas and Kirk, David S.",2017,,12,3.4,,,,,,INCREASE_AWARENESS,"RESOURCES,HEALTH","MEDICAL,HOME",,,,,,,,,,,,,,,,NO,,,,,,,,,,,,,,,,,
94at8yfvu0w,1,mcfarlaneExploringInternetCO22013,Exploring Internet CO2 Emissions as an Auditory Display,"McFarlane, Stuart and Feltham, Frank and Verhagen, Darrin",2013,,1,0.1,Untitled,,,,PROTOTYPE,,,WORKPLACE,,,,,,,,,,,AUDIO,,,,,YES,,,,,,"INTERVIEW,QUESTIONNAIRE",,,,,,,,,,,
94hpb69b4qb,1,metaxas2009amelie,Amelie: A Recombinant Computing Framework for Ambient Awareness,"Metaxas, Georgios and Markopoulos, Panos and Aarts, Emile",2009,,9,0.8,Amelie,,,,,INCREASE_AWARENESS,,"WORKPLACE,HOME",,,,,,,,,,,,,,,,NO,,,,,,,,,,,,,,,,,
94v6pu34n8u,1,krieg-brucknerSpatiotemporalSituatedInteraction2009,Spatio-Temporal Situated Interaction in Ambient Assisted Living,"Krieg-Brückner, B and Shi, H",2009,,1,0.1,,,,,,ASSISTED_LIVING,,,,,,,,,,,,,,,,,,,,,,,,,,,,,,,,,,,
968iacd7pai,1,fernandez-luqueAutomaticallyCalibratedOccupancy2016,Automatically Calibrated Occupancy Sensors for an Ambient Assisted Living System,"Fernández-Luque, Francisco J. and Pérez, David and Zapata, Juan and Ruiz, Ramón",2016,,3,0.7,,,,AS,,ASSISTED_LIVING,,,,,,,,,,,,,,,,,,,,,,,,,,,,,,,,,,,
96dmxvwuixf,1,vianaAmbientAssistedLiving2019,Ambient Assisted Living – a Bibliometric Analysis,"Viana, João and Ramalho, André and Valente, José and Freitas, Alberto",2019,,1,0.7,,,,,,ASSISTED_LIVING,,,,,,,,,,,,,,,,,,,,,,,,,,,,,,,,,,,
96e3vz46ll,1,griolModelingUserState2014,Modeling the User State for Context-Aware Spoken Interaction in Ambient Assisted Living,"Griol, D and Molina, JM and Callejas, Z",2014,,20,3.1,,,,,,ASSISTED_LIVING,,,,,,,,,,,,,,,,,,,,,,,,,,,,,,,,,,,
96kuy5djssn,1,moere2005infostudio,Infostudio: Teaching Ambient Display Design Using Home Automation,"Moere, Andrew Vande",2005,,5,0.3,Infostudio,"Multimodal ambient display installations in a printer hub room that reflect network traffic, human activities and environmental data via projections and home automation controlled electrical devices",YES,ADAIS,PROTOTYPE,INCREASE_AWARENESS,"RESOURCES,ENVIRONMENT,EVENTS,SOCIAL","HOME,WORKPLACE",,,,,,,,,CONTINUOUS,CHANGE_BLIND,"VISUAL,AUDIO,SMELL,AIRMOVE",PUBLIC,HIGH,SPEAKER,ART,YES,,HOURS,IN_SITU,USERS,PROTOTYPE,HEURISTIC_EVALUATION,[NA],[NA],NONE,PRESENCE,"CAMOUFLAGE,AUGMENTATION",YES,NONE,NOT_MENTIONED,,,
96zyhr4mtse,1,daviesPervasiveDisplaysUnderstanding2014,Pervasive Displays: Understanding the Future of Digital Signage,"Davies, Nigel and Clinch, Sarah and Alt, Florian",2014,,93,14.3,,,,,,,,,,,,,,,,,,,,,,,,YES,,,,,,INTERVIEW,,,,,,,,,,,
97acvblhduk,1,jayatilakaHoTAALHomeSocial2016,HoTAAL: Home of Social Things Meet Ambient Assisted Living,"Jayatilaka, Asangi and Su, Yang and Ranasinghe, Damith C.",2016,,3,0.7,HoTAAL,,,,,ASSISTED_LIVING,,,,,,,,,,,,,,,,,,,,,,,,,,,,,,,,,,,
99giaat8547,1,roccoPlannerAmbientAssisted2014,A Planner for Ambient Assisted Living: From High-Level Reasoning to Low-Level Robot Execution and Back.,"Rocco, M Di and Pecora, F and Sathyakeerthy, S",2014,,22,3.4,,,,,,ASSISTED_LIVING,,,,,,,,,,,,,,,,,,,,,,,,,,,,,,,,,,,
99gxwnyjtit,1,birdAugmentedShoppingTrolley2011,The Augmented Shopping Trolley: An Ambient Display to Provide Shoppers with Non-Obvious Product Information,"Bird, Jon and Kalnikaité, Vaiva and Rogers, Yvonne",2011,,2,0.2,Augmented Shopping Trolley,A shopping trolley handlebar embedded with 16 LEDs connected to a scanner that lights up to show non-obvious product information when an item is scanned,YES,ADAIS,"PROTOTYPE,USECASE,EVAL,ISSUES",BEHAVIOURAL_CHANGE,HEALTH,"URBAN,OTHER",,,,,,,,,OBJECT,MAKE_AWARE,VISUAL,PERSONAL,MEDIUM,"LED,SPEAKER","FAMILIAR,ASSOCIATED",YES,5,HOURS,IN_LAB,USERS,WOZ,QUESTIONNAIRE,[NA],[NA],AWARENESS_CONSCIOUSNESS,PULL,AUGMENTATION,YES,NONE,NOT_MENTIONED,,,
9a4q9qgufnn,1,moraisActiveDatabaseProcessing2014,Active In-Database Processing to Support Ambient Assisted Living Systems,"Morais, WO De and Lundström, J and Wickström, N",2014,,11,1.7,,,,,,ASSISTED_LIVING,,,,,,,,,,,,,,,,,,,,,,,,,,,,,,,,,,,
9a7s14cpobq,1,kieferRulebasedIntentionRecocnition2009,Rule-Based Intention Recocnition from Spatio-Temporal Motion Track Data in Ambient Assisted Living,"Kiefer, P and Stein, K and Schlieder, C",2009,,2,0.2,,,,,,ASSISTED_LIVING,,,,,,,,,,,,,,,,,,,,,,,,,,,,,,,,,,,
9azysy4tll8,1,ryuPictureNavigationUsing2007,Picture Navigation Using an Ambient Display and Implicit Interactions,"Ryu, Han-Sol and Yoon, Yeo-Jin and Lim, Myeong-Eun and Park, Chan-Yong and Park, Soo-Jun and Choi, Soo-Mi",2007,,9,0.7,Untitled,"A framed TFT-LCD display with RFID reader, ultrasonic sensors and LEDs that navigates pictures based on user identity and proximity using implicit interactions",YES,ADAIS,"PROTOTYPE,DEV","AID_IN_ACTIVITY,NOTIFICATION",HEALTH,HOME,,,,,,,,,USER,MAKE_AWARE,VISUAL,PERSONAL,HIGH,SCREEN,FAMILIAR,NO,,,,,,,,,NONE,"PRESENCE,PULL,PUSH","AUGMENTATION,PERIPHERAL_PLACEMENT",YES,FAILURE,NOT_MENTIONED,,,
9b3bsxph0yr,1,spagnolliEcoFeedbackGoMotivating2011,Eco-Feedback on the Go: Motivating Energy Awareness,"Spagnolli, Anna and Corradi, Nicola and Gamberini, Luciano and Hoggan, Eve and Jacucci, Giulio and Katzeff, Cecilia and Broms, Loove and Jönsson, Li",2011,,102,10.7,Light ambient interface,A controller for household lamps that brightens fixed lighting to cue the user about household electricity consumption state,YES,ADAIS,PROTOTYPE,"INCREASE_AWARENESS,BEHAVIOURAL_CHANGE","RESOURCES,HEALTH",HOME,,,,,,,,,CONTINUOUS,MAKE_AWARE,VISUAL,HOUSEHOLD,MEDIUM,SCREEN,FAMILIAR,YES,13,MONTHS,IN_SITU,USERS,PROTOTYPE,INTERVIEW,[NA],"SUBJECTIVE,OBJECTIVE",NONE,"PRESENCE,PUSH",AUGMENTATION,YES,NONE,NOT_MENTIONED,,,
9b96rntyysv,1,deruyterAmbientIntelligenceVisualizing2004,Ambient Intelligence: Visualizing the Future,"de Ruyter, Boris and Aarts, Emile",2004,,128,7.8,,,,,,,HEALTH,HOME,,,,,,,,,,,,,,,,,,,,,,,,,,,,,,,,,
9bcdm2fy0bo,2,aartsNewEverydayViews2003,The New Everyday: Views on Ambient Intelligence,"Aarts, Emile and Marzano, Stefano",2003,,559,31.9,Nebula: Body movements,"Projector aimed at ceiling. Translates body movement/positions/gestures into pictures and text to ""encourage and enhance rest, reflection, conversation, intimacy, imagination and play"".  (p292)",YES,"UI,AMI",USECASE,AID_IN_ACTIVITY,OTHER,HOME,,,,,,,,,USER,,VISUAL,PERSONAL,MEDIUM,PROJECTION,ART,NO,0,,,,,,,,NONE,PRESENCE,PERIPHERAL_PLACEMENT,YES,NONE,NOT_MENTIONED,,,
9d4r79c7ohv,1,omullaneReviewUserInterface2010,Review of User Interface Devices for Ambient Assisted Living Smart Homes for Older People.,"O'Mullane, B and Knapp, RB and Bond, R",2010,,1,0.1,,,,,,ASSISTED_LIVING,,,,,,,,,,,,,,,,,,,,,,,,,,,,,,,,,,,
9du95f79wp,1,deguzmanExploringDesignUse2004,Exploring the Design and Use of Peripheral Displays of Awareness Information,"De Guzman, Edward S. and Yau, Margaret and Gagliano, Anthony and Park, Austin and Dey, Anind K.",2004,,61,3.7,Expanding Ball,A geodesic plastic ball that expands and contracts via a servomotor to display an IM buddy's status,YES,ADAIS,PROTOTYPE,INCREASE_AWARENESS,"SOCIAL,EVENTS",WORKPLACE,,,,,,,,,EVENT,MAKE_AWARE,POS,PERSONAL,MEDIUM,MOTOR,ART,NO,15,HOURS,IN_PRESENTATION,USERS,PROTOTYPE,"COMMENTS,INTERVIEW",[NA],[NA],NONE,"PUSH,PRESENCE","PERIPHERAL_PLACEMENT,CAMOUFLAGE",YES,NONE,NOT_MENTIONED,,,
9dud5ga83ni,1,machadoReactiveProactiveExtensible2017,"Reactive, Proactive, and Extensible Situation-Awareness in Ambient Assisted Living","Machado, Alencar and Maran, Vinícius and Augustin, Iara and Wives, Leandro Krug and de Oliveira, José Palazzo Moreira",2017,,33,9.4,,,,,,ASSISTED_LIVING,,,,,,,,,,,,,,,,,,,,,,,,,,,,,,,,,,,
9e45a7xusc7,1,rowanDigitalFamilyPortrait2005,Digital Family Portrait Field Trial: Support for Aging in Place,"Rowan, Jim and Mynatt, Elizabeth D.",2005,,312,20.1,Digital Family Portrait,,,,PROTOTYPE,INCREASE_AWARENESS,"SOCIAL,HEALTH","HOME,WORKPLACE",,,,,,,,,,,,FAMILY,,,,YES,2,MONTHS,IN_SITU,USERS,,"INTERVIEW,COMMENTS,OBSERVATION",,,,,,,,,,,
9gc01bbv00s,1,petriniAmbientAssistedLiving2014,Ambient Assisted Living Electromagnetic Sensor for Continuous Breathing Monitoring Applied to Movement Analysis: A Preliminary Study,"Petrini, V. and Mattia, V. Di and Leo, A. De and Russo, P. and Primiani, V. Mariani and Manfredi, G. and Cerri, G. and Scalise, L.",2014,,2,0.3,,,,AS,,ASSISTED_LIVING,,,,,,,,,,,,,,,,,,,,,,,,,,,,,,,,,,,
9h831mk2ouq,1,winkleyVerityAmbientAssisted2012,Verity: An Ambient Assisted Living Platform,"Winkley, J. and Jiang, P. and Jiang, W.",2012,,59,6.9,Verity,,,,,ASSISTED_LIVING,,,,,,,,,,,,,,,,,,,,,,,,,,,,,,,,,,,
9hiycyti9uj,1,kukkaCyberpunkCalmUrban2014,From Cyberpunk to Calm Urban Computing: Exploring the Role of Technology in the Future Cityscape,"Kukka, Hannu and Luusua, Anna and Ylipulli, Johanna and Suopajärvi, Tiina and Kostakos, Vassilis and Ojala, Timo",2014,,37,5.7,,,,,,,HEALTH,"URBAN,MEDICAL",,,,,,,,,,,,,,,,YES,,,,,,,,,,,,,,,,,
9hxm3pa5r0q,1,bacciuExperimentalCharacterizationReservoir2014,An Experimental Characterization of Reservoir Computing in Ambient Assisted Living Applications,"Bacciu, Davide and Barsocchi, Paolo and Chessa, Stefano and Gallicchio, Claudio and Micheli, Alessio",2014,,91,14,,,,,,ASSISTED_LIVING,,,,,,,,,,,,,,,,,,,,,,,,,,,,,,,,,,,
9isqj8zip4h,1,diaz-rodriguezOntologyWearablesData2018,An Ontology for Wearables Data Interoperability and Ambient Assisted Living Application Development,"Díaz-Rodríguez, Natalia and Grönroos, Stefan and Wickström, Frank and Lilius, Johan and Eertink, Henk and Braun, Andreas and Dillen, Paul and Crowley, James and Alexandersson, Jan",2018,,4,1.6,,,,,,ASSISTED_LIVING,,,,,,,,,,,,,,,,,,,,,,,,,,,,,,,,,,,
9jfg1ibvs67,1,leitnerDisseminatingAmbientAssisted2014,Disseminating Ambient Assisted Living in Rural Areas,"Leitner, G and Felfernig, A and Fercher, AJ and Hitz, M",2014,,13,2,,,,,,ASSISTED_LIVING,,,,,,,,,,,,,,,,,,,,,,,,,,,,,,,,,,,
9jrq2zmcl2,1,poupyrevLumenInteractiveVisual2004,Lumen: Interactive Visual and Shape Display for Calm Computing,"Poupyrev, Ivan and Rekimoto, Jun and Yamaji, Yasufumi",2004,,164,9.9,Lumen,An electromechanical display of movable light guides whose height and color present images and physical moving shapes for calm ambient computing,YES,ADAIS,"PROTOTYPE,DEV","INCREASE_AWARENESS,UNSTATED","SOCIAL,OTHER",WORKPLACE,,,,,,,,,USER,CHANGE_BLIND,"VISUAL,SHAPE",PUBLIC,HIGH,"LED,MOTOR",ARTIFICIAL,NO,,,,,,,,,NONE,PRESENCE,"PERIPHERAL_PLACEMENT,INVISIBILITY",YES,NONE,NOT_MENTIONED,,,
9jy55t6ghpu,1,reaRoombaMoodRing2012,The Roomba Mood Ring: An Ambient-Display Robot,"Rea, Daniel J. and Young, James E. and Irani, Pourang",2012,,20,2.4,Roomba Mood Ring,Vaccum robot with voted on LED halo,YES,ADAIS,"PROTOTYPE,USECASE",OTHER,SOCIAL,SOCIAL,,,,,,,,,CONTINUOUS,USER_POLL,VISUAL,PUBLIC,HIGH,"LED,ROBOT","ART,ARTIFICIAL",NO,,,,,,,,,NONE,PRESENCE,AUGMENTATION,YES,NONE,NOT_MENTIONED,,,
9kxpp5mlmhb,1,davisVirtualBoxSupporting2007,Virtual Box: Supporting Mediated Family Intimacy through Virtual and Physical Play,"Davis, Hilary and Skov, Mikael B. and Stougaard, Malthe and Vetere, Frank",2007,,58,4.3,Virtual box,,,,,INCREASE_AWARENESS,SOCIAL,HOME,,,,,,,,,,,,FAMILY,,,,YES,,,,,WOZ,INTERVIEW,,,,,,,,,,,
9lvmqqmwmie,1,ylipulliWinterComingIntroducing2014,Winter Is Coming: Introducing Climate Sensitive Urban Computing,"Ylipulli, Johanna and Luusua, Anna and Kukka, Hannu and Ojala, Timo",2014,,30,4.6,,,,,,,,URBAN,,,,,,,,,,,,,,,,YES,,,,,,,,,,,,,,,,,
9maqx2w2fta,1,yuDeLightBiofeedbackAmbient2018,DeLight: Biofeedback through Ambient Light for Stress Intervention and Relaxation Assistance,"Yu, Bin and Hu, Jun and Funk, Mathias and Feijs, Loe",2018,,22,8.8,DeLight,A biofeedback-driven ambient lighting system using a center lamp and ambient lamps that change color and brightness based on heart rate variability for stress intervention and relaxation training,YES,ADAIS,"PROTOTYPE,EVAL,USECASE","INCREASE_AWARENESS,BEHAVIOURAL_CHANGE","RESOURCES,HEALTH","MEDICAL,WORKPLACE",,,,,,,,,CONTINUOUS,MAKE_AWARE,VISUAL,PERSONAL,MEDIUM,LED,FAMILIAR,YES,32,HOURS,IN_LAB,USERS,PROTOTYPE,"INTERVIEW,QUESTIONNAIRE",[NA],OBJECTIVE,NONE,PRESENCE,"PERIPHERAL_PLACEMENT,AUGMENTATION",NO,NA,NOT_MENTIONED,,,
9nl52g6tqz,1,segura2009sentient,Sentient Displays in Support of Hospital Work,"Segura, Daniela and Favela, Jesus and Tentori, Mónica",2009,,21,1.8,Motion Statue,"A decorative metal pendulum statue that swings faster as a patient moves more, driven by an accelerometer worn on the patient's wrist",YES,ADAIS,"PROTOTYPE,USECASE,CONCEPT","NOTIFICATION,INCREASE_AWARENESS",HEALTH,MEDICAL,,,,,,,,,EVENT,MAKE_AWARE,POS,GROUP,MEDIUM,MOTOR,ART,NO,,,,,,,,,NONE,"PUSH,PRESENCE",CAMOUFLAGE,YES,NA,NOT_MENTIONED,,,
9nz3j2u1iv5,1,estevesWattomAmbientEcofeedback2019,Wattom: Ambient Eco-feedback with Mid-air Input,"Esteves, Augusto and Quintal, Filipe and Caires, Fabio and Baptista, Vitor and Mendes, Pedro",2019,,,0,Wattom,,,,,INCREASE_AWARENESS,RESOURCES,,,,,,,,,,,,,,,,,NO,,,,,,,,,,,,,,,,,
9o3viw7udgi,1,kirkhamBreaktimeBarometerExploratory2013,The Break-Time Barometer: An Exploratory System Forworkplace Break-Time Social Awareness,"Kirkham, Reuben and Ploetz, Thomas and Mellor, Sebastian and Green, David and Lin, Jiun-Shian and Ladha, Karim and Ladha, Cassim and Jackson, Daniel and Olivier, Patrick and Wright, Peter",2013,,30,4,Break-time Barometer,A distributed clock-style touchscreen public display showing break-time activity across workplace social spaces to encourage collective break-taking,YES,ADAIS,"PROTOTYPE,USECASE,EVAL,ISSUES",INCREASE_AWARENESS,"SOCIAL,HEALTH","WORKPLACE,MEDICAL,HOME",,,,,,,,,CONTINUOUS,MAKE_AWARE,VISUAL,GROUP,HIGH,SCREEN,"FAMILIAR,ASSOCIATED",YES,9,WEEKS,IN_SITU,"USERS,EXPERTS",PROTOTYPE,"INTERVIEW,QUESTIONNAIRE",[NA],"SUBJECTIVE,OBJECTIVE",NONE,"PUSH,PULL,PRESENCE","AUGMENTATION,CAMOUFLAGE",YES,NONE,NOT_MENTIONED,,,
9onpp7ywdqj,1,royMonitoringActivitiesRelated2017,Monitoring Activities Related to Medication Adherence in Ambient Assisted Living Environments.,"Roy, PC and Abidi, SR and Abidi, SSR",2017,,3,0.9,,,,AS,,ASSISTED_LIVING,,,,,,,,,,,,,,,,,,,,,,,,,,,,,,,,,,,
9q2q6p84fma,1,kimDesigningPersuasionAmbient2010,Designing for Persuasion: Toward Ambient Eco-Visualization for Awareness,"Kim, Tanyoung and Hong, Hwajung and Magerko, Brian",2010,,64,6.1,Timelog,A Mac OS X desktop widget showing computer total uptime and idle time as bar graphs with numerical labels,YES,ADAIS,"PROTOTYPE,EVAL,USECASE","INCREASE_AWARENESS,BEHAVIOURAL_CHANGE","RESOURCES,HEALTH","WORKPLACE,HOME",,,,,,,,,USER,USER_POLL,VISUAL,PERSONAL,HIGH,SCREEN,ARTIFICIAL,YES,47,WEEKS,IN_SITU,USERS,PROTOTYPE,"QUESTIONNAIRE,INTERVIEW[N=5],INTERVIEW",[NA],"SUBJECTIVE,OBJECTIVE",NONE,PULL,PERIPHERAL_PLACEMENT,NO,NA,NOT_MENTIONED,,,
9q8y7a3vomt,1,hutchinsonTechnologyProbesInspiring2003,Technology Probes: Inspiring Design for and with Families,"Hutchinson, Hilary and Bederson, Benjamin B and Druin, Allison and Plaisant, Catherine and Mackay, Wendy and Evans, Helen and Hansen, Heiko and Conversy, Stéphane and Beaudouin-Lafon, Michel and Roussel, Nicolas and Lacomme, Loïc and Eiderbäck, Björn and Lindquist, Sinna and Sundblad, Yngve and Westerlund, Bosse",2003,,1339,76.5,,,,,,,SOCIAL,HOME,,,,,,,,,,,,FAMILY,,,,NO,,,IN_SITU,,,,,,,,,,,,,,
9qweevpj7c9,1,sowjanyaSecureAmbientAssisted2019,Secure Ambient Assisted Living System Using Elliptic Curve Cryptography Based CPABE,"Sowjanya, K and Dasgupta, Mou",2019,,,0,,,,,,ASSISTED_LIVING,,,,,,,,,,,,,,,,,,,,,,,,,,,,,,,,,,,
9r7qhegpk38,1,obermairPerFramesPersuasivePicture2008,perFrames: Persuasive Picture Frames for Proper Posture,"Obermair, Christoph and Reitberger, Wolfgang and Meschtscherjakov, Alexander and Lankes, Michael and Tscheligi, Manfred",2008,,46,3.7,perFrames,,,,,"INCREASE_AWARENESS,BEHAVIOURAL_CHANGE","RESOURCES,HEALTH",MEDICAL,,,,,,,,,,,,,,,,YES,,,IN_SITU,,WOZ,INTERVIEW,,,,,,,,,,,
9rjjxamifi,1,papanikolaouBodyPodsDesigningPosture2015,BodyPods: Designing Posture Sensing Chairs for Capturing and Sharing Implicit Interactions,"Papanikolaou, Dimitris and Brush, A.J. Bernheim and Roseway, Asta",2015,,12,2.2,BodyPods,"Chair that senses body pressure, sends it to a remote chair, remote chair renders remote body pressure via colors and light, should improved feeling of connectedness",YES,ADAIS,"PROTOTYPE,DEV,USECASE",INCREASE_AWARENESS,SOCIAL,WORKPLACE,YES,Body Posture,REMOTE,Color Hue,,,,,USER,CHANGE_BLIND,VISUAL,FAMILY,MEDIUM,LED,FAMILIAR,YES,10,HOURS,IN_LAB,USERS,PROTOTYPE,INTERVIEW,[NA],[NA],SPATIAL_OBJECT_BINDING,PRESENCE,AUGMENTATION,YES,"FABRICATION,FAILURE",NOT_MENTIONED,,,
9s64ve579r,1,dimiccoImpactIncreasedAwareness2007,The Impact of Increased Awareness While Face-to-Face,"DiMicco, Joan Morris and Hollenbach, Katherine J and Pandolfo, Anna and Bender, Walter",2007,,158,11.7,Second Messenger,Time talking,,,,INCREASE_AWARENESS,,,,,,,,,,,,,,,,,,YES,,,,,,QUESTIONNAIRE,,,,,,,,,,,
9sdq88gbjot,1,kivimakiTechnologiesAmbientAssisted2015,Technologies for Ambient Assisted Living: Ambient Communication and Indoor Positioning,"Kivimäki, T",2015,,3,0.5,,,,,,ASSISTED_LIVING,,,,,,,,,,,,,,,,,,,,,,,,,,,,,,,,,,,
9tm6rwcg5av,1,guidoEffectsBlueLighting2017,Effects of Blue Lighting in Ambient and Mobile Settings on the Intention to Buy Hedonic and Utilitarian Products : BLUE LIGHTING IN AMBIENT AND MOBILE SETTINGS,"Guido, Gianluigi and Piper, Luigi and Prete, M. Irene and Mileti, Antonio and Trisolini, Carla M.",2017,,15,4.3,,,,,,,,,,,,,,,,,,,,,,,,,,,,,,,,,,,,,,,,,
9ttuejyff8a,1,fairbairnTwitterOutLoud2016,Twitter out Loud: Connecting People in Organisations,"Fairbairn, Laurence D. and Sankupellay, Mangalam",2016,,,0,Twitter Out Loud,Raspberry Pi system with a dedicated speaker that reads an organisation's tweets out loud in a staff common room,YES,ADAIS,"PROTOTYPE,USECASE",INCREASE_AWARENESS,"SOCIAL,EVENTS","WORKPLACE,EDUCATION,SOCIAL",,,,,,,,,CONTINUOUS,MAKE_AWARE,AUDIO,PUBLIC,HIGH,SPEAKER,ARTIFICIAL,NO,4,DAYS,IN_SITU,USERS,PROTOTYPE,"INTERVIEW,COMMENTS,OBSERVATION",[NA],"OBJECTIVE,SUBJECTIVE",NONE,PUSH,PERIPHERAL_PLACEMENT,YES,NOISE,NOT_MENTIONED,,,
9tzojskz4va,1,meachamRequirementsEngineeringMethods2016,Requirements Engineering Methods for an Internet of Things Application: Fall-detection for Ambient Assisted Living,"Meacham, S and Phalp, KT",2016,,1,0.2,,,,IOT,,ASSISTED_LIVING,,,,,,,,,,,,,,,,,,,,,,,,,,,,,,,,,,,
9w3931d4ior,1,kunnappillyFormallyAssuredIntelligent2018,A Formally Assured Intelligent Ecosystem for Enhanced Ambient Assisted Living Support,"Kunnappilly, Ashalatha",2018,,,0,,,,,,ASSISTED_LIVING,,,,,,,,,,,,,,,,,,,,,,,,,,,,,,,,,,,
9wvw6lj4xuu,1,Z_rate_Bravo_2016,An Ambient Medication Display to Heighten the Peace of Mind of Family Caregivers of Older Adults: A Study of Feasibility,"Zárate-Bravo, Ernesto and García-Vázquez, Juan-Pablo and Rodríguez, Marcela D.",2016,,4,0.9,Medication Ambient Display,An ambient display that shows medication adherence information of older adults to reassure family caregivers,YES,ADAIS,"PROTOTYPE,EVAL,USECASE",INCREASE_AWARENESS,"HEALTH,SOCIAL","HOME,MEDICAL",,,,,,,,,EVENT,MAKE_AWARE,"VISUAL,AUDIO",FAMILY,MEDIUM,SCREEN,NA,NO,,,IN_SITU,USERS,PROTOTYPE,QUESTIONNAIRE,[NA],SUBJECTIVE,NONE,PRESENCE,PERIPHERAL_PLACEMENT,NO,NA,NOT_MENTIONED,,,
9wwlrw0z56o,1,sunBuildingVirtualCommunity2008,Towards Building Virtual Community for Ambient Assisted Living,"Sun, Hong and Florio, Vincenzo De and Gui, Ning and Blondia, Chris",2008,,17,1.4,,,,,,ASSISTED_LIVING,,,,,,,,,,,,,,,,,,,,,,,,,,,,,,,,,,,
9xe9c47xz95,1,suganumaUbiquitousSupervisorySystem2008,A Ubiquitous Supervisory System Based on Social Context Awareness,"Suganuma, Takuo and Yamanaka, Kazuhiro and Tokairin, Yoshikazu and Takahashi, Hideyuki and Shiratori, Norio",2008,,22,1.8,uEyes,,,,,INCREASE_AWARENESS,"SOCIAL,HEALTH",HOME,,,,,,,,,,,,,,,,YES,,,,,,,,,,,,,,,,,
9xns5ettol8,1,shenIntrusiveEvaluationAmbient2009,Intrusive Evaluation of Ambient Displays,"Shen, Xiaobin",2009,,2,0.2,,,,ADAIS,,,,,,,,,,,,,,,[NA],,,,,,,,,,,,,,,,,,,,,,
9xrpaxjxoa,1,schmidtMobilePhonesTool2006,Mobile Phones as Tool to Increase Communication and Location Awareness of Users,"Schmidt, Albrecht and Holleis, Paul and Häkkilä, Jonna and Rukzio, Enrico and Atterer, Richard",2006,,8,0.6,Aquarium,"Mobile phone screen saver where animated fish represent communication partners, with size, speed, and direction encoding communication patterns",YES,ADAIS,"PROTOTYPE,USECASE",BEHAVIOURAL_CHANGE,SOCIAL,OTHER,,,,,,,,,CONTINUOUS,USER_POLL,VISUAL,PERSONAL,HIGH,SCREEN,ART,NO,20,HOURS,IN_PRESENTATION,USERS,SIMULATION,"INTERVIEW,QUESTIONNAIRE",[NA],SUBJECTIVE,NONE,PRESENCE,CAMOUFLAGE,NO,NA,NOT_MENTIONED,,,
9y6lbdt473s,1,isravelSDNBasedTrafficManagement2020,SDN-Based Traffic Management for Personalized Ambient Assisted Living Healthcare System,"Isravel, Deva Priya and Silas, Salaja and Rajsingh, Elijah Blessing",2020,,,0,,,,,,ASSISTED_LIVING,,,,,,,,,,,,,,,,,,,,,,,,,,,,,,,,,,,
9y9kogwrdrq,1,redstromInformativeArtUsing2000,Informative Art: Using Amplified Artworks as Information Displays,"Redström, Johan and Skog, Tobias and Hallnäs, Lars",2000,,219,10.7,Klein Clock,A monochrome artwork inspired by Yves Klein that displays e-mail traffic as ticking RGB colour codes in two fields,YES,ADAIS,"CONCEPT,PROTOTYPE,USECASE",INCREASE_AWARENESS,"SOCIAL,EVENTS",WORKPLACE,,,,,,,,,CONTINUOUS,USER_POLL,VISUAL,PUBLIC,HIGH,SCREEN,ART,NO,,,,,,,,,NONE,PRESENCE,CAMOUFLAGE,NO,NA,NOT_MENTIONED,,,
9ywp02ezw7d,1,schlossAmbientMediaPublic2008,Ambient Media in Public Spaces,"Schloss, W Andrew and Stammen, Dale",2008,,5,0.4,Weather Permitting,A public library installation that uses roof-mounted weather sensors to drive a six-channel soundscape and hanging LED displays inside the building,YES,ADAIS,"PROTOTYPE,USECASE,ISSUES","INCREASE_AWARENESS,OTHER",ENVIRONMENT,URBAN,,,,,,,,,CONTINUOUS,MAKE_AWARE,AUDIO,PUBLIC,HIGH,"SPEAKER,LED","ART,ASSOCIATED",NO,,,,,,,,,NONE,PRESENCE,CAMOUFLAGE,YES,NONE,NOT_MENTIONED,,,
9zcdf4s4jeg,1,antonSecurityenhancedAmbientAssisted2012,Security-Enhanced Ambient Assisted Living Supporting School Activities during Hospitalisation,"Antón, Pablo and Muñoz, Antonio and Maña, Antonio and Koshutanski, Hristo",2012,,10,1.2,,,,,,ASSISTED_LIVING,,,,,,,,,,,,,,,,,,,,,,,,,,,,,,,,,,,
9zqksg9vme5,1,omranExplorativeStudyRequirements2018,An Explorative Study on Requirements for Ambient Displays Presenting Mood Awareness,"Omran, H and Gross, T",2016,,1,0.2,Mood Awareness Ambient Display,"A proposed ambient display concept that captures and presents remote team members' mood using colours, imagery scenes or physical objects while preserving privacy",YES,ADAIS,"EVAL,ISSUES",INCREASE_AWARENESS,SOCIAL,WORKPLACE,,,,,,,,,CONTINUOUS,CHANGE_BLIND,VISUAL,GROUP,MEDIUM,,NA,YES,19,HOURS,IN_PRESENTATION,USERS,PRESENTATION,QUESTIONNAIRE,[NA],[NA],NONE,PRESENCE,PERIPHERAL_PLACEMENT,NA,NA,NOT_MENTIONED,,,
9zzxiact2a,1,colantonioComputerVisionAmbient2018,Computer Vision for Ambient Assisted Living: Monitoring Systems for Personalized Healthcare and Wellness That Are Robust in the Real World and Accepted by Users …,"Colantonio, S and Coppini, G and Giorgi, D and Morales, MA",2018,,7,2.8,,,,AS,,ASSISTED_LIVING,,,,,,,,,,,,,,,,,,,,,,,,,,,,,,,,,,,
a0ssd5afpfk,1,hemmertDynamicKnobsShape2008,Dynamic Knobs: Shape Change as a Means of Interaction on a Mobile Phone,"Hemmert, Fabian and Joost, Gesche and Knörig, André and Wettach, Reto",2008,,50,4,Dynamic Knobs,Inflate casing,,,PROTOTYPE,,,,,,,,,,,,,,,,,,,NO,,,,,,,,,,,,,,,,,
a1jgx24rc6d,1,garcia-vazquezAmbientInformationSystems2009,Ambient Information Systems for Supporting Ageing in Place,"García-Vázquez, Juan P. and Rodríguez, Marcela D. and Andrade, Angel G. and Saldaña, Diana and Mercado, Fabian and Ruelas, Emanuelle",2009,,6,0.5,WaterFaucet,A water faucet that illuminates the water flow in red to warn elders when the water is too hot,YES,ADAIS,PROTOTYPE,"NOTIFICATION,ASSISTED_LIVING",HEALTH,"MEDICAL,HOME",,,,,,,,,USER,MAKE_AWARE,VISUAL,PERSONAL,LOW,LED,"FAMILIAR,ASSOCIATED",NO,,,,,,,,,NONE,PUSH,AUGMENTATION,YES,NONE,NOT_MENTIONED,,,
a289vjg99sa,1,ruiz-sarmientoProbabilityCommonsenseTandem2016,Probability and Common-Sense: Tandem towards Robust Robotic Object Recognition in Ambient Assisted Living,"Ruiz-Sarmiento, J. R. and Galindo, C. and Gonzalez-Jimenez, J.",2016,,6,1.3,,,,,,ASSISTED_LIVING,,,,,,,,,,,,,,,,,,,,,,,,,,,,,,,,,,,
a2jhls05f0d,1,griffinSecurityAmbientAssisted2015,Security for Ambient Assisted Living: Multi-factor Authentication in the Internet of Things,"Griffin, PH",2015,,16,2.9,,,,IOT,,ASSISTED_LIVING,,,,,,,,,,,,,,,,,,,,,,,,,,,,,,,,,,,
a3d5znxrjrt,1,gemanChallengesTrendsAmbient2015,Challenges and Trends in Ambient Assisted Living and Intelligent Tools for Disabled and Elderly People,"Geman, Oana and Sanei, Saeid and Costin, Hariton-Nicolae and Eftaxias, Konstantinos and Vysata, Oldrich and Prochazka, Ales and Lhotska, Lenka",2015,,22,4,,,,,,ASSISTED_LIVING,,,,,,,,,,,,,,,,,,,,,,,,,,,,,,,,,,,
a3g80w0c9mm,1,wongpatikasereeHighPerformanceActivity2014,High Performance Activity Recognition Framework for Ambient Assisted Living in the Home Network Environment,"WONGPATIKASEREE, Konlakorn and LIM, Azman Osman and IKEDA, Mitsuru and TAN, Yasuo",2014,,2,0.3,,,,,,ASSISTED_LIVING,,,,,,,,,,,,,,,,,,,,,,,,,,,,,,,,,,,
a3nnlhu8znt,1,pinnelliAmbientAssistedLiving2014,"Ambient Assisted Living, Innovazione Tecnologica e Inclusione","Pinnelli, S",2014,,3,0.5,,,,,,ASSISTED_LIVING,,,,,,,,,,,,,,,,,,,,,,,,,,,,,,,,,,,
a3s104v64mh,1,ishiiTangibleBitsSeamless1997,"Tangible Bits: Towards Seamless Interfaces between People, Bits and Atoms","Ishii, Hiroshi and Ullmer, Brygg",1997,,5117,217.7,metaDESK,A back-projected horizontal graphical desk surface manipulated with physical icons (phicons) and an arm-mounted LCD lens to interact with 2D/3D maps,YES,"TUI,ADAIS",USECASE,AID_IN_ACTIVITY,OTHER,WORKPLACE,,,,,,,,,OBJECT,,"HAPTIC,VISUAL",GROUP,HIGH,SCREEN,ARTIFICIAL,NO,,,,,,,,,SPATIAL_OBJECT_BINDING,PULL,,YES,NONE,NOT_MENTIONED,,,
a4ifybn1mdr,1,shibataMentalCommitRobot2001,Mental Commit Robot and Its Application to Therapy of Children,"Shibata, T. and Mitsui, T. and Wada, K. and Touda, A. and Kumasaka, T. and Tagami, K. and Tanie, K.",2001,,229,11.7,Paro,Haptics,,,,,,,,,,,,,,,,,,,,,,YES,,,,,,INTERVIEW,,,,,,,,,,,
a63gv1tzza,1,harboeAmbientSocialTv2008,Ambient Social Tv: Drawing People into a Shared Experience,"Harboe, Gunnar and Metcalf, Crysta J. and Bentley, Frank and Tullio, Joe and Massey, Noel and Romano, Guy",2008,,150,12,Ambient Social TV,An ambient orb and a Chumby device that change color to convey how many of a user's friends are currently watching TV,YES,ADAIS,"PROTOTYPE,EVAL,USECASE","INCREASE_AWARENESS,NOTIFICATION",SOCIAL,HOME,,,,,,,,,CONTINUOUS,MAKE_AWARE,VISUAL,FAMILY,MEDIUM,"LED,SCREEN","FAMILIAR,ARTIFICIAL",YES,10,WEEKS,IN_SITU,USERS,PROTOTYPE,INTERVIEW,[NA],"SUBJECTIVE,OBJECTIVE",NONE,"PRESENCE,PUSH","PERIPHERAL_PLACEMENT,CAMOUFLAGE",NO,NA,NOT_MENTIONED,,,
a7e0mhw4i2,1,petittiHeterogeneousRoboticNetwork2014,A Heterogeneous Robotic Network for Distributed Ambient Assisted Living,"Petitti, Antonio and Paola, Donato Di and Milella, Annalisa and Mazzeo, Pier Luigi and Spagnolo, Paolo and Cicirelli, Grazia and Attolico, Giovanni",2014,,2,0.3,,,,,,ASSISTED_LIVING,,,,,,,,,,,,,,,,,,,,,,,,,,,,,,,,,,,
a8fexsfedip,1,amesDescriptionDesignDimensions2002,Description of Design Dimensions and Evaluation for Ambient Displays,"Ames, Morgan and Dey, Anind K.",2002,,19,1,Description of Design Dimensions and Evaluation for Ambient Displays,A conceptual framework of design dimensions for ambient displays and a survey of evaluation techniques applied to existing ambient displays,NO,ADAIS,"DEFTAX,EVAL","INCREASE_AWARENESS,NOTIFICATION",HEALTH,WORKPLACE,,,,,,,,,CONTINUOUS,MAKE_AWARE,VISUAL,PUBLIC,,,NA,YES,,,,,,"HEURISTIC_EVALUATION,INTERVIEW",,,NONE,PRESENCE,PERIPHERAL_PLACEMENT,NA,NA,NA,,,
a8hv910qvo,1,karimovaBakhtinianTypologyAmbient2014,Toward a Bakhtinian Typology of Ambient Advertising,"Karimova, GZ",2014,,14,2.2,,,,,,,,,,,,,,,,,,,,,,,,,,,,,,,,,,,,,,,,,
a8sbe6gpk3d,1,pranteAmbientAgorasInfoRiver2004,"Ambient Agoras – InfoRiver, SIAM, Hello.Wall","Prante, Thorsten and Stenzel, Richard and Röcker, Carsten and Streitz, Norbert and Magerkurth, Carsten",2004,,38,2.3,SIAM,,,,PROTOTYPE,,,WORKPLACE,,,,,,,,,,,,,,,,NO,,,,,,,,,,,,,,,,,
a9vr37ykqxj,1,skogActivityWallpaperAmbient2004,Activity Wallpaper: Ambient Visualization of Activity Information,"Skog, Tobias",2004,,43,2.6,Activity Wallpaper,A projected ambient visualization resembling wallpaper that displays a week of café activity history derived from audio analysis,YES,ADAIS,"PROTOTYPE,USECASE",INCREASE_AWARENESS,HEALTH,WORKPLACE,,,,,,,,,CONTINUOUS,USER_POLL,VISUAL,PUBLIC,HIGH,PROJECTION,"FAMILIAR,ART",NO,,,,,,,,,NONE,PRESENCE,CAMOUFLAGE,NO,NA,NOT_MENTIONED,,,
aa0551hoxoq,1,bornerChannelLiteratureReview2013,Beyond the Channel: A Literature Review on Ambient Displays for Learning,"Börner, Dirk and Kalz, Marco and Specht, Marcus",2013,,34,4.5,Beyond the Channel,"Literature review and classification framework for ambient displays used for situational awareness, feedback, and learning",NO,ADAIS,PROTOTYPE,"INCREASE_AWARENESS,BEHAVIOURAL_CHANGE","RESOURCES,HEALTH",EDUCATION,,,,,,,,,,,[NA],,,,,YES,,,,,,,,,NONE,,,NA,NA,NA,,,
aabts6ya4p,1,amorettiJXTASOAPImplementingServiceoriented2008,JXTA-SOAP: Implementing Service-Oriented Ubiquitous Computing Platforms for Ambient Assisted Living,"Amoretti, Michele and Laghi, Maria Chiara and Zanichelli, Francesco and Conte, Gianni",2008,,4,0.3,JXTA-SOAP,,,,,ASSISTED_LIVING,,,,,,,,,,,,,,,,,,,,,,,,,,,,,,,,,,,
ab9lr1i60pd,1,pousmanCasualInformationVisualization2007,Casual Information Visualization: Depictions of Data in Everyday Life,"Pousman, Zachary and Stasko, John T and Mateas, Michael",2007,,413,30.6,,,NO,,,"INCREASE_AWARENESS,BEHAVIOURAL_CHANGE",RESOURCES,,,,,,,,,,,,VISUAL,,,,,YES,,,,,,INTERVIEW,,,,,,,,,,,
abkieuv0w5,1,mayerDemoUncoveringDevice2012,Demo: Uncovering Device Whispers in Smart Homes,"Mayer, Simon and Beckel, Christian and Scheidegger, Bram and Barthels, Claude and Sörös, Gábor",2012,,6,0.7,,,,,,,HEALTH,HOME,,,,,,,,,,,,,,,,NO,,,,,,,,,,,,,,,,,
adz0gzvr3cu,1,zaricLowCostIntelligent2017,Low Cost Intelligent Notification and Alarming System for Ambient Assisted Living Applications,"Žarić, N and Djurišić, MP",2017,,2,0.6,,,,,,ASSISTED_LIVING,,,,,,,,,,,,,,,,,,,,,,,,,,,,,,,,,,,
adzi0i1g6v9,1,ailistoPhysicalSelectionParadigm2003,A Physical Selection Paradigm for Ubiquitous Computing,"Ailisto, Heikki and Plomp, Johan and Pohjanheimo, Lauri and Strömmer, Esko",2003,,28,1.6,,,,,,,,,,,,,,,,,,,,,,,,,,,,,,,,,,,,,,,,,
ae0ttb3hky,1,lozano-monasorFacialExpressionRecognition2017,Facial Expression Recognition in Ageing Adults: From Lab to Ambient Assisted Living,"Lozano-Monasor, Elena and López, María T. and Vigo-Bustos, Francisco and Fernández-Caballero, Antonio",2017,,21,6,,,,,,ASSISTED_LIVING,,,,,,,,,,,,,,,,,,,,,,,,,,,,,,,,,,,
aeekxhqxq4g,1,holmquistEvaluatingComprehensionAmbient2004,Evaluating the Comprehension of Ambient Displays,"Holmquist, Lars Erik",2004,,50,3,Comprehension Evaluation Framework,"An evaluation framework with three levels of comprehension for ambient displays, illustrated with a bus departure display resembling an abstract painting",NO,ADAIS,"CONCEPT,EVAL",INCREASE_AWARENESS,"EVENTS,SOCIAL",WORKPLACE,,,,,,,,,CONTINUOUS,USER_POLL,VISUAL,PUBLIC,MEDIUM,SCREEN,ART,YES,,,,,,,,,NONE,PRESENCE,CAMOUFLAGE,NA,NA,NA,,,
aejq3i014c,1,monekossoGuestEditorialSpecial2015,"Guest Editorial Special Issue on Ambient-Assisted Living: Sensors, Methods, and Applications","Monekosso, Dorothy N. and Florez-Revuelta, Francisco and Remagnino, Paolo",2015,,7,1.3,,,,AS,,ASSISTED_LIVING,,,,,,,,,,,,,,,,,,,,,,,,,,,,,,,,,,,
aek0zeerjsn,1,volanschiALanguageOnline2018,"A Language for Online State Processing of Binary Sensors, Applied to Ambient Assisted Living","Volanschi, Nic and Serpette, Bernard and Carteron, Adrien and Consel, Charles",2018,,9,3.6,,,,AS,,ASSISTED_LIVING,,,,,,,,,,,,,,,,,,,,,,,,,,,,,,,,,,,
afnr7eolv2l,1,kranzRoboticServiceCores2010,Robotic Service Cores for Ambient Assisted Living,"Kranz, Matthias and Linner, Thomas and Ellmann, Bernhard and Bittner, Andreas and Roalter, Luis",2010,,18,1.7,,,,,,ASSISTED_LIVING,,,,,,,,,,,,,,,,,,,,,,,,,,,,,,,,,,,
afnuyus1vl,1,camposSupportingDesignAmbient2015,Supporting the Design of an Ambient Assisted Living System Using Virtual Reality Prototypes,"Campos, José C. and Abade, Tiago and Silva, José Luís and Harrison, Michael D.",2015,,3,0.5,,,,,,ASSISTED_LIVING,,,,,,,,,,,,,,,,,,,,,,,,,,,,,,,,,,,
afslvp8vfoj,1,kumarVisibleLightCommunications2014,Visible Light Communications (VLC) for Ambient Assisted Living,"Kumar, Ambuj and Mihovska, Albena and Kyriazakos, Sofoklis and Prasad, Ramjee",2014,,25,3.8,,,,,,ASSISTED_LIVING,,,,,,,,,,,,,,,,,,,,,,,,,,,,,,,,,,,
afv6j0fe6m,1,alamWebObjectsBased2016,Web of Objects Based Ambient Assisted Living Framework for Emergency Psychiatric State Prediction,"Alam, MGR and Abedin, SF and Ameen, M Al and Hong, CS",2016,,11,2.4,,,,,,ASSISTED_LIVING,,,,,,,,,,,,,,,,,,,,,,,,,,,,,,,,,,,
afx5i3dk4yt,1,lyytinenUbiquitousComputing2002,Ubiquitous Computing,"Lyytinen, K and Yoo, Y",2002,,1055,57,,,,,,,,,,,,,,,,,,,,,,,,,,,,,,,,,,,,,,,,,
ag6qe1ubu6g,1,abdelmohsenEnergyPuppetAmbient2008,Energy Puppet: An Ambient Awareness Interface for Home Energy Consumption,"Abdelmohsen, Sherif and Do, Ellen Yi-Luen",2008,,12,1,Energy Puppet,"A pet-like puppet device attached to a home appliance whose eye color, arm movement and sound reflect the appliance's energy consumption level",YES,ADAIS,"PROTOTYPE,USECASE",INCREASE_AWARENESS,RESOURCES,HOME,,,,,,,,,CONTINUOUS,DEMAND_ATTENTION,"VISUAL,AUDIO,POS",HOUSEHOLD,MEDIUM,"LED,MOTOR,SPEAKER,SCREEN",ARTIFICIAL,NO,,,,,,,,,NONE,"PRESENCE,PUSH",PERIPHERAL_PLACEMENT,YES,NONE,NOT_MENTIONED,,,
ai8ky6mqb7,1,rockerAmbientAssistedLiving2012,Ambient Assisted Living: Chances and Challenges of Intelligent Homecare Solutions,"Röcker, C",2012,,2,0.2,,,,,,ASSISTED_LIVING,,,,,,,,,,,,,,,,,,,,,,,,,,,,,,,,,,,
akjolfvi19b,1,mallickEnergyEfficientRouting2016,Energy Efficient Routing Protocol for Ambient Assisted Living Environment with Multiple Sinks,"Mallick, Arpita and Chowdhury, Chandreyee and Saha, Anindita",2016,,1,0.2,,,,,,ASSISTED_LIVING,,,,,,,,,,,,,,,,,,,,,,,,,,,,,,,,,,,
al2r6w67zio,1,davisSocialHueSubtle2015,Social Hue: A Subtle Awareness System for Connecting the Elderly and Their Caregivers,"Davis, Kadian and Jun Hu and Feijs, Loe and Owusu, Evans",2015,,18,3.3,Social Hue,A bidirectional Philips Hue light system that maps the elderly's and caregivers' activity and emotional states to ambient lighting colours and patterns,YES,ADAIS,"PROTOTYPE,USECASE,CONCEPT",INCREASE_AWARENESS,"SOCIAL,HEALTH",MEDICAL,,,,,,,,,CONTINUOUS,CHANGE_BLIND,VISUAL,FAMILY,HIGH,LED,FAMILIAR,YES,,,,,,,,,AWARENESS_CONSCIOUSNESS,PRESENCE,"PERIPHERAL_PLACEMENT,AUGMENTATION",NO,NA,NOT_MENTIONED,,,
amc3gaygtv,1,arthurSimulationTestHeadworn2017,Simulation Test of a Head-Worn Display with Ambient Vision Display for Unusual Attitude Recovery,"III, JTJ Arthur and Nicholas, SN and Shelton, KJ",2017,,3,0.9,Head-Worn Display with Ambient Vision Display (HWD-AV),A head-worn display with peripheral ambient vision displays rendering synthetic vision terrain to provide aircraft attitude awareness during unusual attitude recovery,YES,ADAIS,"EVAL,PROTOTYPE","INCREASE_AWARENESS,AID_IN_ACTIVITY",SAFETY,TRANSPORT,,,,,,,,,CONTINUOUS,MAKE_AWARE,VISUAL,PERSONAL,HIGH,SCREEN,ARTIFICIAL,YES,24,HOURS,IN_LAB,"USERS,EXPERTS",PROTOTYPE,"QUESTIONNAIRE,INTERVIEW,COMMENTS,TASK_PERFORMANCE",QUESTIONNAIRE,[NA],PERIPHERAL_ATTENTION,PRESENCE,PERIPHERAL_PLACEMENT,YES,OTHER,NOT_MENTIONED,,,
amfoctxv4ei,1,pousmanTaxonomyAmbientInformation2006,A Taxonomy of Ambient Information Systems: Four Patterns of Design,"Pousman, Zachary and Stasko, John",2006,,435,30,A Taxonomy of Ambient Information Systems,A conceptual taxonomy defining ambient information systems across four design dimensions and identifying four design patterns,NO,ADAIS,DEFTAX,INCREASE_AWARENESS,HEALTH,WORKPLACE,,,,,,,,,,,[NA],,,,,NO,,,,,,,,,NONE,,,NA,NA,NA,,,
apq4frbq9vf,1,kailaLivingWoodSelfhiding2012,Living Wood: A Self-Hiding Calm User Interface,"Kaila, Lasse and Raula, Henrik and Valtonen, Miika and Palovuori, Karri",2012,,5,0.6,Living Wood,LED lights behind wooden pannel that are invisible while off,,,PROTOTYPE,,,HOME,,,,,,,,,,,,,,,,YES,,,,,,INTERVIEW,,,,,,,,,,,
ar6xl694ula,1,olivierCrossmodalAttentionPublicPrivate2006,Crossmodal Attention in Public-Private Displays,"Olivier, P. and Gilroy, S.W. and Han Cao and Jackson, D.G. and Kray, C.",2006,,16,1.1,CrossBoard,A dense multi-user public information display that uses hierarchical flashing regions coordinated with audio/haptic crossmodal cues to help individuals locate their information,YES,ADAIS,PROTOTYPE,AID_IN_ACTIVITY,EVENTS,HOME,,,,,,,,,USER,MAKE_AWARE,"VISUAL,AUDIO,HAPTIC",PUBLIC,HIGH,SCREEN,ASSOCIATED,NO,,HOURS,IN_LAB,USERS,PROTOTYPE,"TASK_PERFORMANCE,COMMENTS",[NA],[NA],"PERIPHERAL_ATTENTION,SALIENCE,AWARENESS_CONSCIOUSNESS","PUSH,PRESENCE",,NO,NA,NOT_MENTIONED,,,
asetuuqvmb6,1,poupyrev2002ambient,Ambient Touch: Designing Tactile Interfaces for Handheld Devices,"Poupyrev, Ivan and Maruyama, Shigeaki and Rekimoto, Jun",2002,,472,25.5,Tactile Feedback,Tactile Feedback as a support for UI interactions,YES,"TUI,ADAIS",USECASE,"AID_IN_ACTIVITY,NOTIFICATION,INCREASE_AWARENESS","EVENTS,OTHER",WORKPLACE,,,,,,,,,USER,MAKE_AWARE,HAPTIC,PERSONAL,MEDIUM,MOTOR,ARTIFICIAL,YES,10,HOURS,IN_LAB,USERS,PROTOTYPE,QUESTIONNAIRE,[NA],[NA],"COGNITIVE_LOAD,PERIPHERAL_ATTENTION","PUSH,PRESENCE","INVISIBILITY,PERIPHERAL_PLACEMENT",YES,NOISE,NO,,,
asmlqlhy5mo,1,stefanWebPlatformArchitecture2018,Web Platform Architecture for Ambient Assisted Living,"Stefan, Ioana and Aldea, Constantin Lucian and Nechifor, Cosmin Septimiu",2018,,4,1.6,,,,,,ASSISTED_LIVING,,,,,,,,,,,,,,,,,,,,,,,,,,,,,,,,,,,
asxnvo1qtjd,1,consolvoFlowersRobotArmy2008,"Flowers or a Robot Army?: Encouraging Awareness \& Activity with Personal, Mobile Displays","Consolvo, Sunny and Klasnja, Predrag and McDonald, David W. and Avrahami, Daniel and Froehlich, Jon and LeGrand, Louis and Libby, Ryan and Mosher, Keith and Landay, James A.",2008,,471,37.7,UbiFit Garden,,,,PROTOTYPE,"BEHAVIOURAL_CHANGE,INCREASE_AWARENESS",HEALTH,"WORKPLACE,EDUCATION",,,,,,,,,,,,,,,,YES,28,MONTHS,,,,"INTERVIEW,QUESTIONNAIRE",,,,,,,,,,,
at1w74ae3dq,1,williamsExploringWearableAmbient2006,Exploring Wearable Ambient Displays For Social Awareness,"Williams, Amanda",2006,,50,3.4,Damage,A studded bracelet with LED studs representing individuals and group activity to provide ambient awareness of a social group's messaging activity,YES,ADAIS,PROTOTYPE,INCREASE_AWARENESS,SOCIAL,"SOCIAL,OTHER",,,,,,,,,EVENT,MAKE_AWARE,VISUAL,PERSONAL,MEDIUM,LED,FAMILIAR,NO,12,HOURS,IN_PRESENTATION,USERS,PROTOTYPE,COMMENTS,[NA],[NA],NONE,"PRESENCE,PUSH","PERIPHERAL_PLACEMENT,CAMOUFLAGE",YES,NONE,NOT_MENTIONED,,,
atq2hyt7cjs,1,vrsalovicComputerSystemAccessing2006,A Computer System for Accessing Ambient Display and Computing Resources in Wearable Environments,"Vrsalovic, Harvey and Hornyak, Matthew and Luo, Lu and Siewiorek, Daniel and Smailagic, Asim",2006,,1,0.1,Astro Remote Display System (RDS),A mobile computer system and network architecture that lets wearable devices offload display and CPU tasks onto ambient display and computing resources in the environment.,YES,ADAIS,"DEV,PROTOTYPE",AID_IN_ACTIVITY,OTHER,"WORKPLACE,EDUCATION",,,,,,,,,USER,USER_POLL,VISUAL,PERSONAL,HIGH,SCREEN,ARTIFICIAL,NO,,,,,,,,,NONE,PULL,,NO,NA,NOT_MENTIONED,,,
av7bwotbu7l,1,costanzaEyeqEyeglassPeripheral2006,Eye-q: Eyeglass Peripheral Display for Subtle Intimate Notifications,"Costanza, Enrico and Inverso, Samuel A. and Pavlov, Elan and Allen, Rebecca and Maes, Pattie",2006,,89,6.1,Eye-q,Eyeglasses with arrays of small LEDs at the ends of the arms that deliver subtle peripheral visual notification cues,YES,ADAIS,"PROTOTYPE,EVAL",NOTIFICATION,HEALTH,OTHER,,,,,,,,,EVENT,MAKE_AWARE,VISUAL,PERSONAL,LOW,LED,FAMILIAR,YES,20,HOURS,"IN_LAB,IN_SITU",USERS,PROTOTYPE,"TASK_PERFORMANCE,COMMENTS",[NA],[NA],"PERIPHERAL_ATTENTION,COGNITIVE_LOAD",PUSH,"PERIPHERAL_PLACEMENT,AUGMENTATION",YES,NONE,NOT_MENTIONED,,,
avdrfzv0x3h,1,cebanovActivityRecognitionAmbient2019,Activity Recognition for Ambient Assisted Living Using Off-the-Shelf Motion Sensing Input Devices,"Cebanov, Elena and Dobre, Ciprian and Gradinaru, Alexandru and Ciobanu, Radu-Ioan and Stanciu, Valeriu-Daniel",2019,,,0,,,,,,ASSISTED_LIVING,,,,,,,,,,,,,,,,,,,,,,,,,,,,,,,,,,,
avkhak49kd,1,bensonScalabilityNOCturneDisplay2014,Scalability of the NOCturne Display,"Benson, Jordan Riley and Ramarajan, Rajiv",2014,,,0,NOCturne Display,Visualization of Cyber Security domain spaces,,,,,HEALTH,WORKPLACE,,,,,,,,,,,,,,,,NO,,,,,,,,,,,,,,,,,
avn094474hn,1,smithWiltingFlower2008,Wilting Flower,"Smith, Carl",2008,,,0,Wilting Flower,Mechanical flower that blooms the less power is consumed,,ADAIS,,BEHAVIOURAL_CHANGE,RESOURCES,HOME,YES,Power Consumption,LOCAL,Posture and Bloom level of artificial plant,,,,,,,VISUAL,,LOW,,,,,,,,,,,,,,,,,,,,
awfi81hv19w,1,sharmaGovernanceAmbientAssisted2020,Governance of Ambient Assisted Living for Age Friendly Inclusive Cities,"Sharma, Somesh and Gianoli, Alberto and Geerlings, Harry",2020,,,0,,,,,,ASSISTED_LIVING,,,,,,,,,,,,,,,,,,,,,,,,,,,,,,,,,,,
ax9s25qtg7,1,staskoExplorationsExperiencesAmbient2007,Explorations and Experiences with Ambient Information Systems,"Stasko, J and Doo, M and Dorn, B and Plaue, C",2007,,9,0.7,AuraOrbs,Wall-mounted 42-inch LCD showing an abstract painting with colored spheres representing lab members' presence plus weather and traffic information,YES,ADAIS,"PROTOTYPE,USECASE,ISSUES",INCREASE_AWARENESS,"SOCIAL,ENVIRONMENT,EVENTS",WORKPLACE,,,,,,,,,CONTINUOUS,USER_POLL,VISUAL,GROUP,HIGH,SCREEN,ART,NO,,,,,,,,,NONE,PRESENCE,CAMOUFLAGE,YES,NONE,NOT_MENTIONED,,,
axe0nojfhql,1,fernandez-luqueAmbientAssistedLiving2014,Ambient Assisted Living System with Capacitive Occupancy Sensor,"Fernandez-Luque, Francisco J. and Martínez, Félix L. and Domènech, Ginés and Zapata, Juan and Ruiz, Ramón",2014,,15,2.3,,,,AS,,ASSISTED_LIVING,,,,,,,,,,,,,,,,,,,,,,,,,,,,,,,,,,,
ayhgehf9a9o,1,makoninElementsConsumptionAbstract2011,Elements of Consumption: An Abstract Visualization of Household Consumption,"Makonin, Stephen and Pasquier, Philippe and Bartram, Lyn",2011,,16,1.7,EoC Inverse,Abstract artificial-life fluid dynamics canvas where more household consumption causes less artificial life to be rendered,YES,ADAIS,"PROTOTYPE,USECASE",BEHAVIOURAL_CHANGE,RESOURCES,HOME,,,,,,,,,CONTINUOUS,CHANGE_BLIND,VISUAL,HOUSEHOLD,LOW,SCREEN,"ART,ASSOCIATED",NO,,,,,,,,,NONE,PRESENCE,CAMOUFLAGE,NO,NA,NOT_MENTIONED,,,
az9jexi7dqi,1,otjacquesAmbientWorkplaceRaising2006,An Ambient Workplace for Raising Awareness of Internet-Based Cooperation,"Otjacques, Benoît and McCall, Rod and Feltz, Fernand",2006,,5,0.3,Ambient Workplace,Desktop ambient display embedded in the Windows Active Desktop that visualises cooperation activity among co-workers using a maritime flags and beacons metaphor,YES,ADAIS,PROTOTYPE,INCREASE_AWARENESS,"SOCIAL,EVENTS",WORKPLACE,,,,,,,,,CONTINUOUS,USER_POLL,VISUAL,PERSONAL,MEDIUM,SCREEN,ARTIFICIAL,YES,21,HOURS,IN_PRESENTATION,USERS,PROTOTYPE,QUESTIONNAIRE,[NA],[NA],NONE,PRESENCE,PERIPHERAL_PLACEMENT,NO,NA,NOT_MENTIONED,,,
b0rwivbq4y,1,makoninInspiringEnergyConservation2013,Inspiring Energy Conservation Through Open Source Power Monitoring and In-Home Display,"Makonin, Stephen and Popowich, Fred and Moon, TaeJin and Gill, Bob",2013,,11,1.5,In-home display,A translucent housing with three coloured LEDs that indicate real-time household power consumption levels via colour and blinking for peak periods.,YES,"AS,ADAIS","PROTOTYPE,DEV",INCREASE_AWARENESS,RESOURCES,HOME,,,,,,,,,CONTINUOUS,MAKE_AWARE,VISUAL,HOUSEHOLD,MEDIUM,LED,ARTIFICIAL,NO,,,,,,,,,NONE,PRESENCE,PERIPHERAL_PLACEMENT,YES,NONE,NOT_MENTIONED,,,
b341148s2vd,1,davisEvaluatingHumanActivityBased2017,Evaluating Human Activity-Based Ambient Lighting Displays for Effective Peripheral Communication,"Davis, Kadian and Owusu, Evans and Marcenaro, Lucio and Feijs, Loe and Regazzoni, Carlo and Hu, Jun",2017,,9,2.6,"Ambient Lighting Display (Configurations X, Y, Z)",A Philips Hue desk lamp that conveys an elderly person's activity levels to caregivers through changes in lighting colour and brightness,YES,ADAIS,"EVAL,PROTOTYPE","INCREASE_AWARENESS,ASSISTED_LIVING",HEALTH,MEDICAL,,,,,,,,,CONTINUOUS,CHANGE_BLIND,VISUAL,PERSONAL,MEDIUM,LED,FAMILIAR,NO,14,HOURS,IN_LAB,USERS,PROTOTYPE,"QUESTIONNAIRE,HEURISTIC_EVALUATION,OBSERVATION,COMMENTS,TASK_PERFORMANCE",[NA],[NA],NONE,PRESENCE,"PERIPHERAL_PLACEMENT,AUGMENTATION",NO,NA,NOT_MENTIONED,,,
b4ottbdpnn,1,varoudisAmbientDisplaysInfluencing2011,Ambient Displays: Influencing Movement Patterns,"Varoudis, Tasos and Dalton, Sheep and Alexiou, Katerina and Zamenopoulos, Theodore",2011,,12,1.3,Untitled,Wall-embedded ambient display showing a live video link of a target space to act as a virtual window influencing movement,YES,ADAIS,"EVAL,USECASE",BEHAVIOURAL_CHANGE,OTHER,WORKPLACE,,,,,,,,,CONTINUOUS,CHANGE_BLIND,VISUAL,PUBLIC,HIGH,SCREEN,ARTIFICIAL,YES,800,WEEKS,IN_LAB,USERS,PROTOTYPE,OBSERVATION,[NA],OBJECTIVE,SPATIAL_OBJECT_BINDING,PRESENCE,"AUGMENTATION,CAMOUFLAGE",NO,NA,NOT_MENTIONED,,,
b4z9bnt82hi,1,aquilanoAmbientAssistedLiving2012,Ambient Assisted Living and Ageing: Preliminary Results of RITA Project,"Aquilano, M and Cavallo, F and Bonaccorsi, M",2012,,25,2.9,,,,,,ASSISTED_LIVING,,,,,,,,,,,,,,,,,,,,,,,,,,,,,,,,,,,
b5349qcy4yc,1,alemanAmbientDisplaysAssist2016,Ambient Displays to Assist Caregivers Monitoring the Sleep of People with Dementia,"Alemán, Carlos A. and Favela, Jesús",2016,,1,0.2,Door lights,Color lights on the door frame where the color represents the type of night event of a person with dementia,YES,"ADAIS,AS","USECASE,PROTOTYPE",INCREASE_AWARENESS,HEALTH,MEDICAL,,,,,,,,,EVENT,MAKE_AWARE,VISUAL,GROUP,MEDIUM,LED,AUGMENTATION,YES,12,HOURS,"IN_SITU,IN_PRESENTATION","USERS,EXPERTS",SIMULATION,INTERVIEW,[NA],[NA],NONE,"PUSH,PRESENCE",AUGMENTATION,YES,NONE,NOT_MENTIONED,,,
b5ihsdz8se7,1,visserDesigningSupportSocial2011,Designing to Support Social Connectedness: The Case of SnowGlobe,"Visser, Thomas and Vastenburg, Martijn and V. Keyson, David",2011,,47,4.9,KeyPing,"Boards between grandparent and grandchilren. GP puts his keys on board will activate the token representing the grandparent on the board of the grandchildren (lights up). Vice versa, grandchild can click token represent grandfather, and the token represent the grandchild on grandfathers side will light up (nudging each other).",YES,ADAIS,"PROTOTYPE,USECASE",INCREASE_AWARENESS,"SOCIAL,HEALTH","HOME,MEDICAL",,,,,,,,,OBJECT,MAKE_AWARE,VISUAL,FAMILY,MEDIUM,LED,ASSOCIATED,YES,40,HOURS,IN_SITU,USERS,PROTOTYPE,"INTERVIEW,QUESTIONNAIRE",[NA],[NA],NONE,"PUSH,PRESENCE",PERIPHERAL_PLACEMENT,YES,NONE,NOT_MENTIONED,,,
b5ssa9fawww,1,kimDesigningPersuasionAmbient2010,Designing for Persuasion: Toward Ambient Eco-Visualization for Awareness,"Kim, Tanyoung and Hong, Hwajung and Magerko, Brian",2010,,64,6.1,Coralog,A Mac OS desktop dashboard widget that depicts coral reefs and fish whose health changes based on computer idle/usage time to encourage energy conservation,YES,ADAIS,"PROTOTYPE,EVAL,USECASE","INCREASE_AWARENESS,BEHAVIOURAL_CHANGE","RESOURCES,HEALTH","HOME,WORKPLACE",,,,,,,,,USER,USER_POLL,VISUAL,PERSONAL,MEDIUM,SCREEN,"ASSOCIATED,ART",YES,47,WEEKS,IN_SITU,USERS,PROTOTYPE,"QUESTIONNAIRE,INTERVIEW[N=5],INTERVIEW",[NA],"SUBJECTIVE,OBJECTIVE",NONE,PULL,PERIPHERAL_PLACEMENT,NO,NA,NOT_MENTIONED,,,
b73tf2fr77v,1,venkateshSecureAmbientAssisted2012,A Secure Ambient Assisted Living (AAL) Environment: An Implementation View,"Venkatesh, Veeramuthu and Vaithyanathan, V and Kumar, M Prashant and Raj, Pethuru",2012,,8,0.9,,,,,,ASSISTED_LIVING,,,,,,,,,,,,,,,,,,,,,,,,,,,,,,,,,,,
b74efmvtxmt,1,zhangInfoLotusPeripheralVisualization2005,Info-Lotus: A Peripheral Visualization for Email Notification,"Zhang, Leizhong and Tu, Nan and Vronay, Dave",2005,,28,1.8,Info-Lotus,A peripheral on-screen flower visualization that grows to show incoming filtered emails of interest,YES,ADAIS,"PROTOTYPE,EVAL,USECASE","INCREASE_AWARENESS,NOTIFICATION","EVENTS,SOCIAL",WORKPLACE,,,,,,,,,EVENT,MAKE_AWARE,VISUAL,PERSONAL,HIGH,SCREEN,ART,YES,16,HOURS,IN_LAB,"USERS,EXPERTS",PROTOTYPE,INTERVIEW,DUAL_TASK,[NA],NONE,"PRESENCE,PUSH","PERIPHERAL_PLACEMENT,CAMOUFLAGE",NO,NA,NOT_MENTIONED,,,
b7c88iile5c,1,foggHandJiveDeviceInterpersonal1998,HandJive: A Device for Interpersonal Haptic Entertainment,"Fogg, BJ and Cutler, Lawrence D and Arnold, Perry and Eisbach, Chris",1998,,129,5.7,HandJive,Haptics,YES,ADAIS,PROTOTYPE,OTHER,SOCIAL,EDUCATION,,,,,,,,,USER,,HAPTIC,PARTNERSHIP,MEDIUM,MOTOR,ARTIFICIAL,NO,10,HOURS,"IN_LAB,IN_SITU",USERS,WOZ,"COMMENTS,OBSERVATION",[NA],[NA],NONE,PUSH,PERIPHERAL_PLACEMENT,YES,"FABRICATION,FAILURE",NOT_MENTIONED,,,
b7xos3arm1t,1,elsholzPersonalizableAmbientFixture2008,Personalizable Ambient Fixture,"Elsholz, J.-P. and Hermann, M. and de Melo, G. and Weber, M.",2008,,2,0.2,IFeel mouse,A Logitech force feedback mouse using TouchSense Technology to deliver haptic vibration notifications,YES,ADAIS,"PROTOTYPE,DEV,EVAL",INCREASE_AWARENESS,EVENTS,WORKPLACE,,,,,,,,,EVENT,MAKE_AWARE,HAPTIC,PERSONAL,MEDIUM,MOTOR,ARTIFICIAL,YES,48,HOURS,IN_LAB,USERS,PROTOTYPE,"QUESTIONNAIRE,HEURISTIC_EVALUATION,TASK_PERFORMANCE",DUAL_TASK,[NA],"AWARENESS_CONSCIOUSNESS,SALIENCE",PUSH,AUGMENTATION,YES,NONE,NO,,,
b85oz65jh3j,1,costaMemorySupportAmbient2009,Memory Support in Ambient Assisted Living,"Costa, Ricardo and Novais, Paulo and Costa, Ângelo and Neves, José",2009,,16,1.4,,,,,,ASSISTED_LIVING,,,,,,,,,,,,,,,,,,,,,,,,,,,,,,,,,,,
b8me2i4j4co,1,kasaharaExTouchSpaIally2013,exTouch : Spa t Ially - A Ware Embodied M Anipulation of A Ctuated O Bjects M Ediated by Augmented Reality,"Kasahara, Shunichi and Heun, Valentin",2013,,53,7.1,exTouch,,,,,,,,,,,,,,,,,,,,,,,,,,,,,,,,,,,,,,,,
b8u51ie7qb,1,tentoriSmartEnvironmentChildren2015,A Smart Environment for Children with Autism,"Tentori, Monica and Escobedo, Lizbeth and Balderas, Gabriela",2015,,29,5.3,Mobis,"An augmented reality system that superimposes digital content (text, audio, shapes) on top of physical objects via a smartphone/tablet visor for cognitive training",YES,ADAIS,"PROTOTYPE,DEV,USECASE",AID_IN_ACTIVITY,HEALTH,"EDUCATION,MEDICAL",,,,,,,,,OBJECT,USER_POLL,VISUAL,PERSONAL,MEDIUM,SCREEN,ARTIFICIAL,YES,19,MONTHS,IN_SITU,"USERS,EXPERTS",PROTOTYPE,INTERVIEW,[NA],"OBJECTIVE,SUBJECTIVE",NONE,PULL,AUGMENTATION,NO,NA,NOT_MENTIONED,,,
b99ivzkv3m,1,spinsanteDataManagementAmbient2015,Data Management in Ambient Assisted Living Platforms Approaching IoT: A Case Study,"Spinsante, Susanna and Gambi, Ennio and Montanini, Laura and Raffaeli, Laura",2015,,9,1.6,,,,IOT,,ASSISTED_LIVING,,,,,,,,,,,,,,,,,,,,,,,,,,,,,,,,,,,
b9kwzhu3vtf,1,fogartyPortraitGeneratingPersonal2003,Portrait: Generating Personal Presentations.,"Fogarty, James and Forlizzi, Jodi and Hudson, Scott E",2003,,1,0.1,Portrait,A system that automatically searches the web for photos and logos to generate personal presentations of individuals and organizations for use in communication and ambient information displays.,YES,ADAIS,"DEV,EVAL,USECASE",INCREASE_AWARENESS,"SOCIAL,EVENTS",WORKPLACE,,,,,,,,,EVENT,USER_POLL,VISUAL,PERSONAL,HIGH,SCREEN,ASSOCIATED,YES,2,HOURS,IN_LAB,USERS,PROTOTYPE,TASK_PERFORMANCE,[NA],[NA],NONE,PRESENCE,PERIPHERAL_PLACEMENT,NO,NA,NOT_MENTIONED,,,
baar3cjua57,1,hristovaContextawareServicesAmbient2008,Context-Aware Services for Ambient Assisted Living: A Case-Study,"Hristova, Ana and Bernardos, Ana M. and Casar, Jose R.",2008,,66,5.3,,,,,,ASSISTED_LIVING,,,,,,,,,,,,,,,,,,,,,,,,,,,,,,,,,,,
baip107aiwq,1,lockenAmbiCarVehicleAmbient2013,AmbiCar: Towards an in-Vehicle Ambient Light Display,"Löcken, Andreas and Müller, Heiko and Heuten, Wilko and Boll, Susanne",2013,,13,1.7,AmbiCar,In-vehicle ambient light display using LEDs to continuously convey the criticality of the current driving situation via peripheral vision,YES,ADAIS,"PROTOTYPE,EVAL",INCREASE_AWARENESS,HEALTH,TRANSPORT,,,,,,,,,CONTINUOUS,MAKE_AWARE,VISUAL,PERSONAL,MEDIUM,LED,ARTIFICIAL,NO,58,HOURS,IN_PRESENTATION,USERS,SIMULATION,"QUESTIONNAIRE,COMMENTS",[NA],[NA],"PERIPHERAL_ATTENTION,COGNITIVE_LOAD",PRESENCE,PERIPHERAL_PLACEMENT,YES,NONE,NOT_MENTIONED,,,
banibzhkjuh,1,carswellNOCTURNALAmbientAssisted2011,The NOCTURNAL Ambient Assisted Living System,"Carswell, W and Augusto, J and Mulvenna, M",2011,,9,0.9,,,,,,ASSISTED_LIVING,,,,,,,,,,,,,,,,,,,,,,,,,,,,,,,,,,,
bap6kawqyqe,1,leeRealtimeFeedbackImproving2014,Real-Time Feedback for Improving Medication Taking,"Lee, Matthew L. and Dey, Anind K.",2014,,66,10.2,Untitled,,,,,,HEALTH,"MEDICAL,HOME",,,,,,,,,,,VISUAL,,,SCREEN,,YES,,,,,,"INTERVIEW,QUESTIONNAIRE",,,,,,,,,,,
bc8vqehz398,1,huchHandbookAmbientAssisted2012,"Handbook of Ambient Assisted Living: Technology for Healthcare, Rehabilitation and Well-Being-Volume 11 of Ambient Intelligence and Smart Environments","Huch, M and Kameas, A and Maitland, J and McCullagh, PJ",2012,,16,1.9,,,,,,ASSISTED_LIVING,,,,,,,,,,,,,,,,,,,,,,,,,,,,,,,,,,,
bc9bbtc76c5,1,altosaarAuraOrbSocialNotification2006,AuraOrb: Social Notification Appliance,"Altosaar, Mark and Vertegaal, Roel and Sohn, Changuk and Cheng, Daniel",2006,,35,2.4,AuraOrb,A glowing orb appliance that uses eye contact sensing to progressively notify users of incoming messages via ambient light and a ticker tape text display,YES,ADAIS,"PROTOTYPE,DEV,EVAL","NOTIFICATION,INCREASE_AWARENESS",SOCIAL,WORKPLACE,,,,,,,,,EVENT,MAKE_AWARE,VISUAL,PERSONAL,MEDIUM,"LED,SCREEN",ARTIFICIAL,YES,8,HOURS,IN_LAB,"USERS,EXPERTS",PROTOTYPE,HEURISTIC_EVALUATION,[NA],[NA],NONE,"PUSH,PULL","PERIPHERAL_PLACEMENT,AUGMENTATION",YES,"FABRICATION,OTHER",NOT_MENTIONED,,,
bd4ju1n8k37,1,kilgourAmbientSpotlightQueryless2010,The Ambient Spotlight: Queryless Desktop Search from Meeting Speech,"Kilgour, Jonathan and Carletta, Jean and Renals, Steve",2010,,12,1.1,Ambient Spotlight,,,,PROTOTYPE,,,,,,,,,,,,,,,,,,,NO,,,,,,,,,,,,,,,,,
bd8m1j6wlol,1,sanchez-piSmartSolutionElders2009,A Smart Solution for Elders in Ambient Assisted Living,"Sánchez-Pi, Nayat and Molina, José Manuel",2009,,6,0.5,,,,,,ASSISTED_LIVING,,,,,,,,,,,,,,,,,,,,,,,,,,,,,,,,,,,
bdj7a7ooy5w,1,laueModelingSimulatingAmbient2010,Modeling and Simulating Ambient Assisted Living Environments – a Case Study,"Laue, Tim and Stahl, Christoph",2010,,7,0.7,,,,,,ASSISTED_LIVING,,,,,,,,,,,,,,,,,,,,,,,,,,,,,,,,,,,
bdr8worma7h,1,degraenAmbiPlantAmbientFeedback2020,AmbiPlant - Ambient Feedback for Digital Media through Actuated Plants,"Degraen, Donald and Schubhan, Marc and Mushkina, Kamila and Makhsadov, Akhmajon and Kosmalla, Felix and Zenner, André and Krüger, Antonio",2020,,,0,AmbiPlant,Actuated plant support structures placed beside a TV that move in synchrony with on-screen events to provide ambient feedback during digital media consumption,YES,ADAIS,"PROTOTYPE,EVAL,USECASE",OTHER,HEALTH,HOME,,,,,,,,,EVENT,MAKE_AWARE,VISUAL,HOUSEHOLD,MEDIUM,SPEAKER,FAMILIAR,YES,21,HOURS,IN_LAB,USERS,PROTOTYPE,QUESTIONNAIRE,[NA],[NA],NONE,PUSH,CAMOUFLAGE,YES,NONE,NOT_MENTIONED,,,
bgcvwd4u5sr,1,novitzkyEthicsAmbientAssisted2016,Ethics of Ambient Assisted Living Technologies for Persons with Dementia,"Novitzky, P",2016,,3,0.7,,,,,,ASSISTED_LIVING,,,,,,,,,,,,,,,,,,,,,,,,,,,,,,,,,,,
bgh1dgqsfqh,1,doctorType2FuzzyEmbedded2005,A Type-2 Fuzzy Embedded Agent to Realise Ambient Intelligence in Ubiquitous Computing Environments,"DOCTOR, F and HAGRAS, H and CALLAGHAN, V",2005,,109,7,,,,,,,,,,,,,,,,,,,,,,,,,,,,,,,,,,,,,,,,,
bgk6qyb1e6q,1,elliotLocationdependentInformationAppliances2007,Location-Dependent Information Appliances for the Home,"Elliot, Kathryn and Watson, Mark and Neustaedter, Carman and Greenberg, Saul",2007,,27,2,GloLamp,A small lamp with a rotating shade with five coloured panels providing five discrete display states,YES,ADAIS,"CONCEPT,PROTOTYPE,DEV","INCREASE_AWARENESS,NOTIFICATION","ENVIRONMENT,SOCIAL,EVENTS",HOME,,,,,,,,,OBJECT,USER_POLL,VISUAL,FAMILY,MEDIUM,"LED,MOTOR",FAMILIAR,YES,,,,,,,,,NONE,"PRESENCE,PULL",AUGMENTATION,YES,FABRICATION,NOT_MENTIONED,,,
bhcdt388ocv,1,dohrInternetThingsAmbient2010,The Internet of Things for Ambient Assisted Living,"Dohr, A. and Modre-Opsrian, R. and Drobics, M. and Hayn, D. and Schreier, G.",2010,,510,48.6,,,,IOT,,ASSISTED_LIVING,,,,,,,,,,,,,,,,,,,,,,,,,,,,,,,,,,,
bhdpy9htv1,1,varoudisSubtleInterventionsHow2011,Subtle Interventions: How Ambient Displays Influence Route Choice in Buildings.,"Varoudis, T and Dalton, S and Alexiou, K and Zamenopoulos, T",2011,,3,0.3,Skewed perspective ambient display,A large wall-embedded display showing a live skewed-perspective video of a target coffee area to influence pedestrian route choice in a corridor,YES,ADAIS,"EVAL,USECASE","BEHAVIOURAL_CHANGE,INCREASE_AWARENESS",OTHER,"WORKPLACE,URBAN",,,,,,,,,CONTINUOUS,CHANGE_BLIND,VISUAL,PUBLIC,HIGH,SCREEN,ARTIFICIAL,YES,900,WEEKS,IN_LAB,USERS,PROTOTYPE,OBSERVATION,[NA],OBJECTIVE,"AWARENESS_CONSCIOUSNESS,SPATIAL_OBJECT_BINDING",PRESENCE,"AUGMENTATION,MIMICRY",NO,NA,NOT_MENTIONED,,,
bi3g7x6td4c,1,kimDesignRequirementsAmbient2010,Design Requirements for Ambient Display That Supports Sustainable Lifestyle,"Kim, Tanyoung and Hong, Hwajung and Magerko, Brian",2010,,93,8.9,Coralog,Mac OS X Dashboard widget that visualizes computer idle/uptime as the health condition of coral reefs and fish to encourage energy conservation,YES,ADAIS,"PROTOTYPE,EVAL,USECASE","INCREASE_AWARENESS,BEHAVIOURAL_CHANGE","RESOURCES,HEALTH",WORKPLACE,,,,,,,,,USER,USER_POLL,VISUAL,PERSONAL,MEDIUM,SCREEN,ASSOCIATED,YES,52,WEEKS,IN_SITU,USERS,PROTOTYPE,INTERVIEW,[NA],"SUBJECTIVE,OBJECTIVE",NONE,PULL,PERIPHERAL_PLACEMENT,NO,NA,NOT_MENTIONED,,,
bivb9ins7xn,1,rodriguezAgentbasedAmbientIntelligence2005,Agent-Based Ambient Intelligence for Healthcare,"Rodriguez, Marcela and Favela, Jesus and Preciado, Alfredo",2005,,100,6.5,SALSA-based AmI Hospital System,"An agent-based ambient intelligence system for hospitals that provides context-aware access to patient information via PDAs and public displays showing personalized maps, records and user location",YES,"ADAIS,AMI",USECASE,"INCREASE_AWARENESS,NOTIFICATION,AID_IN_ACTIVITY",HEALTH,MEDICAL,,,,,,,,,USER,MAKE_AWARE,"VISUAL,AUDIO",GROUP,HIGH,SCREEN,ARTIFICIAL,NO,,,,,,,,,NONE,"PUSH,PULL,PRESENCE",PERIPHERAL_PLACEMENT,NO,NA,NOT_MENTIONED,,,
bjrmx9ln3pm,1,hadjioannouComparisonLocationBased2016,On the Comparison of Location Based Software Solutions Used for Tracking Purposes in Ambient Assisted Living Applications,"Hadjioannou, Vasos and Mavromoustakis, Constandinos X. and Papanikolaou, Katerina and Mastorakis, George and Goleva, Rossitza and Dobre, Ciprian and Batalla, Jordi Mongay",2016,,1,0.2,,,,,,ASSISTED_LIVING,,,,,,,,,,,,,,,,,,,,,,,,,,,,,,,,,,,
bk4mq1e8o4j,1,yangSurroundSeeEnablingPeripheral2013,Surround-See: Enabling Peripheral Vision on Smartphones during Active Use,"Yang, Xing-dong and Hasan, Khalad and Bruce, Neil and Irani, Pourang",2013,,47,6.3,Sorround-See,,,,,,,"WORKPLACE,EDUCATION",,,,,,,,,,,,,,,,NO,,,,,,,,,,,,,,,,,
bklo4tzo9q9,1,franciosoFlexibleThermoelectricGenerator2011,Flexible Thermoelectric Generator for Ambient Assisted Living Wearable Biometric Sensors,"Francioso, L and Pascali, C De and Farella, I and Martucci, C",2011,,228,24,,,,AS,,ASSISTED_LIVING,,,,,,,,,,,,,,,,,,,,,,,,,,,,,,,,,,,
bl4bwqgw2e,1,denkovskiDeviceGatewayDesign2015,Device Gateway Design for Ambient Assisted Living,"Denkovski, Daniel and Atanasovski, Vladimir and Gavrilovska, Liljana",2015,,3,0.5,,,,,,ASSISTED_LIVING,,,,,,,,,,,,,,,,,,,,,,,,,,,,,,,,,,,
bll0qaubbq,1,normannOntologiesReasoningAmbient2010,Ontologies and Reasoning for Ambient Assisted Living,"Normann, I and Putz, W",2010,,3,0.3,,,,,,ASSISTED_LIVING,,,,,,,,,,,,,,,,,,,,,,,,,,,,,,,,,,,
bm35ss3f8k,1,mitevIndoorPositioningSmart2016,Indoor Positioning for Smart Ambient Assisted Living Services,"Mitev, M and Stoyneva, SO and Mihovska, A",2016,,2,0.4,,,,,,ASSISTED_LIVING,,,,,,,,,,,,,,,,,,,,,,,,,,,,,,,,,,,
bm3nda4gx75,1,patelVisualFeedbackNonverbal2013,Visual Feedback on Nonverbal Communication: A Design Exploration with Healthcare Professionals,"Patel, Rupa A and Hartzler, Andrea and Pratt, Wanda and Back, Anthony and Czerwinski, Mary and Roseway, Asta",2013,,20,2.7,Lotus flower visualization,"An artistic composite visualization where lotus petals grow over time, with petal size indicating control and petal color indicating affiliation in patient-clinician nonverbal communication",YES,ADAIS,"PROTOTYPE,EVAL,USECASE","INCREASE_AWARENESS,BEHAVIOURAL_CHANGE",HEALTH,MEDICAL,,,,,,,,,CONTINUOUS,USER_POLL,VISUAL,PERSONAL,HIGH,SCREEN,ART,YES,7,HOURS,"IN_LAB,IN_PRESENTATION",USERS,SIMULATION,"INTERVIEW,QUESTIONNAIRE",[NA],[NA],NONE,PRESENCE,"CAMOUFLAGE,PERIPHERAL_PLACEMENT",NO,NA,NOT_MENTIONED,,,
bnfgitbwyj9,1,govercinSmartSeniorhomeAcceptanceIntegrated2016,SmartSenior@home: Acceptance of an Integrated Ambient Assisted Living System. Results of a Clinical Field Trial in 35 Households,"Gövercin, M. and Meyer, S. and Schellenbach, M. and Steinhagen-Thiessen, E. and Weiss, B. and Haesner, M.",2016,,28,6.2,SmartSensior@home,,,,,ASSISTED_LIVING,,,,,,,,,,,,,,,,,,,,,,,,,,,,,,,,,,,
bnoyg25veid,1,ishii2001pinwheels,Pinwheels: Visualizing Information Flow in an Architectural Space,"Ishii, Hiroshi and Ren, Sandia and Frei, Phil",2001,,96,4.9,Pinwheels,Increase people's feeling of being connected to others.,YES,ADAIS,"PROTOTYPE,DEV,USECASE",INCREASE_AWARENESS,"SOCIAL,EVENTS","URBAN,WORKPLACE",,,,,,,,,EVENT,CHANGE_BLIND,VISUAL,PUBLIC,MEDIUM,MOTOR,"ART,ASSOCIATED",NO,,,,,,,,,NONE,"PRESENCE,PUSH","CAMOUFLAGE,PERIPHERAL_PLACEMENT",YES,NONE,NOT_MENTIONED,,,
bohputxuy1,1,rodriguezCarAmbientDisplays2014,In-Car Ambient Displays for Safety Driving Gamification,"Rodríguez, Marcela D. and Roa, Rubén R. and Ibarra, Jorge E. and Curlango, Cecilia M.",2014,,13,2,“In-car ambient display”,HUD + gamification to reduce unsafe driving behaviour,YES,ADAIS,"PROTOTYPE,USECASE","BEHAVIOURAL_CHANGE,INCREASE_AWARENESS",SAFETY,TRANSPORT,,,,,,,,,EVENT,MAKE_AWARE,"HAPTIC,VISUAL,SHAPE",PERSONAL,MEDIUM,"MOTOR,SCREEN","FAMILIAR,ASSOCIATED",NO,,,,,,,,,NONE,"PUSH,PRESENCE","AUGMENTATION,PERIPHERAL_PLACEMENT",YES,NONE,NOT_MENTIONED,,,
bpbkjwuh7rq,1,serinoPervasiveComputingParadigms2016,"Pervasive Computing Paradigms for Mental Health: 5th International Conference, MindCare 2015, Milan, Italy, September 24-25, 2015, Revised Selected Papers",,2016,,1,0.2,,,,,,,,,,,,,,,,,,,,,,,,,,,,,,,,,,,,,,,,,
bpzom27vgm,1,meersmanHealthServiceDiscovery2013,Health Service Discovery and Composition in Ambient Assisted Living: The Australian Type 2 Diabetes Case Study,"Meersman, Davor and Hadzic, Fedja and Hughes, Jeff and Razo-Zapata, Ivan and Leenheer, Pieter De",2013,,8,1.1,,,,,,ASSISTED_LIVING,,,,,,,,,,,,,,,,,,,,,,,,,,,,,,,,,,,
bqtp2z0ohns,1,manovichPoeticsAugmentedSpace2006,The Poetics of Augmented Space,"Manovich, L.",2006,,564,38.9,,,,,,,,WORKPLACE,,,,,,,,,,,,,,,,NO,,,,,,,,,,,,,,,,,
brr8ccjclou,1,krieg-brucknerMobilitatassistenzImBremen2011,Mobilitätassistenz Im “Bremen Ambient Assisted Living Lab”(BAALL),"Krieg-Brückner, B and Röfer, T and Shi, H and Gersdorf, B",2011,,1,0.1,,,,,,ASSISTED_LIVING,,,,,,,,,,,,,,,,,,,,,,,,,,,,,,,,,,,
bt2lyf5xwyn,1,byrneUserInterfaceDesign2016,User Interface Design for Ambient Assisted Living Systems,"Byrne, Caroline and Collier, Rem and O’Grady, Michael and O’Hare, Gregory M. P.",2016,,,0,,,,,,ASSISTED_LIVING,HEALTH,MEDICAL,,,,,,,,,,,,,,,,,,,,,,,,,,,,,,,,,
btv9hg2mafa,1,gentilePlantxelPlantbasedControllable2018,Plantxel: Towards a Plant-based Controllable Display,"Gentile, Vito and Sorce, Salvatore and Elhart, Ivan and Milazzo, Fabrizio",2018,,8,3.2,Plantxel,Pixels made of plants that move due to airflow.,YES,ADAIS,"CONCEPT,PROTOTYPE,DEV",INCREASE_AWARENESS,"RESOURCES,HEALTH",URBAN,,,,,,,,,EVENT,USER_POLL,VISUAL,PUBLIC,LOW,MOTOR,FAMILIAR,YES,,,,,,,,,NONE,PRESENCE,CAMOUFLAGE,YES,NONE,NOT_MENTIONED,,,
bu8fzm36oyu,1,leighTHAWTangibleInteraction2015,THAW: Tangible Interaction with See-Through Augmentation for Smartphones on Computer Screens,"Leigh, Sang-won",2015,,52,9.5,THAW,"A system enabling a smartphone placed on a computer screen to act as a tangible see-through interface, tracked via a color pattern captured by the phone's camera",YES,"TUI,ADAIS","DEV,PROTOTYPE,USECASE",AID_IN_ACTIVITY,OTHER,"WORKPLACE,HOME",,,,,,,,,OBJECT,,HAPTIC,"PERSONAL,GROUP",HIGH,SCREEN,ARTIFICIAL,NO,,,,,,,,,NONE,"PULL,PRESENCE",,NO,NA,NOT_MENTIONED,,,
bue44kmabow,1,vazquezDesignDimensionsAmbient2011,Design Dimensions of Ambient Information Systems to Assist Elderly with Their Activities of Daily Living,"Vazquez, Juan Pablo Garcia and Rodriguez, Marcela D and Andrade, Angel G",2011,,54,5.7,GUIDE-Me,"A set of geometric user interfaces tied to each medicine that highlight when a medicine needs to be taken and show dose, frequency and health problem information",YES,"ADAIS,ADAIS",USECASE,"AID_IN_ACTIVITY,ASSISTED_LIVING,INCREASE_AWARENESS",HEALTH,HOME,,,,,,,,,EVENT,MAKE_AWARE,VISUAL,PERSONAL,MEDIUM,SCREEN,ASSOCIATED,YES,,,IN_SITU,,,"HEURISTIC_EVALUATION,INTERVIEW",,,PERIPHERAL_ATTENTION,PUSH,AUGMENTATION,YES,NONE,NOT_MENTIONED,,,
buj407mgng6,1,marques-limaHeuristicEvaluationAmbient2019,Heuristic Evaluation of Ambient Devices Using Smart Materials,"Marques-Lima, Lucas and Faucheu, Jenny",2019,,,0,,,,,,,,,,,,,,,,,,,,,,,,YES,,,,,,HEURISTIC_EVALUATION,,,,,,,,,,,
buqrblcczac,1,manaDevelopingAmbientIntelligence2008,Developing Ambient Intelligence: Proceedings of the International Conference on Ambient Intelligence Developments (AmI.d'07),,2008,,4,0.3,,,,AMI,,,HEALTH,,,,,,,,,,,,,,,,,NO,,,,,,,,,,,,,,,,,
bv6a43e8ah,1,fuchsbergerAmbientAssistedLiving2008,Ambient Assisted Living: Elderly People's Needs and How to Face Them,"Fuchsberger, V",2008,,74,5.9,,,,,,ASSISTED_LIVING,,,,,,,,,,,,,,,,,,,,,,,,,,,,,,,,,,,
bw20u5q0g8f,1,kuznetsovUpStreamMotivatingWater2010,UpStream: Motivating Water Conservation with Low-Cost Water Flow Sensing and Persuasive Displays,"Kuznetsov, Stacey and Paulos, Eric",2010,,142,13.5,UpStream: Numeric Shower Display,A shower-mounted numeric display showing current and average water usage in gallons,YES,ADAIS,PROTOTYPE,"INCREASE_AWARENESS,BEHAVIOURAL_CHANGE","RESOURCES,HEALTH",HOME,,,,,,,,,USER,USER_POLL,VISUAL,HOUSEHOLD,HIGH,SCREEN,ARTIFICIAL,YES,6,WEEKS,IN_SITU,USERS,PROTOTYPE,"INTERVIEW,QUESTIONNAIRE",[NA],"SUBJECTIVE,OBJECTIVE",NONE,PRESENCE,PERIPHERAL_PLACEMENT,YES,POWER,NOT_MENTIONED,,,
bw9ppzub97t,1,morrisBiofeedbackRevisitedDynamic2006,Biofeedback Revisited: Dynamic Displays to Improve Health Trajectories,"Morris, Margaret",2006,,4,0.3,Removing shame from the scale,A display of weight trends depicting water retention as rising tides for heart failure patients,YES,ADAIS,"CONCEPT,PROTOTYPE","BEHAVIOURAL_CHANGE,INCREASE_AWARENESS,NOTIFICATION",HEALTH,"MEDICAL,HOME",,,,,,,,,CONTINUOUS,MAKE_AWARE,VISUAL,PERSONAL,MEDIUM,SCREEN,ASSOCIATED,NO,,,,,,,,,NONE,PRESENCE,CAMOUFLAGE,NA,NA,NA,,,
bx2xx9jwrj5,1,paolaContextawareSystemAmbient2017,A Context-Aware System for Ambient Assisted Living,"Paola, Alessandra De and Ferraro, Pierluca and Gaglio, Salvatore and Re, Giuseppe Lo and Morana, Marco and Ortolani, Marco and Peri, Daniele",2017,,1,0.3,,,,,,ASSISTED_LIVING,,,,,,,,,,,,,,,,,,,,,,,,,,,,,,,,,,,
bxnuywqitgh,1,kuribayashiPlantDisplayTurningHouseplants2006,PlantDisplay: Turning Houseplants into Ambient Display,"Kuribayashi, Satoshi and Wakita, Akira",2006,,41,2.8,PlantDisplay,A living houseplant whose growth is controlled by light and water to display digital information as natural ambience,YES,ADAIS,PROTOTYPE,INCREASE_AWARENESS,SOCIAL,HOME,,,,,,,,,CONTINUOUS,CHANGE_BLIND,"VISUAL,POS",HOUSEHOLD,MEDIUM,"LED,MOTOR",FAMILIAR,YES,,MONTHS,IN_SITU,USERS,PROTOTYPE,INTERVIEW,[NA],[NA],NONE,PRESENCE,"AUGMENTATION,MIMICRY",YES,NONE,NOT_MENTIONED,,,
bxx1w5kbaqw,1,schuermannUsageBuildingAutomation2012,Usage of Building Automation Infrastructure for Health-Care and Ambient Assisted Living Applications,"Schuermann, V and Weidauer, C",2012,,2,0.2,,,,,,ASSISTED_LIVING,,,,,,,,,,,,,,,,,,,,,,,,,,,,,,,,,,,
bydje0umo6v,1,funkInteractiveCurtainMedia2015,An Interactive Curtain for Media Usage in the Shower,"Funk, Markus and Schneegass, Stefan and Behringer, Michael and Henze, Niels and Schmidt, Albrecht",2015,,15,2.7,,,,,,INCREASE_AWARENESS,RESOURCES,,,,,,,,,,,,,,,,,YES,,,,,,INTERVIEW,,,,,,,,,,,
c2bqvei1n4c,1,borojeniPeripheralLightCues2016,Peripheral Light Cues for In-Vehicle Task Resumption,"Borojeni, Shadan Sadeghian and Ali, Abdallah El and Heuten, Wilko and Boll, Susanne",2016,,5,1.1,Untitled,,,,,,,,,,,,,,,,,,VISUAL,,,,,YES,,,,,,"INTERVIEW,QUESTIONNAIRE",,,,,,,,,,,
c3g6xuotc6,1,reitbergerInvisibleWorkAmbient2013,Invisible Work: An Ambient System for Awareness and Reflection of Household Tasks,"Reitberger, Wolfgang and Kastenmiller, Martin and Fitzpatrick, Geraldine",2013,,10,1.3,Choreflect,Distributed always-on ambient touchscreen displays (smartphones/tablets) in different rooms of a home that track and visualize household task contributions of inhabitants,YES,ADAIS,PROTOTYPE,INCREASE_AWARENESS,"RESOURCES,HEALTH",HOME,,,,,,,,,CONTINUOUS,USER_POLL,VISUAL,HOUSEHOLD,HIGH,SCREEN,ARTIFICIAL,YES,17,WEEKS,IN_SITU,USERS,PROTOTYPE,INTERVIEW,[NA],"SUBJECTIVE,OBJECTIVE",NONE,"PRESENCE,PULL",PERIPHERAL_PLACEMENT,NO,NA,NOT_MENTIONED,,,
c3nhssq3u6q,1,damianAugmentingSocialInteractions2015,Augmenting Social Interactions: Realtime Behavioural Feedback Using Social Signal Processing Techniques,"Damian, Ionut and Tan, Chiew Seng (Sean) and Baur, Tobias and Schöning, Johannes and Luyten, Kris and André, Elisabeth",2015,,64,11.6,Logue,,,,,INCREASE_AWARENESS,"SOCIAL,HEALTH",MEDICAL,,,,,,,,,,,,,,,,YES,,,IN_SITU,,,"INTERVIEW,QUESTIONNAIRE",,,,,,,,,,,
c5hdfu2veo,1,gerschEmpirischGestutzteTypologie2012,… -Eine Empirisch Gestützte Typologie Relevanter Grundtypen Ökonomischer Aktivitäten Zur Nutzung von Ambient Assisted Living in Sich Verändernden …,"Gersch, M and Hewing, M",2012,,24,2.8,,,,,,ASSISTED_LIVING,,,,,,,,,,,,,,,,,,,,,,,,,,,,,,,,,,,
c5zcm9qacv,1,sahaPervasiveComputingParadigm2003,Pervasive Computing: A Paradigm for the 21st Century,"Saha, Debashis and Mukherjee, Amitava",2003,,1002,57.3,,,NO,,,,HEALTH,MEDICAL,,,,,,,,,,,,,,,,NO,,,,,,,,,,,,,,,,,
c7f55k71yzi,1,ayariNovelApproachBased2015,A Novel Approach Based on Commonsense Knowledge Representation and Reasoning in Open World for Intelligent Ambient Assisted Living Services,"Ayari, N. and Chibani, A. and Amirat, Y. and Matson, E. T.",2015,,10,1.8,,,,,,ASSISTED_LIVING,,,,,,,,,,,,,,,,,,,,,,,,,,,,,,,,,,,
c8yz5gz7o6q,1,arroyoArbitratingMultimodalOutputs2003,Arbitrating Multimodal Outputs: Using Ambient Displays as Interruptions,"Arroyo, Ernesto and Selker, Ted",2003,,12,0.7,Multimodal Interruption Interface,A multimodal interface that interrupts users via ambient displays of heat and light acting as external interruption generators,YES,ADAIS,"EVAL,PROTOTYPE","NOTIFICATION,INTERRUPT",EVENTS,WORKPLACE,,,,,,,,,EVENT,INTERRUPT,"VISUAL,HEAT",PERSONAL,LOW,LED,ARTIFICIAL,NO,23,HOURS,IN_LAB,USERS,PROTOTYPE,"TASK_PERFORMANCE,QUESTIONNAIRE",DUAL_TASK,[NA],COGNITIVE_LOAD,PUSH,PERIPHERAL_PLACEMENT,YES,NONE,NOT_MENTIONED,,,
c928vm0sgkb,1,paayDesignApplianceLevel2014,Design of an Appliance Level Eco-Feedback Display for Domestic Electricity Consumption,"Paay, Jeni and Kjeldskov, Jesper and Skov, Mikael B. and Lund, Dennis and Madsen, Tue and Nielsen, Michael",2014,,19,2.9,PowerViz,"An always-on tablet eco-feedback display showing domestic electricity consumption at appliance level, with an ambient screen saver of hanging light globes representing total household power use",YES,ADAIS,"PROTOTYPE,DEV,EVAL",INCREASE_AWARENESS,RESOURCES,"WORKPLACE,HOME",,,,,,,,,CONTINUOUS,MAKE_AWARE,VISUAL,HOUSEHOLD,HIGH,SCREEN,"ART,ASSOCIATED",YES,11,WEEKS,IN_SITU,USERS,PROTOTYPE,INTERVIEW,[NA],SUBJECTIVE,NONE,"PRESENCE,PULL","CAMOUFLAGE,PERIPHERAL_PLACEMENT",NO,NA,YES,,,
c9wf2u40r,1,gunaAmbientVisualizationEnergy2013,Ambient Visualization of Energy Consumption Information,"Guna, Jože and Pogačnik, Matevž",2013,,2,0.3,eAMBI,Vertical wall-mounted controllable colour LED strip showing real-time electrical energy consumption as a VU-meter visualization,YES,ADAIS,"PROTOTYPE,DEV,USECASE",INCREASE_AWARENESS,RESOURCES,HOME,,,,,,,,,CONTINUOUS,CHANGE_BLIND,VISUAL,HOUSEHOLD,MEDIUM,LED,"ART,ASSOCIATED",NO,,,,,,,,,NONE,PRESENCE,"PERIPHERAL_PLACEMENT,CAMOUFLAGE",YES,NOISE,NOT_MENTIONED,,,
ca43uskialf,1,hemmertAmbientLifeInterrupted2008,Ambient Life: Interrupted Permanent Tactile Life-like Actuation as a Status Display in Mobile Phones,"Hemmert, Fabian",2008,,14,1.1,Ambient Life,"A mobile phone that continuously pulses like a heartbeat via its vibration motor, stopping the pulse when the phone needs the user's attention",YES,ADAIS,"PROTOTYPE,EVAL,USECASE","NOTIFICATION,INCREASE_AWARENESS",EVENTS,OTHER,,,,,,,,,CONTINUOUS,CHANGE_BLIND,HAPTIC,PERSONAL,LOW,MOTOR,ARTIFICIAL,YES,6,DAYS,IN_SITU,USERS,PROTOTYPE,INTERVIEW,[NA],[NA],AWARENESS_CONSCIOUSNESS,PRESENCE,"MIMICRY,AUGMENTATION",NO,NA,NOT_MENTIONED,,,
ca9nyexffl7,1,matthewsToolkitManagingUser2004,A Toolkit for Managing User Attention in Peripheral Displays,"Matthews, Tara and Dey, Anind K. and Mankoff, Jennifer and Carter, Scott and Rattenbury, Tye",2004,,211,12.8,Bus LED,Six columns of LED lights that progressively light up to indicate how soon buses will arrive at a bus stop,NO,ADAIS,"DEV,PROTOTYPE","INCREASE_AWARENESS,NOTIFICATION",EVENTS,WORKPLACE,,,,,,,,,CONTINUOUS,INTERRUPT,VISUAL,PERSONAL,MEDIUM,LED,ARTIFICIAL,NO,,,,,,,,,"PERIPHERAL_ATTENTION,AWARENESS_CONSCIOUSNESS","PRESENCE,PUSH",PERIPHERAL_PLACEMENT,YES,NONE,NOT_MENTIONED,,,
cag4b1mcoj7,1,cornejo-garciaStrengtheningEldersSocial2010,Strengthening Elder's Social Networks through Ambient Information Systems and SNS,"Cornejo-García, R",2010,,5,0.5,ePortrait,Digital picture frame that displays photos uploaded by relatives to the family's Facebook community,YES,ADAIS,"PROTOTYPE,USECASE,EVAL","INCREASE_AWARENESS,ASSISTED_LIVING","SOCIAL,EVENTS",HOME,,,,,,,,,USER,USER_POLL,VISUAL,FAMILY,HIGH,SCREEN,FAMILIAR,YES,1,WEEKS,IN_SITU,USERS,PROTOTYPE,"INTERVIEW,OBSERVATION",[NA],"OBJECTIVE,SUBJECTIVE",NONE,PRESENCE,AUGMENTATION,NO,NA,NOT_MENTIONED,,,
cax9w8ewkb7,1,seahSensaBubbleChronosensoryMidair2014,SensaBubble: A Chrono-Sensory Mid-Air Display of Sight and Smell,"Seah, Sue Ann and Martinez Plasencia, Diego and Bennett, Peter D. and Karnik, Abhijit and Otrocol, Vlad Stefan and Knibbe, Jarrod and Cockburn, Andy and Subramanian, Sriram",2014,,52,8,SensaBubble,A mid-air display that generates scented fog-filled soap bubbles with images projected onto them to deliver notifications visually and via smell,YES,"AS,ADAIS","PROTOTYPE,DEV,CONCEPT","NOTIFICATION,INCREASE_AWARENESS","EVENTS,SOCIAL",HOME,,,,,,,,,EVENT,MAKE_AWARE,"VISUAL,SMELL,POS",PERSONAL,MEDIUM,"PROJECTION,MOTOR",ARTIFICIAL,YES,6,HOURS,IN_LAB,USERS,PROTOTYPE,TASK_PERFORMANCE,[NA],[NA],SALIENCE,PUSH,PERIPHERAL_PLACEMENT,YES,"NOISE,FABRICATION",NOT_MENTIONED,,,
cbdguqma4sv,1,liCognitiveAssistedLiving2015,Cognitive Assisted Living Ambient System: A Survey,"Li, R and Lu, B and McDonald-Maier, KD",2015,,89,16.2,,,,,,ASSISTED_LIVING,,,,,,,,,,,,,,,,,,,,,,,,,,,,,,,,,,,
cdd6id5frun,1,barringtonAmbientDisplayUsing2006,Ambient Display Using Musical Effects,"Barrington, Luke and Lyons, Michael J. and Diegmann, Dominique and Abe, Shinji",2006,,29,2,Untitled,System that captures facial activity level via camera and maps human affect to audio effects applied to the user's music,YES,ADAIS,PROTOTYPE,"INCREASE_AWARENESS,ASSISTED_LIVING",HEALTH,"MEDICAL,EDUCATION",,,,,,,,,CONTINUOUS,MAKE_AWARE,AUDIO,PERSONAL,MEDIUM,SPEAKER,NA,NO,10,HOURS,IN_LAB,USERS,PROTOTYPE,QUESTIONNAIRE,[NA],[NA],NONE,PRESENCE,AUGMENTATION,NO,NA,NOT_MENTIONED,,,
cewvg92mwfd,1,wagnerCareStorePlatformSeamless2013,CareStore Platform for Seamless Deployment of Ambient Assisted Living Applications and Devices,"Wagner, Stefan and Hansen, Finn and Pedersen, Christian and Memon, Mukhtiar and Aysha, Femina and Mathissen, Morten and Nielsen, Claus and Wesby, Ole",2013,,21,2.8,,,,,,ASSISTED_LIVING,,,,,,,,,,,,,,,,,,,,,,,,,,,,,,,,,,,
cfmt6v1ebbd,1,poppingaIllumiMugRevealingImperceptible2014,IllumiMug: Revealing Imperceptible Characteristics of Drinks,"Poppinga, Benjamin and Fortmann, Jutta and Müller, Heiko and Heuten, Wilko and Boll, Susanne",2014,,4,0.6,IllumiMug,A content-aware interactive cup with sensors and an LED strip that reveals a drink's temperature and liquid level through ambient light,YES,ADAIS,"CONCEPT,USECASE,ISSUES","INCREASE_AWARENESS,AID_IN_ACTIVITY",HEALTH,HOME,,,,,,,,,CONTINUOUS,MAKE_AWARE,VISUAL,PUBLIC,MEDIUM,LED,"FAMILIAR,ASSOCIATED",NO,,,,,,,,,NONE,PRESENCE,AUGMENTATION,YES,"FABRICATION,OTHER",NOT_MENTIONED,,,
cfna5tvddid,1,lopez-de-ipinaInfrastructuralSupportAmbient2009,Infrastructural Support for Ambient Assisted Living,"López-de-Ipiña, Diego and Laiseca, Xabier and Barbier, Ander and Aguilera, Unai and Almeida, Aitor and Orduña, Pablo and Vazquez, Juan Ignacio",2009,,10,0.9,,,,,,ASSISTED_LIVING,,,,,,,,,,,,,,,,,,,,,,,,,,,,,,,,,,,
chvxm8k8qd,1,fokoIntegratedSmartSystem2013,An Integrated Smart System for Ambient-Assisted Living,"Foko, Thato E. and Dlodlo, Nomusa and Montsi, Litsietsi",2013,,9,1.2,,,,,,ASSISTED_LIVING,,,,,,,,,,,,,,,,,,,,,,,,,,,,,,,,,,,
cj01g00v197,1,vogelInteractivePublicAmbient2004,"Interactive Public Ambient Displays: Transitioning from Implicit to Explicit, Public to Personal, Interaction with Multiple Users","Vogel, Daniel and Balakrishnan, Ravin",2004,,773,46.8,Untitled,"A large plasma-screen public ambient display showing weather, office activity, calendar, and messaging that transitions from implicit peripheral awareness to explicit personal interaction via body cues, hand gestures, and touch",YES,ADAIS,PROTOTYPE,"INCREASE_AWARENESS,NOTIFICATION","ENVIRONMENT,EVENTS,SOCIAL",WORKPLACE,,,,,,,,,USER,MAKE_AWARE,VISUAL,PUBLIC,HIGH,SCREEN,"ART,ARTIFICIAL",YES,10,HOURS,IN_LAB,USERS,PROTOTYPE,"COMMENTS,OBSERVATION,USAGE_STATISTIC,TASK_PERFORMANCE",[NA],[NA],PERIPHERAL_ATTENTION,"PUSH,PULL,PRESENCE","CAMOUFLAGE,PERIPHERAL_PLACEMENT",NO,NA,NOT_MENTIONED,,,
cjp2a75vwdt,1,jolaosoTaskAmbientStudyPersonal2015,TaskAmbient: A Study in Personal Task Management Visualization,"Jolaoso, Sheriff and Perez-Quinones, Manuel A.",2015,,1,0.2,TaskAmbient,An iPad-based ambient display showing color-coded task chips of a user's to-dos grouped by area of responsibility,YES,ADAIS,"PROTOTYPE,USECASE","INCREASE_AWARENESS,AID_IN_ACTIVITY",EVENTS,"HOME,WORKPLACE",,,,,,,,,CONTINUOUS,USER_POLL,VISUAL,PERSONAL,HIGH,SCREEN,ARTIFICIAL,YES,,,,,,INTERVIEW,,,MEMORY_OTHER,"PRESENCE,PULL",PERIPHERAL_PLACEMENT,NO,NA,NOT_MENTIONED,,,
ckbffydbs3,1,peruzziniServiceorientedArchitectureAmbientassisted2015,A Service-Oriented Architecture for Ambient-Assisted Living,"Peruzzini, M and Germani, M",2015,,7,1.3,,,,,,ASSISTED_LIVING,,,,,,,,,,,,,,,,,,,,,,,,,,,,,,,,,,,
cll5pw5lcht,1,rosewayBioCrystalAmbientTool2015,BioCrystal: An Ambient Tool for Emotion and Communication,"Roseway, Asta and Lutchyn, Yuliya and Johns, Paul and Mynatt, Elizabeth and Czerwinski, Mary",2015,,22,4,BioCrystal,A crystal-shaped desktop device with an embedded color-changing LED that displays a user's affective state derived from physiological sensors,YES,ADAIS,"PROTOTYPE,EVAL,USECASE",INCREASE_AWARENESS,HEALTH,WORKPLACE,,,,,,,,,CONTINUOUS,USER_POLL,VISUAL,GROUP,MEDIUM,LED,ART,YES,10,WEEKS,IN_SITU,USERS,PROTOTYPE,"INTERVIEW,QUESTIONNAIRE",[NA],SUBJECTIVE,NONE,PRESENCE,"CAMOUFLAGE,PERIPHERAL_PLACEMENT",YES,NONE,NOT_MENTIONED,,,
clsvw7q5l,1,downsAmbientAwarenessBuild2012,Ambient Awareness of Build Status in Collocated Software Teams,"Downs, John and Plimmer, Beryl and Hosking, John G.",2012,,26,3.1,Delcom USB light,A single shared centrally located USB light that shows red or green to indicate overall build status to the whole team,YES,ADAIS,"EVAL,PROTOTYPE,USECASE",INCREASE_AWARENESS,HEALTH,WORKPLACE,,,,,,,,,EVENT,MAKE_AWARE,VISUAL,GROUP,LOW,LED,ARTIFICIAL,YES,11,MONTHS,IN_SITU,USERS,PROTOTYPE,INTERVIEW,[NA],"SUBJECTIVE,OBJECTIVE",NONE,"PUSH,PRESENCE",PERIPHERAL_PLACEMENT,NO,NA,NOT_MENTIONED,,,
cmqp893o8ki,1,moereDesigningPersuasiveAmbient2007,Towards Designing Persuasive Ambient Visualization,"Moere, Andrew Vande",2007,,24,1.8,Persuasive Ambient Visualization,A conceptual proposal for using ambient display techniques to augment awareness and encourage positive behavior change,NO,ADAIS,"CONCEPT,ISSUES","INCREASE_AWARENESS,BEHAVIOURAL_CHANGE","RESOURCES,HEALTH","URBAN,HOME,EDUCATION,EXERCISE",,,,,,,,,,,VISUAL,,,,,YES,,,,,,,,,NONE,,,NA,NA,NA,,,
cnsko324jmb,1,forkanCoCaMAALCloudorientedContextaware2014,CoCaMAAL: A Cloud-Oriented Context-Aware Middleware in Ambient Assisted Living,"Forkan, A and Khalil, I and Tari, Z",2014,,159,24.5,CoCaMAAL,,,,,ASSISTED_LIVING,,,,,,,,,,,,,,,,,,,,,,,,,,,,,,,,,,,
co870xgp1at,1,grootvenEuropeanUnionsAmbient2019,The European Union’s Ambient and Assisted Living Joint Programme: An Evaluation of Its Impact on Population Health and Well-Being,"Grootven, Bastiaan Van and van Achterberg, Theo",2019,,10,6.7,,,,,,ASSISTED_LIVING,,,,,,,,,,,,,,,,,,,,,,,,,,,,,,,,,,,
cofo9m1kuxv,1,schmidtUtilizingMobilePhones2006,Utilizing Mobile Phones as Ambient Information Displays,"Schmidt, Albrecht and Häkkilä, Jonna and Atterer, Richard and Rukzio, Enrico and Holleis, Paul",2006,,22,1.5,Ambient Mobile Phone Display,"A mobile phone screen saver that visualizes personal communication behavior as ambient information art (e.g. solar system, aquarium, circles, flowers).",YES,ADAIS,"PROTOTYPE,USECASE",BEHAVIOURAL_CHANGE,SOCIAL,OTHER,,,,,,,,,CONTINUOUS,USER_POLL,VISUAL,PERSONAL,HIGH,SCREEN,ART,NO,,,,,,,,,NONE,PRESENCE,CAMOUFLAGE,NO,NA,NOT_MENTIONED,,,
comkmxpblvs,1,leoneAmbientAssistedLiving2019,Ambient Assisted Living: Italian Forum 2018,"Leone, A and Caroppo, A and Rescio, G and Diraco, G and Siciliano, P",2019,,,0,,,,,,ASSISTED_LIVING,,,,,,,,,,,,,,,,,,,,,,,,,,,,,,,,,,,
cqjgw03hwfp,1,mcadamsBiomedicalSensorsAmbient2010,Biomedical Sensors for Ambient Assisted Living,"McAdams, Eric T. and Gehin, Claudine and Noury, Norbert and Ramon, Carolina and Nocua, Ronald and Massot, Bertrand and Oliveira, Aurélien and Dittmar, André and Nugent, Chris D. and McLaughlin, Jim",2010,,19,1.8,,,,AS,,ASSISTED_LIVING,,,,,,,,,,,,,,,,,,,,,,,,,,,,,,,,,,,
cr2pjk3q8dg,1,cobosAcousticbasedTechnologiesAmbient2016,Acoustic-Based Technologies for Ambient Assisted Living,"Cobos, M and Perez-Solano, JJ",2016,,16,3.6,,,,,,ASSISTED_LIVING,,,,,,,,,,,,,,,,,,,,,,,,,,,,,,,,,,,
cr9x5gravmc,1,rodriguezQualitativeAssessmentAmbient2018,A Qualitative Assessment of an Ambient Display to Support In-Home Medication of Older Adults,"Rodríguez, Marcela D. and Zarate-Bravo, Ernesto and García-Vázquez, Juan-Pablo and Andrade, Ángel G. and Navarro, René F. and Torres-Cervantes, Engracia and Ponce, Gisela",2018,,,0,MAD (Medication Ambient Display),"A tablet-based portrait-frame display showing an animated parakeet that grows to represent daily medication adherence, with auditory whistle and pictogram reminders, using NFC-tagged pill containers.",YES,ADAIS,"EVAL,USECASE,ISSUES","ASSISTED_LIVING,NOTIFICATION,INCREASE_AWARENESS,AID_IN_ACTIVITY",HEALTH,HOME,,,,,,,,,CONTINUOUS,MAKE_AWARE,"VISUAL,AUDIO",FAMILY,MEDIUM,"SCREEN,SPEAKER",FAMILIAR,YES,11,WEEKS,IN_SITU,USERS,PROTOTYPE,"INTERVIEW,OBSERVATION",[NA],"OBJECTIVE,SUBJECTIVE",MEMORY_OTHER,"PUSH,PULL,PRESENCE",CAMOUFLAGE,NO,NA,NOT_MENTIONED,,,
crc8zd5lhup,1,costaAdvancesTrendsDevelopment2017,Advances and Trends for the Development of Ambient‐assisted Living Platforms,"Costa, A and Julián, V and Novais, P",2017,,21,6,,,,,,ASSISTED_LIVING,,,,,,,,,,,,,,,,,,,,,,,,,,,,,,,,,,,
cro2mtafehd,1,lockenSupportingLaneChange2015,Supporting Lane Change Decisions with Ambient Light,"Löcken, Andreas and Heuten, Wilko and Boll, Susanne",2015,,47,8.5,Untitled,,,,,,SAFETY,TRANSPORT,,,,,,,,,,,VISUAL,,,,,YES,,,,,,QUESTIONNAIRE,,,,,,,,,,,
cslzawuv6fv,1,visserDesigningSupportSocial2011,Designing to Support Social Connectedness: The Case of SnowGlobe,"Visser, Thomas and Vastenburg, Martijn and V. Keyson, David",2011,,47,4.9,SnowGlobe,"Pair of snow globes, will start glowing if remote user is moving. Will stark blinking if remote globe is being shaken",,,,INCREASE_AWARENESS,"SOCIAL,HEALTH","HOME,MEDICAL",,,,,,,,,,,,,,,,YES,,,IN_SITU,,,"INTERVIEW,QUESTIONNAIRE",,,,,,,,,,,
csxknspm5ii,1,robinetFrameworkImprovingUser2008,A Framework for Improving User Experience in Ambient Assisted Living,"Robinet, A and Picking, R and Grout, V",2008,,11,0.9,,,,,,ASSISTED_LIVING,,,,,,,,,,,,,,,,,,,,,,,,,,,,,,,,,,,
ctsvna9wbrc,1,oguamanamCraftingAmbientArt,Crafting Ambient Art Displays for Late-Life Social Communication,"Oguamanam, V",,,,0,,,,ADAIS,,,,,,,,,,,,,,,VISUAL,,,,,,,,,,,,,,,,,,,,,,
ctwooo3y5y,1,wanTimeboundedActivityRecognition2018,Time-Bounded Activity Recognition for Ambient Assisted Living,"wan, jie and Li, MingSong and O'Grady, Michael and Gu, Xiang and Alawlaqi, Munassar A.A.H and O'Hare, Gregory",2018,,13,5.2,,,,,,ASSISTED_LIVING,,,,,,,,,,,,,,,,,,,,,,,,,,,,,,,,,,,
cu92mcat8tj,1,jonesIllumiRoomPeripheralProjected2013,IllumiRoom: Peripheral Projected Illusions for Interactive Experiences,"Jones, Brett R. and Benko, Hrvoje and Ofek, Eyal and Wilson, Andrew D.",2013,,299,39.9,IllumiRoom,Projector-Kinect system that augments the area surrounding a television with peripheral projected illusions to enhance gaming,YES,ADAIS,DEV,"AID_IN_ACTIVITY,OTHER","EVENTS,OTHER",HOME,,,,,,,,,EVENT,MAKE_AWARE,VISUAL,HOUSEHOLD,HIGH,PROJECTION,ARTIFICIAL,YES,25,HOURS,IN_LAB,"USERS,EXPERTS",PROTOTYPE,QUESTIONNAIRE,[NA],[NA],PERIPHERAL_ATTENTION,"PUSH,PRESENCE","PERIPHERAL_PLACEMENT,AUGMENTATION",YES,NONE,NOT_MENTIONED,,,
cu9djrxsiz,1,heinServiceOrientedPlatform2009,A Service Oriented Platform for Health Services and Ambient Assisted Living,"Hein, Andreas and Eichelberg, Marco and Nee, Oliver and Schulz, Arne and Helmer, Axel and Lipprandt, Myriam",2009,,38,3.3,,,,,,ASSISTED_LIVING,,,,,,,,,,,,,,,,,,,,,,,,,,,,,,,,,,,
cu9imfevbcm,1,preisslerAkzeptanzAmbientassistedlivinglosungenBefragung2016,Akzeptanz von Ambient-Assisted-Living-Lösungen: Befragung von Seniorinnen Und Senioren Im Landkreis Görlitz,"Preißler, J and Unger, C and Honkamp, I and Hoff, A and Thiele, G",2016,,1,0.2,,,,,,ASSISTED_LIVING,,,,,,,,,,,,,,,,,,,,,,,,,,,,,,,,,,,
cum7087p25m,1,houbenPhysikitDataEngagement2016,Physikit: Data Engagement Through Physical Ambient Visualizations in the Home,"Houben, Steven and Golsteijn, Connie and Gallacher, Sarah and Johnson, Rose and Bakker, Saskia and Marquardt, Nicolai and Capra, Licia and Rogers, Yvonne",2016,,80,17.8,Physikit: PhysiLight,"A cube with an RGB LED matrix that visualizes environmental sensor data through number of lights, brightness, color or patterns",YES,"IOT,ADAIS","PROTOTYPE,EVAL,USECASE",INCREASE_AWARENESS,HEALTH,HOME,,,,,,,,,CONTINUOUS,MAKE_AWARE,VISUAL,HOUSEHOLD,HIGH,LED,ARTIFICIAL,NO,13,WEEKS,IN_SITU,USERS,PROTOTYPE,"INTERVIEW,OBSERVATION,USAGE_STATISTIC,COMMENTS",[NA],SUBJECTIVE,NONE,"PRESENCE,PUSH",CAMOUFLAGE,YES,NONE,YES,,,
cuuu7izvjp,1,wronaContextawareSecuritySecure2006,Context-Aware Security and Secure Context-Awareness in Ubiquitous Computing Environments,"Wrona, K and Gomez, L",2006,,67,4.6,,,,,,,,,,,,,,,,,,,,,,,,,,,,,,,,,,,,,,,,,
cv28qo40w4,1,suryadevaraAmbientAssistedLiving2013,Ambient Assisted Living Framework for Elderly Wellness Determination through Wireless Sensor Scalar Data,"Suryadevara, N. K. and Chen, Chia-Pang and Mukhopadhyay, S. C. and Rayudu, R. K.",2013,,13,1.7,,,,AS,,ASSISTED_LIVING,,,,,,,,,,,,,,,,,,,,,,,,,,,,,,,,,,,
cv9ehdpz7za,1,bouznadContextawareMonitoringAgents2017,Context-Aware Monitoring Agents for Ambient Assisted Living Applications,"Bouznad, Sofiane and Chibani, Abdelghani and Amirat, Yacine and Lyazid, Sabri and Prestes, Edson and Sebbak, Faouzi and Fiorini, Sandro",2017,,3,0.9,,,,AS,,ASSISTED_LIVING,,,,,,,,,,,,,,,,,,,,,,,,,,,,,,,,,,,
cvitbv8oghc,1,sunMissingOnesKey2010,The Missing Ones: Key Ingredients towards Effective Ambient Assisted Living Systems,"Sun, Hong and Florio, Vincenzo De and Gui, Ning and Blondia, Chris",2010,,53,5,,,,,,ASSISTED_LIVING,,,,,,,,,,,,,,,,,,,,,,,,,,,,,,,,,,,
cvusv5ogwl,1,lappalainenCandleShadowDisplay2016,Candle Shadow Display for Ambient Communication Delivery,"Lappalainen, Tuomas and Colley, Ashley and Beekhuyzen, Jenine and Häkkilä, Jonna",2016,,3,0.7,Candle Shadow,Emoticons in incoming text messages are being rendered as a shadow of a candle lamp,YES,ADAIS,"PROTOTYPE,USECASE","NOTIFICATION,INCREASE_AWARENESS",SOCIAL,HOME,,,,,,,,,EVENT,CHANGE_BLIND,VISUAL,HOUSEHOLD,MEDIUM,MOTOR,FAMILIAR,NO,,,,,,,,,NONE,"PUSH,PRESENCE",CAMOUFLAGE,YES,NONE,NOT_MENTIONED,,,
cvz5va7v7ei,1,visserDesigningSupportSocial2011,Designing to Support Social Connectedness: The Case of SnowGlobe,"Visser, Thomas and Vastenburg, Martijn and V. Keyson, David",2011,,47,4.9,WeDo,"Pair of boxes, grandparent, grandchildren. Indicate remote movement through lights, when opening the box you hear remote sound snippets",,,,INCREASE_AWARENESS,"SOCIAL,HEALTH","HOME,MEDICAL",,,,,,,,,,,,,,,,YES,,,IN_SITU,,,"INTERVIEW,QUESTIONNAIRE",,,,,,,,,,,
cw5aw8qwhli,1,heinerInformationPercolatorAmbient1999,The Information Percolator: Ambient Information Display in a Decorative Object,"Heiner, Jeremy M. and Hudson, Scott E. and Tanaka, Kenichiro",1999,,196,9.1,Information Percolator,"Increase awareness of upcoming events, hallway activity",YES,ADAIS,"PROTOTYPE,DEV,USECASE",INCREASE_AWARENESS,"EVENTS,SOCIAL",WORKPLACE,YES,Time to event/movement of other people,LOCAL,Bubbles in Array of WaterTubes,,,,,CONTINUOUS,MAKE_AWARE,"AUDIO,VISUAL,POS",PUBLIC,HIGH,MOTOR,ARTIFICIAL,NO,,,,,,,,,NONE,PRESENCE,CAMOUFLAGE,YES,"NOISE,FABRICATION",NOT_MENTIONED,,,
cwsqcg0815,1,fujiiUbrellaPortableUmbrellashaped2013,U-Brella: A Portable Umbrella-shaped Device for Vibrationizing Information,"Fujii, Yuichi and Kishino, Fumio and Fujita, Kazuyuki and Itoh, Yuichi",2013,,,0,U-Brella,A portable umbrella-shaped device that converts ultraviolet rays sensed at the top into vibrations felt through the umbrella shaft,YES,ADAIS,"PROTOTYPE,DEV,USECASE","INCREASE_AWARENESS,NOTIFICATION","ENVIRONMENT,HEALTH,SAFETY","URBAN,OTHER",,,,,,,,,CONTINUOUS,MAKE_AWARE,HAPTIC,PERSONAL,MEDIUM,MOTOR,FAMILIAR,NO,16,HOURS,IN_SITU,USERS,PROTOTYPE,"QUESTIONNAIRE,COMMENTS",[NA],SUBJECTIVE,NONE,"PUSH,PRESENCE","AUGMENTATION,MIMICRY",YES,NONE,NOT_MENTIONED,,,
cx25tl2fi6,1,mayerAmbientAssistedLiving2011,Ambient Assisted Living User Interfaces,"Mayer, C and Morandell, M and Hanke, S",2011,,8,0.8,,,,,,ASSISTED_LIVING,,,,,,,,,,,,,,,,,,,,,,,,,,,,,,,,,,,
cxg4edmg7j5,1,maglioTradeoffsDisplayingPeripheral2000,Tradeoffs in Displaying Peripheral Information,"Maglio, Paul P and Campbell, Christopher S",2000,,265,12.9,Ticker Display,Single-line scrolling text ticker on a computer screen displaying news headlines as peripheral information alongside a primary task,NO,ADAIS,EVAL,INCREASE_AWARENESS,EVENTS,WORKPLACE,,,,,,,,,CONTINUOUS,MAKE_AWARE,VISUAL,PERSONAL,HIGH,SCREEN,ARTIFICIAL,NO,92,HOURS,IN_LAB,USERS,PROTOTYPE,TASK_PERFORMANCE,DUAL_TASK,[NA],"COGNITIVE_LOAD,PERIPHERAL_ATTENTION",PRESENCE,PERIPHERAL_PLACEMENT,NO,NA,NOT_MENTIONED,,,
cxl9kyjnki,1,jaschinskiExtendedViewBenefits2015,An Extended View on Benefits and Barriers of Ambient Assisted Living Solutions,"Jaschinski, C and Allouch, SB",2015,,21,3.8,,,,,,ASSISTED_LIVING,,,,,,,,,,,,,,,,,,,,,,,,,,,,,,,,,,,
cy1gnpqfnib,1,marquesPromotingHealthWellbeing2019,Promoting Health and Well-Being Using Wearable and Smartphone Technologies for Ambient Assisted Living through Internet of Things,"Marques, Gonçalo and Pitarma, Rui",2019,,3,2,,,,IOT,,ASSISTED_LIVING,,,,,,,,,,,,,,,,,,,,,,,,,,,,,,,,,,,
cyij7btnpqt,1,cornejoAmbientAwarenessStrengthen2013,Ambient Awareness to Strengthen the Family Social Network of Older Adults,"Cornejo, Raymundo and Tentori, Mónica and Favela, Jesús",2013,,69,9.2,Tlatoque,Digital picture frame showing pictures of friends and relatives posted on facebook.,,,,INCREASE_AWARENESS,"SOCIAL,HEALTH",HOME,,,,,,,,,,,,FAMILY,,,,NO,,,,,,,,,,,,,,,,,
cyy2cifalfa,1,morrisBiofeedbackRevisitedDynamic2006,Biofeedback Revisited: Dynamic Displays to Improve Health Trajectories,"Morris, Margaret",2006,,4,0.3,Motivating safe exercise,Mobile phone display showing blooming flowers alongside plots of activity levels against cardiovascular stress,YES,ADAIS,"CONCEPT,USECASE,PROTOTYPE","BEHAVIOURAL_CHANGE,INCREASE_AWARENESS",HEALTH,"MEDICAL,HOME",,,,,,,,,CONTINUOUS,USER_POLL,VISUAL,PERSONAL,HIGH,SCREEN,ARTIFICIAL,NO,,,,,,,,,NONE,PULL,,YES,NONE,NOT_MENTIONED,,,
czqi6cl6u,1,stojanovaContinuousBloodPressure2019,Continuous Blood Pressure Monitoring as a Basis for Ambient Assisted Living (AAL)–Review of Methodologies and Devices,"Stojanova, A and Koceski, S and Koceska, N",2019,,14,9.3,,,,AS,,ASSISTED_LIVING,,,,,,,,,,,,,,,,,,,,,,,,,,,,,,,,,,,
d0j06cp6ydg,1,vanderhoogGustbowlTechnologySupporting2004,Gustbowl: Technology Supporting Affective Communication through Routine Ritual Interactions,"van der Hoog, Wouter and Keller, Ianus and Stappers, Pieter Jan",2004,,35,2.1,Gustbowl,"Connect parents and out-of-house children. Pair of bowls. Bowl registers when something is dropped in it, takes a pictures. Remote bowl shows picture + wobbles",,,PROTOTYPE,,,HOME,,,,,,,,,,,,,,,,NO,,,,,,,,,,,,,,,,,
d0mphh75lz,1,wojciechowskiEndUserContext2009,End User Context Modeling in Ambient Assisted Living,"Wojciechowski, Manfred",2009,,4,0.3,,,,,,ASSISTED_LIVING,,,,,,,,,,,,,,,,,,,,,,,,,,,,,,,,,,,
d1gvcb3z1c,1,fernandez-llatasProcessChoreographyInteraction2010,Process Choreography for Interaction Simulation in Ambient Assisted Living Environments,"Fernández-Llatas, C. and Mocholí, J. B. and Sánchez, C. and Sala, P. and Naranjo, J. C.",2010,,11,1,,,,,,ASSISTED_LIVING,,,,,,,,,,,,,,,,,,,,,,,,,,,,,,,,,,,
d3hyd9alhql,1,blancoHeartAlertECG2016,Heart Alert: ECG Sonification for Supporting the Detection and Diagnosis of ST Segment Deviations,"Blanco, Andrea Lorena Aldana and Grautoff, Steffen and Hermann, Thomas",2016,,5,1.1,Heart Alert,Interactive ECG sonification system turning heart activity into water ambience soundscapes and timbre-morphing sounds to convey ST segment deviations,YES,ADAIS,"PROTOTYPE,USECASE,DEV","INCREASE_AWARENESS,NOTIFICATION,AID_IN_ACTIVITY",HEALTH,MEDICAL,,,,,,,,,CONTINUOUS,MAKE_AWARE,AUDIO,GROUP,MEDIUM,SPEAKER,FAMILIAR,YES,11,HOURS,IN_LAB,USERS,PROTOTYPE,"QUESTIONNAIRE,COMMENTS,TASK_PERFORMANCE",[NA],[NA],NONE,"PUSH,PRESENCE",MIMICRY,NO,NA,NOT_MENTIONED,,,
d3o6qgz4j2e,1,meschtscherjakovEnhancedShoppingDynamic2008,Enhanced Shopping: A Dynamic Map in a Retail Store,"Meschtscherjakov, Alexander and Reitberger, Wolfgang and Lankes, Michael and Tscheligi, Manfred",2008,,39,3.1,Enhanced Shopping,A large display showing a dynamic store map combining customer activity visualization with conventional map elements in a retail store,YES,ADAIS,PROTOTYPE,"INCREASE_AWARENESS,AID_IN_ACTIVITY","SOCIAL,OTHER",WORKPLACE,,,,,,,,,CONTINUOUS,USER_POLL,VISUAL,PUBLIC,HIGH,SCREEN,ARTIFICIAL,YES,47,HOURS,IN_SITU,USERS,PROTOTYPE,"INTERVIEW,QUESTIONNAIRE",[NA],SUBJECTIVE,NONE,PRESENCE,PERIPHERAL_PLACEMENT,NO,NA,NOT_MENTIONED,,,
d4a37i3jrc5,1,bakkerEvaluatingPeripheralInteraction2015,Evaluating Peripheral Interaction Design,"Bakker, Saskia and van den Hoven, Elise and Eggen, Berry",2015,,7,1.3,,,,,EVAL,,,,,,,,,,,,,,,,,,,YES,,,,,,"HEURISTIC_EVALUATION,INTERVIEW",,,,,,,,,,,
d6g5ew1ps6m,1,tranMusicMonitorAmbient2000,Music Monitor: Ambient Musical Data for the Home,"Tran, Quan T and Mynatt, Elizabeth D",2000,,21,1,Music Monitor,,,,PROTOTYPE,,,HOME,,,,,,,,,,,AUDIO,,,,,NO,,,,,,,,,,,,,,,,,
d6q6boicse,1,koMugTreePlayfulMug2007,Mug-Tree: A Playful Mug to Encourage Healthy Habit of Drinking Fluid Regularly,"Ko, Ju-Chun and Hung, Yi-Ping and Chu, Hao-Hua",2007,,14,1,Mug-Tree,Encourage drinking water,,,,BEHAVIOURAL_CHANGE,HEALTH,"MEDICAL,WORKPLACE,HOME",,,,,,,,,,,,,,,,NO,,,,,,,,,,,,,,,,,
d77z7rmc8mf,1,liangLightTouchSecurelyConnecting2017,LightTouch: Securely Connecting Wearables to Ambient Displays with User Intent,"Liang, Xiaohui and Yun, Tianlong and Peterson, Ronald and Kotz, David",2017,,11,3.1,LightTouch,A method using screen brightness modulation captured by a wearable's ambient light sensor to securely bootstrap an RF connection between a bracelet and an ambient display via a touch gesture,YES,ADAIS,"DEV,PROTOTYPE",OTHER,HEALTH,MEDICAL,,,,,,,,,USER,,VISUAL,PERSONAL,HIGH,SCREEN,ARTIFICIAL,YES,5,HOURS,IN_LAB,USERS,PROTOTYPE,"TASK_PERFORMANCE,USAGE_STATISTIC",[NA],[NA],NONE,PULL,,YES,FABRICATION,NOT_MENTIONED,,,
d7viudsm3lg,1,cornejoAmbientDisplaysIntegrating2010,Ambient Displays for Integrating Older Adults into Social Networking Sites,"Cornejo, Raymundo and Favela, Jesús and Tentori, Mónica",2010,,65,6.2,ePortrait,A digital picture frame that displays photographs uploaded by relatives on a social networking site to integrate older adults into SNS,YES,ADAIS,PROTOTYPE,"INCREASE_AWARENESS,ASSISTED_LIVING","SOCIAL,HEALTH","MEDICAL,HOME",,,,,,,,,EVENT,USER_POLL,VISUAL,FAMILY,HIGH,SCREEN,FAMILIAR,NO,,,,,,,,,NONE,PRESENCE,AUGMENTATION,NO,NA,NOT_MENTIONED,,,
d7vz3wewwft,1,camarinha-matosCareServicesProvision2014,Care Services Provision in Ambient Assisted Living,"Camarinha-Matos, L.M. and Ferrada, F. and Oliveira, A.I. and Rosas, J. and Monteiro, J.",2014,,7,1.1,,,,,,ASSISTED_LIVING,,,,,,,,,,,,,,,,,,,,,,,,,,,,,,,,,,,
d8cvphjvf7a,1,alemanGamificationInformationFusion2016,Gamification and Information Fusion for Rehabilitation: An Ambient Assisted Living Case Study,"Alemán, Javier Jiménez and Sanchez-Pi, Nayat and Martí, Luis and Molina, José Manuel and García, Ana Cristina Bicharra",2016,,5,1.1,,,,,,ASSISTED_LIVING,,,,,,,,,,,,,,,,,,,,,,,,,,,,,,,,,,,
d9th0k4a9xm,1,magheriniUsingTemporalLogic2013,Using Temporal Logic and Model Checking in Automated Recognition of Human Activities for Ambient-Assisted Living,"Magherini, Tommaso and Fantechi, Alessandro and Nugent, Chris D. and Vicario, Enrico",2013,,46,6.1,,,,,,ASSISTED_LIVING,,,,,,,,,,,,,,,,,,,,,,,,,,,,,,,,,,,
davsgd4bu8o,1,martinsAmbientAssistedLiving2018,Ambient Assisted Living: Introduction and Overview,"Martins, Ana Isabel and Queirós, Alexandra and da Rocha, Nelson Pacheco",2018,,1,0.4,,,,,,ASSISTED_LIVING,,,,,,,,,,,,,,,,,,,,,,,,,,,,,,,,,,,
dbfqhbmsojv,1,rouvroyPrivacyDataProtection2008,"Privacy, Data Protection, and the Unprecedented Challenges of Ambient Intelligence","Rouvroy, Antoinette",2008,,85,6.8,,,,AMI,,,,,,,,,,,,,,,,,,,,NO,,,,,,,,,,,,,,,,,
dbinyhluydv,1,konstantinidisLightweightFrameworkTransparent2015,A Lightweight Framework for Transparent Cross Platform Communication of Controller Data in Ambient Assisted Living Environments,"Konstantinidis, Evdokimos I. and Antoniou, Panagiotis E. and Bamparopoulos, Giorgos and Bamidis, Panagiotis D.",2015,,46,8.4,,,,,,ASSISTED_LIVING,,,,,,,,,,,,,,,,,,,,,,,,,,,,,,,,,,,
dbm18h1pww,1,costaPromotingIndependentLiving2015,Promoting Independent Living and Recreation in Life through Ambient Assisted Living Technology,"Costa, Ângelo and Teixeira, Juliana and Santos, Nuno and Vardasca, Ricardo and Fernandes, José and Machado, Ricardo and Novais, Paulo and Simoes, Ricardo",2015,,1,0.2,,,,,,ASSISTED_LIVING,,,,,,,,,,,,,,,,,,,,,,,,,,,,,,,,,,,
dbqgzkynqy,2,leshedVisualizingRealTimeLanguageBased2009,Visualizing Real-Time Language-Based Feedback on Teamwork Behavior in Computer-Mediated Groups,"Leshed, Gilly and Perez, Diego and Hancock, Jeffrey T and Cosley, Dan and Birnholtz, Jeremy and Lee, Soyoung and McLeod, Poppy L and Gay, Geri",2009,,73,6.3,GroupMeter: School of fish,"Animated school of colored fish in a chat interface where each fish represents a team member, with size and position encoding word count and agreement word use",YES,ADAIS,"PROTOTYPE,EVAL,USECASE","INCREASE_AWARENESS,BEHAVIOURAL_CHANGE",SOCIAL,"WORKPLACE,EDUCATION",,,,,,,,,CONTINUOUS,MAKE_AWARE,VISUAL,GROUP,MEDIUM,SCREEN,ART,YES,25,HOURS,IN_SITU,USERS,PROTOTYPE,"INTERVIEW,QUESTIONNAIRE",QUESTIONNAIRE,"SUBJECTIVE,OBJECTIVE",NONE,PRESENCE,PERIPHERAL_PLACEMENT,NO,NA,NOT_MENTIONED,,,
dbt3k4agkif,1,freyDFKICompetenceCenter2010,The DFKI Competence Center for Ambient Assisted Living,"Frey, Jochen and Stahl, Christoph and Röfer, Thomas and Krieg-Brückner, Bernd and Alexandersson, Jan",2010,,9,0.9,,,,,,ASSISTED_LIVING,,,,,,,,,,,,,,,,,,,,,,,,,,,,,,,,,,,
dbw9b1dof8r,1,peterAGNESSystemAmbient2012,The AGNES System for Ambient Social Interaction,"Peter, Christian and Kreiner, Andreas and Schröter, Martin and Bieber, Gerald and Waterworth, John",2012,,3,0.4,AGNES – Illuminated curtain,Curtain moves and changes its illumination based on incoming information,,,,,SOCIAL,,,,,,,,,,,,,,,,,NO,,,,,,,,,,,,,,,,,
dgw0ijxciom,1,yuLivingSurfaceBiofeedbackShapechanging2016,LivingSurface: Biofeedback through Shape-changing Display,"Yu, Bin and Bongers, Nienke and van Asseldonk, Alissa and Hu, Jun and Funk, Mathias and Feijs, Loe",2016,,22,4.9,LivingSurface,Shape shanging surface in response to individuals physiological data,YES,ADAIS,"PROTOTYPE,DEV,USECASE","INCREASE_AWARENESS,AID_IN_ACTIVITY,BEHAVIOURAL_CHANGE",HEALTH,"MEDICAL,WORKPLACE",,,,,,,,,USER,CHANGE_BLIND,POS,PUBLIC,MEDIUM,MOTOR,"ART,ASSOCIATED",NO,100,HOURS,IN_SITU,USERS,PROTOTYPE,"INTERVIEW,COMMENTS,OBSERVATION",[NA],[NA],NONE,PRESENCE,CAMOUFLAGE,YES,"FAILURE,NOISE,FABRICATION",NOT_MENTIONED,,,
dhhm54zqar,1,koningsPrivacyTrustAmbient2016,Privacy and Trust in Ambient Intelligent Environments,"Könings, Bastian and Schaub, Florian and Weber, Michael",2016,,19,4.2,,,,,,,,,,,,,,,,,,,,,,,,NO,,,,,,,,,,,,,,,,,
dhvptm1zn8b,1,probstMoveitStickyNotes2013,Move-It Sticky Notes Providing Active Physical Feedback through Motion,"Probst, Kathrin and Haller, Michael and Yasu, Kentaro and Sugimoto, Maki and Inami, Masahiko",2013,,17,2.3,Mind-it sticky notes,Augmented Post-it notes that wiggle via an SMA-actuated paperclip to remind users of approaching events,YES,ADAIS,"PROTOTYPE,USECASE,EVAL",INCREASE_AWARENESS,EVENTS,WORKPLACE,,,,,,,,,EVENT,MAKE_AWARE,POS,PERSONAL,LOW,MOTOR,FAMILIAR,NO,18,HOURS,IN_SITU,USERS,PROTOTYPE,"QUESTIONNAIRE,COMMENTS,TASK_PERFORMANCE",QUESTIONNAIRE,[NA],NONE,"PUSH,PRESENCE","PERIPHERAL_PLACEMENT,AUGMENTATION",YES,"POWER,NOISE,OTHER",NOT_MENTIONED,,,
di0r53e3gft,1,tentoriSmartEnvironmentChildren2015,A Smart Environment for Children with Autism,"Tentori, Monica and Escobedo, Lizbeth and Balderas, Gabriela",2015,,29,5.3,SensoryPaint,,,,,,HEALTH,"EDUCATION,MEDICAL",,,,,,,,,,,,,,,,YES,,,,,,INTERVIEW,,,,,,,,,,,
diu53wjgxj,1,darwishComparisonAmbientAssisted2014,A Comparison between Ambient Assisted Living Systems,"Darwish, Molham and Senn, Eric and Lohr, Christophe and Kermarrec, Yvon",2014,,11,1.7,,,,,,ASSISTED_LIVING,,,,,,,,,,,,,,,,,,,,,,,,,,,,,,,,,,,
djab3rwc5of,1,eberhardtVerbesserteGesundheitDurch2010,"Verbesserte Gesundheit Durch Ambient Assisted Living Aus Globaler, Regionaler Und Lokaler Wirtschaftlicher Perspektive","Eberhardt, Birgid and Fachinger, Uwe",2010,,9,0.9,,,,,,ASSISTED_LIVING,,,,,,,,,,,,,,,,,,,,,,,,,,,,,,,,,,,
dkxlbiauhbv,1,alaviDistributedAwarenessClass2009,Distributed Awareness for Class Orchestration,"Alavi, Hamed S. and Dillenbourg, Pierre and Kaplan, Frederic",2009,,67,5.8,Lantern,A portable table lamp with LEDs that each student team turns and presses to indicate which exercise they work on and to call the teaching assistant for help,YES,ADAIS,"PROTOTYPE,USECASE,EVAL","INCREASE_AWARENESS,AID_IN_ACTIVITY","EVENTS,SOCIAL",EDUCATION,,,,,,,,,USER,MAKE_AWARE,VISUAL,PUBLIC,MEDIUM,LED,FAMILIAR,YES,,WEEKS,IN_SITU,USERS,PROTOTYPE,QUESTIONNAIRE,[NA],"SUBJECTIVE,OBJECTIVE",NONE,"PRESENCE,PUSH","AUGMENTATION,PERIPHERAL_PLACEMENT",YES,NONE,NOT_MENTIONED,,,
dlaoyf5w4hh,1,kumarARealTimeDemo2019,A Real-Time Demo for Acoustic Event Classification in Ambient Assisted Living Contexts,"Kumar, Arunodhayan Sampath and Erler, René and Kowerko, Danny",2019,,2,1.3,,,,,,ASSISTED_LIVING,,,,,,,,,,,,,,,,,,,,,,,,,,,,,,,,,,,
dlkncn2fiik,1,leeRainbottlesGatheringRaindrops2012,Rainbottles: Gathering Raindrops of Data from the Cloud,"Lee, Jinha and Vargas, Greg and Tang, Mason and Ishii, Hiroshi",2012,,2,0.2,rainBottles,Glass bottles with internal LEDs that fill with virtual 'liquid' representing incoming online data and act as tangible controllers for accessing it,YES,ADAIS,"PROTOTYPE,USECASE","INCREASE_AWARENESS,AID_IN_ACTIVITY","EVENTS,SOCIAL","HOME,WORKPLACE",,,,,,,,,EVENT,MAKE_AWARE,VISUAL,PERSONAL,MEDIUM,LED,"FAMILIAR,ASSOCIATED",NO,,,,,,,,,NONE,"PRESENCE,PULL",CAMOUFLAGE,YES,NONE,NOT_MENTIONED,,,
dml6kgc34km,1,steinkeFactorsInfluencingTrust2014,Factors Influencing Trust in Ambient Assisted Living Technology: A Scenario-Based Analysis,"Steinke, F. and Bading, N. and Fritsch, T. and Simonsen, S.",2014,,7,1.1,,,,,,ASSISTED_LIVING,,,,,,,,,,,,,,,,,,,,,,,,,,,,,,,,,,,
dmmqyimko59,1,dziennusAmbientLightBased2016,Ambient Light Based Interaction Concept for an Integrative Driver Assistance System – a Driving Simulator Study,"Dziennus, Marc and Kelsch, Johann and Schieben, Anna",2016,,13,2.9,,,,,,,,,,,,,,,,,,,VISUAL,,,,,YES,,,,,,QUESTIONNAIRE,,,,,,,,,,,
dmta1ktvcn,1,wanBootstrappingActivityModeling2013,Bootstrapping Activity Modeling for Ambient Assisted Living,"Wan, Jie and O’Grady, Michael J. and O’Hare, Gregory M. P.",2013,,3,0.4,,,,,,ASSISTED_LIVING,,,,,,,,,,,,,,,,,,,,,,,,,,,,,,,,,,,
dnvyfwxwwxu,1,sheltonEvaluatingWaveWatchAmbient2017,Evaluating WaveWatch: An Ambient Display of Web Traffic,"Shelton, Ben and Nesbitt, Keith",2017,,7,2,WaveWatch,Display showing ocean/island scene with ocean turbulence mapped to web traffic,YES,ADAIS,"EVAL,PROTOTYPE,USECASE",INCREASE_AWARENESS,OTHER,WORKPLACE,,,,,,,,,CONTINUOUS,MAKE_AWARE,VISUAL,GROUP,HIGH,SCREEN,ART,YES,15,WEEKS,IN_SITU,USERS,PROTOTYPE,"HEURISTIC_EVALUATION,QUESTIONNAIRE",[NA],[NA],NONE,PRESENCE,"CAMOUFLAGE,PERIPHERAL_PLACEMENT",NO,NA,NOT_MENTIONED,,,
dpoj7k2xrwd,1,demarchiTransitTraceFacilitatingUrban2015,TransitTrace: Facilitating Urban Wayfinding via an Ambient Display Visualization,"MARCHI, M DE",2015,,,0,TransitTrace,An interaction-free web-based visualization for ambient displays showing current and future transit vehicle movements and transfers on an animated overview map,YES,ADAIS,"PROTOTYPE,USECASE,DEV","AID_IN_ACTIVITY,INCREASE_AWARENESS","EVENTS,OTHER","URBAN,TRANSPORT",,,,,,,,,CONTINUOUS,USER_POLL,VISUAL,PUBLIC,HIGH,SCREEN,ARTIFICIAL,NO,,,,,,,,,NONE,PRESENCE,PERIPHERAL_PLACEMENT,NO,NA,NOT_MENTIONED,,,
dsp68ah7k9,1,wiedeEvaluationStudyVital2017,An Evaluation Study of Vital Parameter Determination with RGB Cameras in the Field of Ambient Assisted Living,"Wiede, Christian and Richter, Julia and Hirtz, Gangolf",2017,,2,0.6,,,,,,ASSISTED_LIVING,,,,,,,,,,,,,,,,,,,,,,,,,,,,,,,,,,,
dthbnvpzvhq,1,massacciGoalorientedAccessControl2009,Goal-Oriented Access Control Model for Ambient Assisted Living,"Massacci, Fabio and Nguyen, Viet Hung",2009,,7,0.6,,,,,,ASSISTED_LIVING,,,,,,,,,,,,,,,,,,,,,,,,,,,,,,,,,,,
dtm6x28a1m,1,schiavo2014overt,Overt or Subtle? Supporting Group Conversations with Automatically Targeted Directives,"Schiavo, Gianluca and Cappelletti, Alessandro and Mencarini, Eleonora and Stock, Oliviero and Zancanaro, Massimo",2014,,39,6,Untitled,attention received by others,,,,BEHAVIOURAL_CHANGE,SOCIAL,SOCIAL,,,,,,,,,,,VISUAL,,,,,YES,,,,,,"INTERVIEW,QUESTIONNAIRE",,,,,,,,,,,
dw57r7w7pv4,1,hausenPeripheralInteractionEmbedding2015,Peripheral Interaction: Embedding HCI in Everyday Life,"Hausen, Doris and Bakker, Saskia and van den Hoven, Elise and Butz, Andreas and Eggen, Berry",2015,,3,0.5,,,,,,,,,,,,,,,,,,,,,,,,NO,,,,,,,,,,,,,,,,,
dw669txy9ba,1,tymanIntuitiveVisualizationsPresence2003,Intuitive Visualizations for Presence and Recency Information for Ambient Displays,"Tyman, Jaroslav and Huang, Elaine M",2003,,16,0.9,Untitled,"Public displays showing visualizations of workgroup members' presence and recency via portraits varying in spatial location, rotation speed, and color saturation",YES,ADAIS,"PROTOTYPE,EVAL",INCREASE_AWARENESS,SOCIAL,WORKPLACE,,,,,,,,,CONTINUOUS,USER_POLL,VISUAL,GROUP,MEDIUM,SCREEN,ART,YES,12,HOURS,IN_PRESENTATION,USERS,PROTOTYPE,INTERVIEW,[NA],[NA],NONE,PRESENCE,PERIPHERAL_PLACEMENT,NO,NA,NOT_MENTIONED,,,
dw821pji9j8,1,buschDomainSpecificServices2011,Domain Specific Services for Continuous Diagnoses in the Context of Ambient Assisted Living-AAL,"Busch, BH and Welge, R",2011,,4,0.4,,,,,,ASSISTED_LIVING,,,,,,,,,,,,,,,,,,,,,,,,,,,,,,,,,,,
dwujmfexnz6,1,balabanovCloudBasedService2015,Cloud Based Service Bricks Architecture for Ambient Assisted Living System,"Balabanov, Georgi and Tonchev, Krasimir and Koleva, Pavlina and Manolova, Agata and Poulkov, Vladimir",2015,,1,0.2,,,,,,ASSISTED_LIVING,,,,,,,,,,,,,,,,,,,,,,,,,,,,,,,,,,,
dx5jq2v8bbr,1,wagnerAmbientAssistedLiving2018,Ambient Assisted Living Ecosystem for Supporting Senior Citizens' Human System Interaction,"Wagner, Stefan and Hunnerup, Esben",2018,,1,0.4,,,,,,ASSISTED_LIVING,,,,,,,,,,,,,,,,,,,,,,,,,,,,,,,,,,,
dxrr9syiuv6,1,bealeAmbientArtCreative2007,Ambient Art: Creative Information Representation,"Beale, Russell",2007,,10,0.7,,,,,,,,WORKPLACE,,,,,,,,,,,,,,,,YES,,,,,,"HEURISTIC_EVALUATION,QUESTIONNAIRE",,,,,,,,,,,
dxs71lp3iao,1,mccarthyContextContentCommunity2008,"The Context, Content \& Community Collage: Sharing Personal Digital Media in the Physical Workplace","McCarthy, Joseph F and Congleton, Ben and Harper, F Maxwell",2008,,60,4.8,C3C,Large LCD touchscreen proactive displays that sense nearby people via Bluetooth phones and add their associated Flickr photos to an ambient collage,YES,ADAIS,"PROTOTYPE,USECASE,EVAL","INCREASE_AWARENESS,OTHER",SOCIAL,"WORKPLACE,HOME",,,,,,,,,USER,MAKE_AWARE,VISUAL,PUBLIC,HIGH,SCREEN,ARTIFICIAL,NO,31,WEEKS,IN_SITU,USERS,PROTOTYPE,"QUESTIONNAIRE,INTERVIEW,OBSERVATION,USAGE_STATISTIC",[NA],"SUBJECTIVE,OBJECTIVE",NONE,"PRESENCE,PULL",PERIPHERAL_PLACEMENT,NO,NA,YES,,,
dyu6ubdh9qr,1,bartramDesignChallengesOpportunities2015,Design Challenges and Opportunities for Eco-Feedback in the Home,"Bartram, Lyn",2015,,40,7.3,,,,,,INCREASE_AWARENESS,RESOURCES,HOME,,,,,,,,,,,,,,,,NO,,,,,,,,,,,,,,,,,
dyuajhe6htr,1,judmaierProblemeMitTangible2014,Probleme Mit Tangible Interfaces Im Ambient Assisted Living,"Judmaier, P and Rottermanner, G and Sommer, S",2014,,4,0.6,,,,,,ASSISTED_LIVING,,,,,,,,,,,,,,,,,,,,,,,,,,,,,,,,,,,
dzap4g5pf2f,1,minoliIoTSecurityIoTSec2017,IoT Security (IoTSec) Mechanisms for e-Health and Ambient Assisted Living Applications,"Minoli, Daniel and Sohraby, Kazem and Occhiogrosso, Benedict",2017,,27,7.7,,,,IOT,,ASSISTED_LIVING,,,,,,,,,,,,,,,,,,,,,,,,,,,,,,,,,,,
e2gaxpsrttd,1,tabuencaUsermodelledAmbientFeedback2015,User-Modelled Ambient Feedback for Self-Regulated Learning,"Tabuenca, Bernardo and Börner, Dirk and Kalz, Marco and Specht, Marcus",2015,,2,0.4,,,,,,,,,,,,,,,,,,,,,,,,,,,,,,,,,,,,,,,,,
e2unqfvs24l,1,manginaAgentbasedUbiquitousComputing2010,Agent-Based Ubiquitous Computing,"Mangina, Eleni and Carbo, Javier and Molina, José M.",2010,,22,2.1,,,,,,,,,,,,,,,,,,,,,,,,,,,,,,,,,,,,,,,,,
e2yjhshkbko,1,moraruIntegratingWirelessSensors2017,Integrating Wireless Sensors into Cloud Systems for Ambient Assisted Living,"Moraru, Sorin-Aurel and Pemiu, Liviu and Kristaly, Dominic Mircea and Ungureanu, Delia A. and Sandu, Florin and Mosoi, Adrian A.",2017,,5,1.4,,,,AS,,ASSISTED_LIVING,,,,,,,,,,,,,,,,,,,,,,,,,,,,,,,,,,,
e3hnf4d522i,1,fabbricatoreUnifiedArchitectureSmart2011,Towards an Unified Architecture for Smart Home and Ambient Assisted Living Solutions: A Focus on Elderly People,"Fabbricatore, Christian and Zucker, Markus and Ziganki, Sebastian and Karduck, Achim P.",2011,,15,1.6,,,,,,ASSISTED_LIVING,,,,,,,,,,,,,,,,,,,,,,,,,,,,,,,,,,,
e4tvxvt2iw6,1,redstromChatterBoxUsingText2000,The ChatterBox: Using Text Manipulation in an Entertaining Information Display,"Redström, Johan and Ljungstrand, Peter and Jaksetic, Patricija",2000,,19,0.9,Chatterbox,"A public display that listens to office emails/documents, recombines the texts, and projects entertaining transformed sentences in a shared space",YES,ADAIS,"PROTOTYPE,USECASE,ISSUES","INCREASE_AWARENESS,OTHER","SOCIAL,OTHER",WORKPLACE,,,,,,,,,CONTINUOUS,USER_POLL,VISUAL,PUBLIC,HIGH,PROJECTION,ART,NO,19,WEEKS,IN_SITU,USERS,PROTOTYPE,"INTERVIEW,QUESTIONNAIRE,COMMENTS",[NA],[NA],NONE,PRESENCE,"PERIPHERAL_PLACEMENT,CAMOUFLAGE",NO,NA,NOT_MENTIONED,,,
e4ucahnf64j,1,schwartzeHL7FHIRbasedObjectModel2015,An HL7-FHIR-based Object Model for a Home-Centered Data Warehouse for Ambient Assisted Living Environments.,"Schwartze, J and Jansen, L and Schrom, H and Wolf, KH and Haux, R",2015,,7,1.3,,,,,,ASSISTED_LIVING,,,,,,,,,,,,,,,,,,,,,,,,,,,,,,,,,,,
e55bnk1huhh,1,mankoffHeuristicEvaluationAmbient2003,Heuristic Evaluation of Ambient Displays,"Mankoff, Jennifer and a.K. Dey, Anind K and Hsieh, Gary and Kientz, Julie and Lederer, Scott and Ames, Morgan",2003,,676,38.6,Daylight Display,"Is it safe to go home, how late is it?",YES,ADAIS,PROTOTYPE,INCREASE_AWARENESS,"ENVIRONMENT,SAFETY","EDUCATION,WORKPLACE",YES,Outdoor brightness,LOCAL,Indoor brightness,,,,,CONTINUOUS,CHANGE_BLIND,VISUAL,GROUP,LOW,SCREEN,ASSOCIATED,YES,60,WEEKS,IN_SITU,USERS,PROTOTYPE,"HEURISTIC_EVALUATION,INTERVIEW",[NA],[NA],NONE,PRESENCE,PERIPHERAL_PLACEMENT,NO,NA,NOT_MENTIONED,,,
e5kjpkq22i,1,lindenfalkMappingAmbientAssisted2019,Mapping an Ambient Assisted Living Service as a Seamful Cross-Channel Ecosystem,"Lindenfalk, Bertil and Resmini, Andrea",2019,,4,2.7,,,,,,ASSISTED_LIVING,,,,,,,,,,,,,,,,,,,,,,,,,,,,,,,,,,,
e5taw5txze,1,amiriradAmbientEnergyInformation2020,Ambient Energy Information Display: Designing to Enhance Awareness and Curiosity,"Amirirad, S",2020,,,0,Ambient Energy Information Display,An ambient light display for an ultra-efficient house that visualizes energy simulation data to raise awareness and curiosity,YES,ADAIS,"PROTOTYPE,USECASE",INCREASE_AWARENESS,RESOURCES,HOME,,,,,,,,,CONTINUOUS,USER_POLL,VISUAL,HOUSEHOLD,MEDIUM,LED,"ART,ASSOCIATED",NO,,,,,,,,,NONE,PRESENCE,"PERIPHERAL_PLACEMENT,CAMOUFLAGE",YES,NONE,NOT_MENTIONED,,,
e6inj6v5by9,1,kleinOntologycentredDesignAmbient2007,Ontology-Centred Design of an Ambient Middleware for Assisted Living: The Case of Soprano,"Klein, M and Schmidt, A and Lauer, R",2007,,111,8.2,,,,,,ASSISTED_LIVING,,,,,,,,,,,,,,,,,,,,,,,,,,,,,,,,,,,
e6l9tjmfh1,1,kleinbergerAmbientIntelligenceAssisted2007,Ambient Intelligence in Assisted Living: Enable Elderly People to Handle Future Interfaces,"Kleinberger, Thomas and Becker, Martin and Ras, Eric and Holzinger, Andreas and Müller, Paul",2007,,415,30.7,,,,,,ASSISTED_LIVING,,,,,,,,,,,,,,,,,,,,,,,,,,,,,,,,,,,
e7ok943wxta,1,kimuraExtractingKeyFactors2008,Extracting Key Factors to Design Applications in Ambient Intelligence Environment,"Kimura, Hiroaki and Nakajima, Tatsuo",2008,,4,0.3,Persuasive Art,A digital painting on a wall display that changes its aesthetic expression (e.g. a growing/withering tree) according to the user's daily step count to motivate exercise,YES,"AMI,ADAIS","USECASE,EVAL,ISSUES","BEHAVIOURAL_CHANGE,INCREASE_AWARENESS",HEALTH,HOME,,,,,,,,,CONTINUOUS,USER_POLL,VISUAL,PERSONAL,MEDIUM,SCREEN,"ART,FAMILIAR",YES,14,WEEKS,IN_LAB,USERS,PROTOTYPE,"INTERVIEW,QUESTIONNAIRE",[NA],"OBJECTIVE,SUBJECTIVE",NONE,PRESENCE,CAMOUFLAGE,NO,NA,NOT_MENTIONED,,,
e7qx818vc8o,2,chatzitsakyrisINVisiblePerceivingInvisible2004,IN-Visible: Perceiving Invisible Urban Information through Ambient Media,"Chatzitsakyris, Panagiotis and Ducla-Soares, Gonçalo and Zulas, Alejandro",2004,,10,0.6,IN-Visible: Exterior,Computer-activated red brick sidewalk pattern that lights up according to the position and motion of the subway train below,YES,ADAIS,"CONCEPT,USECASE","INCREASE_AWARENESS,NOTIFICATION","EVENTS,OTHER",URBAN,,,,,,,,,EVENT,MAKE_AWARE,VISUAL,PUBLIC,MEDIUM,LED,ASSOCIATED,NO,,,,,,,,,NONE,PRESENCE,AUGMENTATION,YES,NONE,NOT_MENTIONED,,,
e8lqu3ll9j,1,dimitrievskiDataProcessingWithin2019,Data Processing within Ambient Assisted Living System,"Dimitrievski, A and Savoska, S and Chorbev, I and Ristevski, B",2019,,1,0.7,,,,,,ASSISTED_LIVING,,,,,,,,,,,,,,,,,,,,,,,,,,,,,,,,,,,
e9qsf4w7c5,1,chiangInducingSubConscious2014,Inducing [Sub]Conscious Energy Behaviour through Visually Displayed Energy Information: A Case Study in University Accommodation,"Chiang, Teresa and Mevlevioglu, Gokhan and Natarajan, Sukumar and Padget, Julian and Walker, Ian",2014,,48,7.4,Ambient faces,"Tablet display showing cartoon-like emotional faces (happy, neutral, sad) plus colour to represent kitchen group energy consumption levels",YES,ADAIS,"EVAL,PROTOTYPE,USECASE","BEHAVIOURAL_CHANGE,INCREASE_AWARENESS",RESOURCES,"EDUCATION,HOME",,,,,,,,,CONTINUOUS,USER_POLL,VISUAL,GROUP,MEDIUM,SCREEN,ARTIFICIAL,YES,42,WEEKS,IN_SITU,USERS,PROTOTYPE,"QUESTIONNAIRE,USAGE_STATISTIC",[NA],"OBJECTIVE,SUBJECTIVE",NONE,PRESENCE,PERIPHERAL_PLACEMENT,YES,NONE,YES,,,
eac4t8ois4,1,rashidDevelopmentUbiquitousNetworked2010,Towards the Development of an Ubiquitous Networked Robot Systems for Ambient Assisted Living,"Rashid, Jayedur",2010,,7,0.7,,,,,,ASSISTED_LIVING,,,,,,,,,,,,,,,,,,,,,,,,,,,,,,,,,,,
eaxw99gj6v6,1,choCalmAutomatonDIY2017,Calm Automaton: A DIY Toolkit for Ambient Displays,"Cho, Minjoo and Saakes, Daniel",2017,,3,0.9,Calm Automaton,A customizable DIY automaton with layered motion modules that animates cut-out graphics to visualize abstract personal and web data in the periphery,YES,ADAIS,"PROTOTYPE,DEV","INCREASE_AWARENESS,NOTIFICATION","ENVIRONMENT,EVENTS,OTHER","WORKPLACE,HOME",,,,,,,,,CONTINUOUS,CHANGE_BLIND,"VISUAL,AIRMOVE,POS,SHAPE",PERSONAL,MEDIUM,MOTOR,ART,NO,6,WEEKS,IN_SITU,USERS,PROTOTYPE,"INTERVIEW,COMMENTS,OBSERVATION",[NA],[NA],NONE,PRESENCE,"PERIPHERAL_PLACEMENT,CAMOUFLAGE",YES,NOISE,NO,,,
ec2c3y32ml8,1,leeAmbientWidgetAmbient2012,Ambient Widget: An Ambient Information System Using Gesture-Based Interactions,"Lee, Seongil and Song, Kyohyun and Kim, Jihwan and Choi, Jiho",2012,,2,0.2,Ambient Widget,A zone-based ambient information system using a situated large display and a wearable ID tag with accelerometer for gesture-based control of conference messages,YES,"ADAIS,ADAIS","PROTOTYPE,USECASE,DEV","INCREASE_AWARENESS,NOTIFICATION","SOCIAL,EVENTS","SOCIAL,WORKPLACE",,,,,,,,,USER,MAKE_AWARE,VISUAL,PUBLIC,MEDIUM,SCREEN,ARTIFICIAL,YES,51,HOURS,IN_LAB,USERS,PROTOTYPE,"TASK_PERFORMANCE,COMMENTS",[NA],[NA],NONE,"PRESENCE,PULL",PERIPHERAL_PLACEMENT,YES,NONE,NOT_MENTIONED,,,
ed44m4mqtf,1,centieiroMobilePersuasiveInterfaces2011,Mobile Persuasive Interfaces for Public Ambient Displays,"Centieiro, PMF",2011,,4,0.4,,,,ADAIS,,,,,,,,,,,,,,,VISUAL,,,,,,,,,,,,,,,,,,,,,,
edgdesg5rdc,1,promannRoleAestheticsPerception2016,The Role of Aesthetics and Perception in Raising Situation Awareness: Lessons from SpringRain,"Promann, Marlen and Wei, Shuang and Qian, Zhenyu Cheryl and Chen, Yingjie Victor",2016,,4,0.9,SpringRain,A flat 2D ambient information visualization on a large central NOC screen showing computer network status as a live rainfall of lines,YES,ADAIS,PROTOTYPE,INCREASE_AWARENESS,HEALTH,WORKPLACE,,,,,,,,,CONTINUOUS,MAKE_AWARE,VISUAL,GROUP,HIGH,SCREEN,ART,YES,6,WEEKS,IN_PRESENTATION,EXPERTS,PRESENTATION,INTERVIEW,[NA],[NA],SALIENCE,PRESENCE,"CAMOUFLAGE,MIMICRY",NO,NA,NOT_MENTIONED,,,
eecgq771bii,1,costaCollaborativeNetworksAmbient2009,Collaborative Networks in Ambient Assisted Living,"Costa, RAF",2009,,4,0.3,,,,,,ASSISTED_LIVING,,,,,,,,,,,,,,,,,,,,,,,,,,,,,,,,,,,
eekzmm96swg,1,berschArtificialImmuneSystems2013,Artificial Immune Systems for Anomaly Detection in Ambient Assisted Living Applications,"Bersch, Sebastian and Azzi, Djamel and Khusainov, Rinat and Achumba, Ifeyinwa E.",2013,,12,1.6,,,,,,ASSISTED_LIVING,,,,,,,,,,,,,,,,,,,,,,,,,,,,,,,,,,,
egtfven8ncd,1,avrahamiPorticoTangibleInteraction2011,Portico: Tangible Interaction on and around a Tablet,"Avrahami, Daniel and Wobbrock, Jacob O. and Izadi, Shahram",2011,,64,6.7,Portico,A portable tablet with two cameras on foldable arms that track physical objects on and around the tablet screen for tangible interaction,YES,"TUI,ADAIS",PROTOTYPE,AID_IN_ACTIVITY,OTHER,"HOME,EDUCATION",,,,,,,,,OBJECT,,HAPTIC,PERSONAL,HIGH,"SCREEN,SPEAKER",ARTIFICIAL,NO,3,HOURS,IN_LAB,USERS,PROTOTYPE,OBSERVATION,[NA],[NA],NONE,PRESENCE,,YES,FABRICATION,NOT_MENTIONED,,,
ei06dtqgk1a,1,faberAULURAEngagingUsers2011,AULURA: Engaging Users with Ambient Persuasive Technology,"Faber, Jabe Piter and Markopoulos, Panos and Dadlani, Pavan and van Halteren, Aart",2011,,3,0.3,AULURA,A digital picture frame with a light-based progress indicator embedded in the frame showing physical activity level,YES,ADAIS,"PROTOTYPE,USECASE,EVAL","INCREASE_AWARENESS,BEHAVIOURAL_CHANGE","RESOURCES,HEALTH",HOME,,,,,,,,,USER,MAKE_AWARE,VISUAL,FAMILY,HIGH,"LED,SCREEN",FAMILIAR,YES,16,HOURS,IN_LAB,USERS,PROTOTYPE,INTERVIEW,[NA],SUBJECTIVE,NONE,"PRESENCE,PULL",AUGMENTATION,YES,NONE,NOT_MENTIONED,,,
eibfr94305l,1,tsujitaSyncDecorCommunicationAppliances2008,SyncDecor: Communication Appliances for Couples Separated by Distance,"Tsujita, Hitomi and Tsukada, Koji and Siio, Itiro",2008,,21,1.7,SyncDecor,,,,,,HEALTH,WORKPLACE,,,,,,,,,,,,,,,,NO,,,,,,,,,,,,,,,,,
eiwl8ghha8,1,sadekNovelUnobtrusiveApproach2017,Novel Unobtrusive Approach for Sleep Monitoring Using Fiber Optics in an Ambient Assisted Living Platform,"Sadek, Ibrahim and Bellmunt, Joaquim and Kodyš, Martin and Abdulrazak, Bessam and Mokhtari, Mounir",2017,,9,2.6,,,,AS,,ASSISTED_LIVING,,,,,,,,,,,,,,,,,,,,,,,,,,,,,,,,,,,
ej844dklzma,1,deruyterAmbientAssistedLiving2010,Ambient Assisted Living Research in the CareLab,"de Ruyter, B and Zwartkruis-Pelgrim, E and Aarts, E",2010,,9,0.9,,,,,,ASSISTED_LIVING,,,,,,,,,,,,,,,,,,,,,,,,,,,,,,,,,,,
ek5xes47izb,1,elbanhawyAmbientAwarenessInterface2016,Towards an Ambient Awareness Interface for Home Battery Storage System,"Elbanhawy, Eiman Y. and Smith, Andrew F. G. and Moore, John",2016,,6,1.3,“Solar Power Ambient Light”,"Ambient Light, solar battery storage level and import/export to power grid mapped to color",YES,ADAIS,"PROTOTYPE,USECASE",INCREASE_AWARENESS,RESOURCES,HOME,,,,,,,,,CONTINUOUS,MAKE_AWARE,VISUAL,HOUSEHOLD,MEDIUM,LED,FAMILIAR,YES,2,HOURS,IN_SITU,USERS,PRESENTATION,INTERVIEW,[NA],SUBJECTIVE,NONE,PRESENCE,"AUGMENTATION,PERIPHERAL_PLACEMENT",NO,NA,NOT_MENTIONED,,,
ekm3j44l9eg,1,plauePictureWorthThousand2004,Is a Picture Worth a Thousand Words? An Evaluation of Information Awareness Displays,"Plaue, Christopher and Miller, Todd and Stasko, John",2004,,85,5.2,InfoCanvas,Electronic display showing awareness information as a graphical beach scene where objects encode data values,NO,ADAIS,EVAL,INCREASE_AWARENESS,"ENVIRONMENT,EVENTS,SOCIAL,OTHER",WORKPLACE,,,,,,,,,CONTINUOUS,USER_POLL,VISUAL,PERSONAL,HIGH,SCREEN,ART,YES,49,HOURS,IN_LAB,USERS,PROTOTYPE,QUESTIONNAIRE,[NA],[NA],NONE,PRESENCE,"CAMOUFLAGE,PERIPHERAL_PLACEMENT",NO,NA,NOT_MENTIONED,,,
ekn4zpg2cwg,1,anClassBeaconsEnhancingReflectionAction2019,ClassBeacons: Enhancing Reflection-in-Action of Teachers through Spatially Distributed Ambient Information,"An, Pengcheng and Bakker, Saskia and Ordanovski, Sara and Taconis, Ruurd and Paffen, Chris L. E. and Eggen, Berry",2019,,7,4.7,ClassBeacons,,,,,,,EDUCATION,,,,,,,,,,,,,,,,YES,,,,,,INTERVIEW,,,,,,,,,,,
em9ywmmxl3s,1,consolvoActivitySensingWild2008,Activity Sensing in the Wild: A Field Trial of Ubifit Garden,"Consolvo, Sunny and Libby, Ryan and Smith, Ian and Landay, James A. and McDonald, David W. and Toscos, Tammy and Chen, Mike Y. and Froehlich, Jon and Harrison, Beverly and Klasnja, Predrag and LaMarca, Anthony and LeGrand, Louis",2008,,1285,102.8,Ubifit Garden,A glanceable garden image on a mobile phone wallpaper where flowers and butterflies represent physical activities and goal attainment to encourage exercise,YES,ADAIS,PROTOTYPE,BEHAVIOURAL_CHANGE,HEALTH,"HOME,EXERCISE,WORKPLACE",,,,,,,,,CONTINUOUS,USER_POLL,VISUAL,PERSONAL,MEDIUM,SCREEN,"ASSOCIATED,ART",YES,12,WEEKS,IN_SITU,USERS,PROTOTYPE,"INTERVIEW,QUESTIONNAIRE",[NA],SUBJECTIVE,NONE,PRESENCE,"PERIPHERAL_PLACEMENT,CAMOUFLAGE",NO,NA,NOT_MENTIONED,,,
emeblmtomih,1,dahleyWaterLampPinwheels1998,Water Lamp and Pinwheels: Ambient Projection of Digital Information into Architectural Space,"Dahley, Andrew and Wisneski, Craig and Ishii, Hiroshi",1998,,197,8.8,Pinwheels,,,,,INCREASE_AWARENESS,,WORKPLACE,,,,,,,,,,,,,,,,NO,,,,,,,,,,,,,,,,,
en1jgyluh6r,1,linBeWellMultidimensionalWellbeing2012,BeWell+: Multi-dimensional Wellbeing Monitoring with Community-Guided User Feedback and Energy Optimization,"Lin, Mu and Campbell, Andrew T. and Choudhury, Tanzeem and Lane, Nicholas D. and Mohammod, Mashfiqui and Yang, Xiaochao and Lu, Hong and Cardone, Giuseppe and Ali, Shahid and Doryab, Afsaneh and Berke, Ethan",2012,,67,7.9,BeWell+,"Aquatic ecosystem as smart phone background to represent social activity, physical activity and sleep patterns",YES,"AS,ADAIS","PROTOTYPE,DEV,EVAL,USECASE",INCREASE_AWARENESS,"RESOURCES,HEALTH","HOME,WORKPLACE,MEDICAL",,,,,,,,,CONTINUOUS,USER_POLL,VISUAL,PERSONAL,MEDIUM,SCREEN,ARTIFICIAL,YES,27,DAYS,IN_SITU,USERS,PROTOTYPE,INTERVIEW,[NA],"OBJECTIVE,SUBJECTIVE",NONE,PRESENCE,AUGMENTATION,NO,NA,NOT_MENTIONED,,,
enfa9x50kjb,1,manaSecureAgentComputing2007,Towards Secure Agent Computing for Ubiquitous Computing and Ambient Intelligence,"Maña, Antonio and Muñoz, Antonio and Serrano, Daniel",2007,,25,1.9,,,,,,,,,,,,,,,,,,,,,,,,,,,,,,,,,,,,,,,,,
enhmfkxkleo,1,ottExploringInteractiveInformation2019,Exploring Interactive Information Radiators – A Longitudinal Real-World Case Study,"Ott, Florian and Koch, Michael",2019,,3,2,,,,,,,,,,,,,,,,,,,,,,,,YES,,,,,,INTERVIEW,,,,,,,,,,,
eoecdfoc2xt,1,hindusCasablancaDesigningSocial2001,Casablanca: Designing Social Communication Devices for the Home,"Hindus, Debby and Mainwaring, Scott D. and Leduc, Nicole and Hagström, Anna Elizabeth and Bayley, Oliver",2001,,378,19.4,ScanBoard,"A wall- or fridge-mounted scanner and touchscreen device that lets households share scanned notes, photos and clippings on a shared message board",YES,ADAIS,PROTOTYPE,OTHER,SOCIAL,HOME,,,,,,,,,OBJECT,USER_POLL,VISUAL,FAMILY,HIGH,SCREEN,ARTIFICIAL,NO,,HOURS,IN_PRESENTATION,EXPERTS,WOZ,"COMMENTS,OBSERVATION",[NA],[NA],NONE,"PUSH,PULL",PERIPHERAL_PLACEMENT,YES,NONE,NOT_MENTIONED,,,
eon2f49gks,1,mohammadiAmbientAssistedLiving2019,Ambient Assisted Living Case Study,"Mohammadi, NG",2019,,,0,,,,,,ASSISTED_LIVING,,,,,,,,,,,,,,,,,,,,,,,,,,,,,,,,,,,
eq52nq8gns,1,rashidLivingLabsAls2011,Living Labs Als Forschungsansatz Für Ambient Assisted Living (AAL).,"Rashid, A and Zentek, T and Strnad, O",2011,,3,0.3,,,,,,ASSISTED_LIVING,,,,,,,,,,,,,,,,,,,,,,,,,,,,,,,,,,,
eqobub7ngck,1,wojciechowskiContextModelingAmbient2008,On Context Modeling in Ambient Assisted Living,"Wojciechowski, M and Xiong, J",2008,,6,0.5,,,,,,ASSISTED_LIVING,,,,,,,,,,,,,,,,,,,,,,,,,,,,,,,,,,,
eqp0bwut6nw,1,ishiiBottlesTransparentInterface2004,Bottles: A Transparent Interface as a Tribute to Mark Weiser,"Ishii, Hiroshi",2004,,84,5.1,Bottles,"Listen to music, know weather forecast. Open/Closing bottles will play favourite music or weather forecast.",YES,"UI,ADAIS","PROTOTYPE,CONCEPT,DEV",OTHER,HEALTH,"MEDICAL,HOME",,,,,,,,,OBJECT,USER_POLL,VISUAL,PUBLIC,MEDIUM,"LED,SPEAKER","FAMILIAR,ART",NO,2000,HOURS,IN_SITU,USERS,PROTOTYPE,"OBSERVATION,COMMENTS",[NA],[NA],SPATIAL_OBJECT_BINDING,PULL,AUGMENTATION,YES,"FAILURE,FABRICATION",NOT_MENTIONED,,,
er22nhztbo,1,vellosoAmbiGazeDirectControl2016,AmbiGaze: Direct Control of Ambient Devices by Gaze,"Velloso, Eduardo and Wirth, Markus and Weichel, Christian and Esteves, Augusto and Gellersen, Hans",2016,,59,13.1,AmbiGaze,,YES,UI,"USECASE,PROTOTYPE",,,HOME,,,,,,,,,,,,,,,,YES,,,,,,QUESTIONNAIRE,,,,,,,,,,,
ernh0r0kw04,1,bakkerPeripheralInteractionChallenges2016,Peripheral Interaction: Challenges and Opportunities for HCI in the Periphery of Attention,"Bakker, Saskia and Hausen, Doris and Selker, Ted",2016,,14,3.1,,,,,,,,"HOME,EDUCATION",,,,,,,,,,,,,,,,NO,,,,,,,,,,,,,,,,,
erqkbyesco,1,minakuchiKineticTypographyAmbient2008,Kinetic Typography for Ambient Displays,"Minakuchi, Mitsuru and Kidawara, Yutaka",2008,,4,0.3,AmbientMailer,"An ambient display that notifies users of e-mail messages using kinetic typography, paired with RFID cards and a mail terminal for full message access",YES,ADAIS,"PROTOTYPE,USECASE","NOTIFICATION,INCREASE_AWARENESS","EVENTS,SOCIAL",WORKPLACE,,,,,,,,,EVENT,MAKE_AWARE,VISUAL,PERSONAL,HIGH,SCREEN,ARTIFICIAL,NO,,,,,,,,,NONE,"PUSH,PRESENCE",PERIPHERAL_PLACEMENT,YES,NONE,NOT_MENTIONED,,,
es8z5721j6r,1,agrawalaTwouserResponsiveWorkbench1997,The Two-User Responsive Workbench: Support for Collaboration through Individual Views of a Shared Space,"Agrawala, Maneesh and Beers, Ac and McDowall, I",1997,,376,16,,,,,,,,EDUCATION,,,,,,,,,,,,,,,,NO,,,,,,,,,,,,,,,,,
eso6kot2jop,1,jacobsReachDynamicTextile2005,Reach: Dynamic Textile Patterns for Communication and Social Expression,"Jacobs, Margot and Worbin, Linda",2005,,31,2,Reach,"Wearable textile items (hats, scarves, bags) with dynamic patterns that change based on proximity, social contact, and environmental conditions",YES,ADAIS,PROTOTYPE,INCREASE_AWARENESS,"SOCIAL,RESOURCES","URBAN,SOCIAL",,,,,,,,,USER,CHANGE_BLIND,VISUAL,PUBLIC,LOW,LED,FAMILIAR,NO,,,,,,,,,NONE,PRESENCE,AUGMENTATION,YES,POWER,NOT_MENTIONED,,,
et1ez0jso49,1,sixsmithSOPRANOAmbientAssisted2009,SOPRANO: An Ambient Assisted Living System for Supporting Older People at Home,"Sixsmith, A.J. and Müller, S. and Klein, M. and Bierhoff, I. and Berlo, A. Van and Delaney, S. and Avatangelou, E. and Arnaudov, V.",2009,,68,5.9,SOPRANO,,,,,ASSISTED_LIVING,,,,,,,,,,,,,,,,,,,,,,,,,,,,,,,,,,,
etkcuzd9zba,1,wozniakMaintainingProperConditions2012,Maintaining Proper Conditions in Quiet Study Rooms with Ambient Influence,"Wozniak, Pawel and Romanowski, Andrzej and Proborszcz, Filip and Borkowska, Martyna and Stozek, Dominik and Koczorowicz, Bartosz",2012,,3,0.4,subRosa,An ambient display projecting or showing imagery (e.g. a rotting tomato) on a canvas/LCD screen that changes with room noise levels to encourage quiet in a study room,YES,ADAIS,PROTOTYPE,"BEHAVIOURAL_CHANGE,INCREASE_AWARENESS",ENVIRONMENT,EDUCATION,,,,,,,,,CONTINUOUS,CHANGE_BLIND,VISUAL,PUBLIC,MEDIUM,SCREEN,ART,YES,25,DAYS,IN_SITU,USERS,PROTOTYPE,QUESTIONNAIRE,[NA],"SUBJECTIVE,OBJECTIVE",NONE,PRESENCE,"PERIPHERAL_PLACEMENT,CAMOUFLAGE",NO,NA,NOT_MENTIONED,,,
eu6ps3hurff,1,kunnappillyANovelIntegrated2017,A Novel Integrated Architecture for Ambient Assisted Living Systems,"Kunnappilly, Ashalatha and Sorici, Alexandru and Awada, Imad Alex and Mocanu, Irina and Seceleanu, Cristina and Florea, Adina Madga",2017,,9,2.6,,,,,,ASSISTED_LIVING,,,,,,,,,,,,,,,,,,,,,,,,,,,,,,,,,,,
ew1z23wdj9g,1,sandhausWOZStudyFeedforward2018,A WOZ Study of Feedforward Information on an Ambient Display in Autonomous Cars,"Sandhaus, Hauke and Hornecker, Eva",2018,,2,0.8,Untitled,Ceiling-mounted oval LED light display in an autonomous car that communicates upcoming driving decisions via colored light animations in passengers' peripheral vision,YES,ADAIS,"PROTOTYPE,EVAL,USECASE","INCREASE_AWARENESS,NOTIFICATION","SAFETY,EVENTS",TRANSPORT,,,,,,,,,EVENT,MAKE_AWARE,VISUAL,PUBLIC,MEDIUM,LED,FAMILIAR,YES,14,HOURS,IN_SITU,USERS,WOZ,QUESTIONNAIRE,[NA],SUBJECTIVE,NONE,PUSH,"PERIPHERAL_PLACEMENT,AUGMENTATION",YES,NONE,NOT_MENTIONED,,,
ewri4o3o216,1,sellenWhereaboutsClockEarly2006,The Whereabouts Clock: Early Testing of a Situated Awareness Device,"Sellen, Abigail and Eardley, Rachel and Izadi, Shahram and Harper, Richard",2006,,98,6.8,Whereabouts Clock,"Harry Potter – Weasley family clock, indicate where family membesr are via GSM cell ids",,,PROTOTYPE,INCREASE_AWARENESS,,"WORKPLACE,HOME",,,,,,,,,,,,,,,,NO,,,,,,,,,,,,,,,,,
exeimzuhxer,1,skogAestheticsUtilityDesigning1999,Between Aesthetics and Utility: Designing Ambient Information Visualizations,"Skog, Tobias and Ljungblad, Sara and Holmquist, Lars Erik",1999,,165,7.7,,,,,,,,,,,,,,,,,,,VISUAL,,,,,,,,,,,,,,,,,,,,,,
eya1xaqxtxe,1,seitingerLightBodiesExploring2010,Light Bodies: Exploring Interactions with Responsive Lights,"Seitinger, Susanne and Taub, Daniel M. and Taylor, Alex S.",2010,,20,1.9,Light Bodies,"Mobile, hand-held LED-based coloured lights that respond to audio and vibration input",YES,ADAIS,PROTOTYPE,OTHER,"SOCIAL,OTHER","URBAN,SOCIAL",,,,,,,,,EVENT,MAKE_AWARE,VISUAL,PUBLIC,MEDIUM,LED,"ART,ARTIFICIAL",NO,,HOURS,IN_SITU,USERS,PROTOTYPE,OBSERVATION,[NA],[NA],NONE,PRESENCE,PERIPHERAL_PLACEMENT,YES,SAFETY,NOT_MENTIONED,,,
ezd2g9xlup6,1,kanerGROWSmartBottle2018,GROW: A Smart Bottle That Uses Its Surface as an Ambient Display to Motivate Daily Water Intake,"Kaner, Gül and Genç, Hüseyin Uğur and Dinçer, Salih Berk and Erdoğan, Deniz and Coşkun, Aykut",2018,,1,0.4,Grow,Smart bottle with liquid level sensor that gives feedback on its surface using thermocromic print,YES,ADAIS,PROTOTYPE,BEHAVIOURAL_CHANGE,HEALTH,WORKPLACE,,,,,,,,,USER,MAKE_AWARE,VISUAL,PUBLIC,MEDIUM,SCREEN,FAMILIAR,YES,10,HOURS,IN_PRESENTATION,USERS,SIMULATION,INTERVIEW,[NA],[NA],NONE,PULL,AUGMENTATION,YES,NONE,NOT_MENTIONED,,,
f02c58ubgn5,1,tsirmpasNewMethodProfile2015,A New Method for Profile Generation in an Internet of Things Environment: An Application in Ambient-Assisted Living,"Tsirmpas, Charalampos and Anastasiou, Athanasios and Bountris, Panagiotis and Koutsouris, Dimitris",2015,,28,5.1,,,,IOT,,ASSISTED_LIVING,,,,,,,,,,,,,,,,,,,,,,,,,,,,,,,,,,,
f1gayhgvmgn,1,wakkaryMakingSenseGroup2008,Making Sense of Group Interaction in an Ambient Intelligent Environment for Physical Play,"Wakkary, Ron and Hatala, Marek and Jiang, Ying and Droumeva, Milena and Hosseini, Malahat",2008,,30,2.4,,,,,PROTOTYPE,,,,,,,,,,,,,,,,,,,YES,,,,,,QUESTIONNAIRE,,,,,,,,,,,
f4nkmm9d82,1,hazlewoodIssuesEvaluatingAmbient2011,Issues in Evaluating Ambient Displays in the Wild: Two Case Studies,"Hazlewood, William R. and Stolterman, Erik and Connelly, Kay",2011,,79,8.3,Student Feedback Orb,An Ambient Orb that changes color to reflect the average daily confidence levels of students for an instructor's course,YES,ADAIS,EVAL,INCREASE_AWARENESS,OTHER,WORKPLACE,,,,,,,,,CONTINUOUS,CHANGE_BLIND,VISUAL,PERSONAL,MEDIUM,LED,ARTIFICIAL,YES,6,MONTHS,IN_SITU,USERS,PROTOTYPE,"INTERVIEW,QUESTIONNAIRE",[NA],[NA],NONE,PRESENCE,PERIPHERAL_PLACEMENT,NO,NA,NOT_MENTIONED,,,
f5iys1b6cg,1,alaviAmbientAwarenessTool2012,An Ambient Awareness Tool for Supporting Supervised Collaborative Problem Solving,"Alavi, Hamed S and Dillenbourg, Pierre",2012,,58,6.8,Lantern,,,,,INCREASE_AWARENESS,,EDUCATION,,,,,,,,,,,,,,,,YES,,,IN_SITU,,,"INTERVIEW,QUESTIONNAIRE",,,,,,,,,,,
f5n33rdpak8,1,hausenPeripheralInteractionExploring2014,Peripheral Interaction - Exploring the Design Space,"Hausen, Doris",2014,,13,2,,,,,,,,,,,,,,,,,,,,,,,,YES,,,IN_SITU,,,,,,,,,,,,,,
f603i6qlim,1,bourkeEmbeddedFallActivity2012,Embedded Fall and Activity Monitoring for a Wearable Ambient Assisted Living Solution for Older Adults,"Bourke, A. K. and Prescher, S. and Koehler, F. and Cionca, V. and Tavares, C. and Gomis, S. and Garcia, V. and Nelson, J.",2012,,22,2.6,,,,AS,,ASSISTED_LIVING,,,,,,,,,,,,,,,,,,,,,,,,,,,,,,,,,,,
f6vnidp0kje,1,brazilInvestigatingAmbientAuditory2007,Investigating Ambient Auditory Information Systems,"Brazil, Eoin and Fernstrom, Mikael",2007,,20,1.5,,,,,,INCREASE_AWARENESS,,,,,,,,,,,,,AUDIO,,,,,YES,,,,,,"INTERVIEW,QUESTIONNAIRE",,,,,,,,,,,
f96r66kmc4d,2,williamson2007devices,Devices as Interactive Physical Containers: The Shoogle System,"Williamson, John and Murray-Smith, Roderick and Hughes, Stephen",2007,,7,0.5,Shoogle: Message Box,Haptics,,,PROTOTYPE,,,,,,,,,,,,,,,,,,,NO,,,,,,,,,,,,,,,,,
fadfphdckj,1,serranoFosteringUserParticipation2012,Fostering User Participation in Ambient Assisted Living Projects,"Serrano, J. Artur",2012,,3,0.4,,,,,,ASSISTED_LIVING,,,,,,,,,,,,,,,,,,,,,,,,,,,,,,,,,,,
fb1k70ia08i,1,shamiContextUseEvaluation2005,Context of Use Evaluation of Peripheral Displays (CUEPD),"Shami, N. Sadat and Leshed, Gilly and Klein, David",2005,,35,2.3,Weather Watcher,A peripheral software display on a computer desktop showing weather/temperature information,NO,ADAIS,EVAL,INCREASE_AWARENESS,ENVIRONMENT,"WORKPLACE,HOME",,,,,,,,,CONTINUOUS,USER_POLL,VISUAL,PERSONAL,MEDIUM,SCREEN,ARTIFICIAL,YES,10,HOURS,IN_LAB,USERS,FINAL,"HEURISTIC_EVALUATION,QUESTIONNAIRE",[NA],[NA],NONE,PRESENCE,PERIPHERAL_PLACEMENT,NO,NA,NOT_MENTIONED,,,
fc5l4b4c976,1,dadlaniDistributedUserInterfaces2011,Distributed User Interfaces in Ambient Intelligent Environments: A Tale of Three Studies,"Dadlani, P and Emparanza, J Peregrin and Markopoulos, P",2011,,5,0.5,Ambient Assisted Living Awareness System,Interactive photo frame that emits colored light auras presenting at-a-glance information about an elderly person's wellbeing to their adult children,YES,ADAIS,"PROTOTYPE,USECASE,EVAL","INCREASE_AWARENESS,ASSISTED_LIVING","HEALTH,SOCIAL",HOME,,,,,,,,,EVENT,MAKE_AWARE,VISUAL,FAMILY,MEDIUM,"SCREEN,LED",FAMILIAR,YES,,MONTHS,IN_SITU,USERS,PROTOTYPE,"INTERVIEW,COMMENTS",[NA],[NA],NONE,"PRESENCE,PULL",AUGMENTATION,YES,NONE,NOT_MENTIONED,,,
fcp3njg9jb4,1,falcoMulticollaborativeAmbientAssisted2014,A Multi-Collaborative Ambient Assisted Living Service Description Tool,"Falcó, JL and Vaquerizo, E and Artigas, JI",2014,,2,0.3,,,,,,ASSISTED_LIVING,,,,,,,,,,,,,,,,,,,,,,,,,,,,,,,,,,,
fd10h1od84b,1,nernirovskyGuideShoesNavigationBased1999,GuideShoes: Navigation Based on Musical Patterns,"Nernirovsky, Paul and Davenport, Glorianna",1999,,19,0.9,GuideShoes,"Wearable shoes equipped with GPS, modem, and MIDI synthesizer that deliver musical navigational cues through headphones",YES,ADAIS,"PROTOTYPE,USECASE","AID_IN_ACTIVITY,INCREASE_AWARENESS",OTHER,"TRANSPORT,URBAN",,,,,,,,,CONTINUOUS,MAKE_AWARE,AUDIO,PERSONAL,MEDIUM,SPEAKER,ARTIFICIAL,NO,20,HOURS,IN_LAB,USERS,REDUCED_PROTOTYPE,QUESTIONNAIRE,[NA],[NA],NONE,PUSH,PERIPHERAL_PLACEMENT,YES,NONE,NOT_MENTIONED,,,
fdc4uh60ab,1,taherExploringInteractionsPhysically2015,Exploring Interactions with Physically Dynamic Bar Charts,"Taher, Faisal and Hardy, John and Karnik, Abhijit and Weichel, Christian and Jansen, Yvonne and Hornbæk, Kasper and Alexander, Jason",2015,,90,16.4,EMERGE,,,,,,,WORKPLACE,,,,,,,,,,,,,,,,YES,,,,,,QUESTIONNAIRE,,,,,,,,,,,
fdpep7y3dwg,1,kimuraMOSSxelsSlowChanging2014,MOSS-xels: Slow Changing Pixels Using the Shape of Racomitrium Canescens,"Kimura, Takaki and Kakehi, Yasuaki",2014,,13,2,MOSS-Xels,Pixels made of moss that grow deoendent on water absorptions,,,,,,,,,,,,,,,,,,,,,,NO,,,,,,,,,,,,,,,,,
fe0clyxfh9a,1,gross-vogtAugmentationInstitutesKitchen2018,Augmentation of an Institute's Kitchen: An Ambient Auditory Display of Electric Power Consumption,"Groß-Vogt, Katharina and Weger, Marian and Höldrich, Robert and Hermann, Thomas and Bovermann, Till and Reichmann, Stefan",2018,,3,1.2,Augmented Kitchen,An auditory display that adds artificial reverberation to a kitchen's acoustics based on electric power consumption,YES,ADAIS,"PROTOTYPE,USECASE,EVAL",INCREASE_AWARENESS,RESOURCES,HOME,,,,,,,,,CONTINUOUS,CHANGE_BLIND,AUDIO,GROUP,MEDIUM,SPEAKER,ASSOCIATED,YES,14,WEEKS,IN_SITU,"USERS,EXPERTS",PROTOTYPE,"QUESTIONNAIRE,COMMENTS",[NA],[NA],NONE,PRESENCE,"AUGMENTATION,MIMICRY",NO,NA,NOT_MENTIONED,,,
fecjmkmu1jp,1,queirosAmbientAssistedLiving2013,Ambient Assisted Living and the Integration and Personalization of Care Services,"Queirós, Alexandra and da Rocha, Nelson Pacheco",2013,,1,0.1,,,,,,ASSISTED_LIVING,,,,,,,,,,,,,,,,,,,,,,,,,,,,,,,,,,,
fep4w6tst7,1,sankarInternetThingsBased2018,Internet of Things Based Ambient Assisted Living for Elderly People Health Monitoring,"Sankar, S. and Srinivasan, P. and Saravanakumar, R.",2018,,2,0.8,,,,"IOT,AS",,ASSISTED_LIVING,,,,,,,,,,,,,,,,,,,,,,,,,,,,,,,,,,,
ffsan7atl7e,1,gomez-sanzMultipleDataStream2016,A Multiple Data Stream Management Framework for Ambient Assisted Living Emulation,"Gómez-Sanz, Jorge J. and Sánchez, Pablo Campillo",2016,,2,0.4,,,,,,ASSISTED_LIVING,,,,,,,,,,,,,,,,,,,,,,,,,,,,,,,,,,,
fg7xvf9gn4o,1,perezServiceorientedDeviceIntegration2009,Service-Oriented Device Integration for Ubiquitous Ambient Assisted Living Environments,"Pérez, Javier Andréu and Álvarez, Juan Antonio and Fernández-Montes, Alejandro and Ortega, Juan Antonio",2009,,10,0.9,,,,,,ASSISTED_LIVING,,,,,,,,,,,,,,,,,,,,,,,,,,,,,,,,,,,
fge4nagwjs4,1,hiliaTrendsChallengesFormal2013,Trends and Challenges in Formal Specification and Verification of Services Composition in Ambient Assisted Living Applications.,"Hilia, M and Chibani, A and Djouani, K",2013,,7,0.9,,,,,,ASSISTED_LIVING,,,,,,,,,,,,,,,,,,,,,,,,,,,,,,,,,,,
fgsgmvybfmv,1,liuMdpbasedReliabilityAnalysis2014,Mdp-Based Reliability Analysis of an Ambient Assisted Living System,"Liu, Y and Gui, L and Liu, Y",2014,,9,1.4,,,,,,ASSISTED_LIVING,,,,,,,,,,,,,,,,,,,,,,,,,,,,,,,,,,,
fgytmvono1q,1,caballero-gilAmbientAssistedLiving2018,Ambient Assisted Living and Ambient Intelligence for Health,"Caballero-Gil, Pino and Georgieva, Lilia and Brankovic, Ljiljana and Burmester, Mike",2018,,,0,,,,,,ASSISTED_LIVING,,,,,,,,,,,,,,,,,,,,,,,,,,,,,,,,,,,
fkr78izm2iu,1,elUnderstandingAmbientAssisted2019,"Understanding the Ambient Assisted Living Systems: Concepts, Architectural Trends and Challenges","El, MA and Anouar, A",2019,,1,0.7,,,,,,ASSISTED_LIVING,,,,,,,,,,,,,,,,,,,,,,,,,,,,,,,,,,,
fl0ndauk6yi,1,tentoriMonitoringHospitalPatients2009,Monitoring Hospital Patients Using Ambient Displays,"Tentori, Monica and Segura, Daniela and Favela, Jesus",2009,,10,0.9,,,,"AS,ADAIS",,,,,,,,,,,,,,,,,,,,,,,,,,,,,,,,,,,,,
flac6kbvz49,1,allegreNonintrusiveContextawareSystem2013,A Non-Intrusive Context-Aware System for Ambient Assisted Living in Smart Home,"Allegre, W and Burger, T and Antoine, JY and Berruet, P",2013,,5,0.7,,,,,,ASSISTED_LIVING,,,,,,,,,,,,,,,,,,,,,,,,,,,,,,,,,,,
fm86ref6ez5,1,morenoAALUMOUserModel2014,AALUMO: A User Model Ontology for Ambient Assisted Living Services Supported in next-Generation Networks,"Moreno, P. A. and Hernando, M. E. and Gómez, E. J.",2014,,5,0.8,AALUMO,,,,,ASSISTED_LIVING,,,,,,,,,,,,,,,,,,,,,,,,,,,,,,,,,,,
fmqey6onal,1,sumiCollageVideoSound2005,Collage of Video and Sound for Raising the Awareness of Situated Conversations,"Sumi, Yasuyuki and Mase, Kenji and Müller, Christof and Iwasawa, Shoichiro and Ito, Sadanori and Takahashi, Masashi and Kumagai, Ken and Otaka, Yusuke and Tsuchikawa, Megumu and Katagiri, Yasuhiro and Nishida, Toyoaki",2005,,15,1,Ambient Sound Shower,A wearable system that plays ambient mixes of past visitors' conversations through earphones to convey the atmosphere of an exhibition site,YES,ADAIS,"PROTOTYPE,USECASE","INCREASE_AWARENESS,AID_IN_ACTIVITY",SOCIAL,OTHER,,,,,,,,,USER,MAKE_AWARE,"AUDIO,VISUAL",PERSONAL,MEDIUM,SCREEN,ASSOCIATED,NO,,,,,,,,,NONE,PUSH,PERIPHERAL_PLACEMENT,YES,NONE,NOT_MENTIONED,,,
fo651idt76b,2,leshedVisualizingRealTimeLanguageBased2009,Visualizing Real-Time Language-Based Feedback on Teamwork Behavior in Computer-Mediated Groups,"Leshed, Gilly and Perez, Diego and Hancock, Jeffrey T and Cosley, Dan and Birnholtz, Jeremy and Lee, Soyoung and McLeod, Poppy L and Gay, Geri",2009,,73,6.3,GroupMeter: Bar graph,Horizontal stacked bars in a chatroom showing team members' word count and proportion of agreement words,YES,ADAIS,"PROTOTYPE,EVAL,USECASE","INCREASE_AWARENESS,BEHAVIOURAL_CHANGE",SOCIAL,"WORKPLACE,EDUCATION",,,,,,,,,CONTINUOUS,CHANGE_BLIND,VISUAL,GROUP,MEDIUM,SCREEN,ARTIFICIAL,YES,25,HOURS,IN_SITU,USERS,PROTOTYPE,"INTERVIEW,QUESTIONNAIRE",[NA],"SUBJECTIVE,OBJECTIVE",NONE,PRESENCE,PERIPHERAL_PLACEMENT,NO,NA,NOT_MENTIONED,,,
fofrgm99bo,1,ausinBenchmarkingResultsSemantic2012,Benchmarking Results of Semantic Reasoners Applied to an Ambient Assisted Living Environment,"Ausín, David and Castanedo, Federico and López-de-Ipiña, Diego",2012,,2,0.2,,,,,,ASSISTED_LIVING,,,,,,,,,,,,,,,,,,,,,,,,,,,,,,,,,,,
fp3lsumg6fr,1,shenLongtermEvaluationFisherman2008,The Long-Term Evaluation of Fisherman in a Partial-Attention Environment,"Shen, Xiaobin and Moere, Andrew Vande and Eades, Peter and Hong, Seokhee",2008,,13,1,Fisherman,"An ambient display using a fishing metaphor (color, number of trees, position of boat, fog) to convey information in a semi-public workplace",NO,ADAIS,EVAL,INCREASE_AWARENESS,OTHER,WORKPLACE,,,,,,,,,CONTINUOUS,CHANGE_BLIND,VISUAL,PUBLIC,MEDIUM,SCREEN,ART,YES,30,MONTHS,IN_SITU,USERS,PROTOTYPE,"INTERVIEW,QUESTIONNAIRE",[NA],[NA],NONE,PRESENCE,"PERIPHERAL_PLACEMENT,CAMOUFLAGE",NO,NA,NOT_MENTIONED,,,
fpmfe6u8ntf,1,schwedeAugmentedRealityDisplay2017,Augmented Reality Display of Social Media Profiles: Analyzing the “Synthetic Situation” in a Sociological Interaction-Experiment,"Schwede, Carsten and Reichmann, Werner",2017,,,0,Augmented Reality Display of Social Media Profiles,Spatial augmented-reality display using projectors and tracking cameras showing bubbles of social media profile data as circles around participants and connections to others,YES,ADAIS,PROTOTYPE,INCREASE_AWARENESS,SOCIAL,SOCIAL,YES,Overlap in Social Media Profiles,VIRTUAL,Connecting bubbles.,,,,,CONTINUOUS,MAKE_AWARE,VISUAL,GROUP,HIGH,PROJECTION,ARTIFICIAL,YES,114,HOURS,IN_LAB,USERS,FINAL,"QUESTIONNAIRE,INTERVIEW",[NA],"SUBJECTIVE,OBJECTIVE",NONE,PRESENCE,PERIPHERAL_PLACEMENT,YES,NONE,NOT_MENTIONED,,,
fpppbn381vk,1,wallaceDigitalJewelleryFamily2007,Digital Jewellery and Family Relationships,"Wallace, Jayne and Jackson, Dan and Ladha, Cas and Olivier, Patrick and Monk, Andrew and Blythe, Mark and Wright, Peter",2007,,9,0.7,Journeys between ourselves,Haptics,,,,INCREASE_AWARENESS,SOCIAL,"HOME,WORKPLACE",,,,,,,,,,,,FAMILY,,,,NO,,,,,,,,,,,,,,,,,
fqq7uim2kyi,1,wisneskiAmbientDisplaysTurning1998,Ambient Displays: Turning Architectural Space into an Interface between People and Digital Information,"Wisneski, Craig and Ishii, Hiroshi and Dahley, Andrew and Gorbet, Matt and Brave, Scott and Ullmer, Brygg and Yarin, Paul",1998,,671,29.8,ambientROOM,Increase awareness of remote events,NO,"ADAIS,ADAIS","CONCEPT,PROTOTYPE,DEV,ISSUES",INCREASE_AWARENESS,"SOCIAL,ENVIRONMENT,EVENTS,OTHER",WORKPLACE,,,,,,,,,CONTINUOUS,MAKE_AWARE,"VISUAL,AUDIO,AIRMOVE,POS",PERSONAL,MEDIUM,"PROJECTION,MOTOR,SPEAKER,LED","ART,ASSOCIATED",NO,0,,,,,,,,"PERIPHERAL_ATTENTION,AWARENESS_CONSCIOUSNESS,SPATIAL_OBJECT_BINDING","PRESENCE,PULL","PERIPHERAL_PLACEMENT,MIMICRY",YES,"NOISE,OTHER",NOT_MENTIONED,,,
fs2tttxxw4m,1,hazlewoodDesigningAmbientMusical2008,Designing Ambient Musical Information Systems.,"Hazlewood, WR and Knopke, I",2008,,2,0.2,,,,ADAIS,,,,,,,,,,,,,,,AUDIO,,,,,,,,,,,,,,,,,,,,,,
ftir9jd21x9,1,spasovaComputerVisionWireless2012,Computer Vision and Wireless Sensor Networks in Ambient Assisted Living: State of the Art and Challenges,"Spasova, V and Iliev, I",2012,,10,1.2,,,,AS,,ASSISTED_LIVING,,,,,,,,,,,,,,,,,,,,,,,,,,,,,,,,,,,
fubfa24aw38,1,abowdContextawarenessWearableUbiquitous1998,Context-Awareness in Wearable and Ubiquitous Computing,"Abowd, D and Dey, AK and Orr, R and Brotherton, J",1998,,354,15.7,,,,,,,,,,,,,,,,,,,,,,,,,,,,,,,,,,,,,,,,,
fuxr7guwtfr,1,pavon-pulidoServiceRobotMonitoring2014,A Service Robot for Monitoring Elderly People in the Context of Ambient Assisted Living,"Pavón-Pulido, Nieves and López-Riquelme, Juan Antonio and Ferruz-Melero, Joaquín and Vega-Rodríguez, Miguel Ángel and Barrios-León, Antonio José",2014,,16,2.5,,,,AS,,ASSISTED_LIVING,,,,,,,,,,,,,,,,,,,,,,,,,,,,,,,,,,,
fvdctgwllqf,1,heinActivityRecognitionAmbient2008,Activity Recognition for Ambient Assisted Living: Potential and Challenges,"Hein, A and Kirste, T",2008,,18,1.4,,,,,,ASSISTED_LIVING,,,,,,,,,,,,,,,,,,,,,,,,,,,,,,,,,,,
fw1pth5sy9r,1,morrisBiofeedbackRevisitedDynamic2006,Biofeedback Revisited: Dynamic Displays to Improve Health Trajectories,"Morris, Margaret",2006,,4,0.3,Solar model of Social Engagement,A solar system display where the elder is the sun and friends/family are planets that move inward with greater social contact,YES,ADAIS,"PROTOTYPE,USECASE","INCREASE_AWARENESS,BEHAVIOURAL_CHANGE","SOCIAL,HEALTH","MEDICAL,HOME",,,,,,,,,CONTINUOUS,USER_POLL,VISUAL,PERSONAL,MEDIUM,SCREEN,ART,NO,,MONTHS,IN_SITU,USERS,PROTOTYPE,,,,NONE,PRESENCE,CAMOUFLAGE,NO,NA,NOT_MENTIONED,,,
fx1hxi3v5v,1,appiahHumanBehaviouralAnalysis2014,Human Behavioural Analysis with Self-Organizing Map for Ambient Assisted Living,"Appiah, Kofi and Hunter, Andrew and Lotfi, Ahmad and Waltham, Christopher and Dickinson, Patrick",2014,,13,2,,,,,,ASSISTED_LIVING,,,,,,,,,,,,,,,,,,,,,,,,,,,,,,,,,,,
fy1j1zx9t2,1,mcnaullFlexibleContextAware2014,Flexible Context Aware Interface for Ambient Assisted Living,"McNaull, James and Augusto, Juan Carlos and Mulvenna, Maurice and McCullagh, Paul",2014,,17,2.6,,,,,,ASSISTED_LIVING,,,,,,,,,,,,,,,,,,,,,,,,,,,,,,,,,,,
fy94av1se8p,1,bruderExperiencesDevelopingTesting2015,Experiences in Developing and Testing an Ambient Assisted Living Course for Further Education,"Bruder, Ilvio and Heuer, Andreas and Karopka, Thomas and Schuldt, Juliane and Kosche, Kerstin",2015,,4,0.7,,,,,,ASSISTED_LIVING,,,,,,,,,,,,,,,,,,,,,,,,,,,,,,,,,,,
fzs8i5vralq,1,kimTenereDesignSupporting2009,The Ténéré: Design for Supporting Energy Conservation Behaviors,"Kim, Ju-Whan and Kim, Yun-Kyung and Nam, Tek-Jin",2009,,28,2.4,The Ténéré,Power extension cords and wall tap with an OLED display showing a tree narrative that degrades into a sculpture as electricity is overused,YES,ADAIS,"PROTOTYPE,USECASE","BEHAVIOURAL_CHANGE,INCREASE_AWARENESS",RESOURCES,WORKPLACE,,,,,,,,,CONTINUOUS,CHANGE_BLIND,VISUAL,HOUSEHOLD,HIGH,SCREEN,ASSOCIATED,NO,,,,,,,,,NONE,PRESENCE,AUGMENTATION,YES,POWER,NOT_MENTIONED,,,
fztwp3v4v15,1,mccarthyUniCastOutCastGroupCast2001,"UniCast, OutCast \& GroupCast: Three Steps Toward Ubiquitous, Peripheral Displays","McCarthy, Joseph F and Costa, Tony J and Liongosari, Edy S",2001,,232,11.9,UniCast,"A dedicated peripheral flat-panel display beside the primary workstation that cycles through user-configured content modules such as news, stocks, weather, webcams and presence information",YES,ADAIS,"PROTOTYPE,USECASE,DEV",INCREASE_AWARENESS,"EVENTS,SOCIAL,ENVIRONMENT,OTHER",WORKPLACE,,,,,,,,,CONTINUOUS,USER_POLL,VISUAL,PERSONAL,HIGH,SCREEN,ARTIFICIAL,NO,18,MONTHS,IN_SITU,USERS,PROTOTYPE,"INTERVIEW,COMMENTS,USAGE_STATISTIC",[NA],[NA],NONE,"PRESENCE,PULL",PERIPHERAL_PLACEMENT,NO,NA,YES,,,
g03yl919wjq,1,livingAmbientAssistedLiving2011,Ambient Assisted Living Joint Programme,"Living, AA",2011,,10,1.1,,,,,,ASSISTED_LIVING,,,,,,,,,,,,,,,,,,,,,,,,,,,,,,,,,,,
g09a383iyab,1,musaSeamlessSemanticService2010,Seamless Semantic Service Provisioning Mechanism for Ambient Assisted Living,"Musa, Muzaaliff W. and Mokhtari, Mounir and Ali, Borhanuddin M. and Rasid, M. F. A. and Ghorbel, Mahmoud",2010,,11,1,,,,,,ASSISTED_LIVING,,,,,,,,,,,,,,,,,,,,,,,,,,,,,,,,,,,
g1s0yuzbo,1,parnin2007design,Design Guidelines for Ambient Software Visualization in the Workplace,"Parnin, Chris and Gorg, Carsten",2007,,19,1.4,,,,,,,HEALTH,WORKPLACE,,,,,,,,,,,VISUAL,,,,,NO,,,,,,,,,,,,,,,,,
g2d9pc5wtfu,1,meinelAutomatedRealtimeSurveillance2014,Automated Real-Time Surveillance for Ambient Assisted Living Using an Omnidirectional Camera,"Meinel, Lars and Findeisen, Michel and Hes, Markus and Apitzsch, Andre and Hirtz, Gangolf",2014,,36,5.5,,,,,,ASSISTED_LIVING,,,,,,,,,,,,,,,,,,,,,,,,,,,,,,,,,,,
g3viuyun0n,1,zdravevskiImprovingActivityRecognition2017,Improving Activity Recognition Accuracy in Ambient-Assisted Living Systems by Automated Feature Engineering,"Zdravevski, Eftim and Lameski, Petre and Trajkovik, Vladimir and Kulakov, Andrea and Chorbev, Ivan and Goleva, Rossitza and Pombo, Nuno and Garcia, Nuno",2017,,79,22.6,,,,,,ASSISTED_LIVING,,,,,,,,,,,,,,,,,,,,,,,,,,,,,,,,,,,
g5n8f4rg9f,1,ngankamContextAwarenessArchitecture2020,Context Awareness Architecture for Ambient-Assisted Living Applications: Case Study of Nighttime Wandering,"Ngankam, Hubert Kenfack and Pigot, Hélène and Lorrain, Dominique and Viens, Isabelle and Giroux, Sylvain",2020,,,0,,,,,,ASSISTED_LIVING,,,,,,,,,,,,,,,,,,,,,,,,,,,,,,,,,,,
g68l2sa6op7,1,manuelAnAbELEmpoweringPeople2020,AnAbEL: Towards Empowering People Living with Dementia in Ambient Assisted Living,"Manuel, JG Gimenez and Augusto, JC",2020,,,0,AnAbEL,,,,,ASSISTED_LIVING,,,,,,,,,,,,,,,,,,,,,,,,,,,,,,,,,,,
g6ourotpf8p,1,maternAdaptiveAutomatedAmbiance2013,Adaptive and Automated Ambiance Surveillance and Event Detection for Ambient Assisted Living,"Matern, Dierck and Condurache, Alexandru and Mertins, Alfred",2013,,7,0.9,,,,,,ASSISTED_LIVING,,,,,,,,,,,,,,,,,,,,,,,,,,,,,,,,,,,
g6p3unu1kjq,1,bohnSocialEconomicEthical2005,"Social, Economic, and Ethical Implications of Ambient Intelligence and Ubiquitous Computing","Bohn, J. and Coroamă, V. and Langheinrich, M. and Mattern, F. and Rohs, M.",2005,,343,22.1,,,,,,,,,,,,,,,,,,,,,,,,,,,,,,,,,,,,,,,,,
g6r7iz4awxp,1,autexierIntelligentUmgebenAusgew2020,Intelligent Umgeben: Ausgewählte Einblicke in 10 Jahre Bremen Ambient Assisted Living Lab,"Autexier, S and Drechsler, R",2020,,,0,,,,,,ASSISTED_LIVING,,,,,,,,,,,,,,,,,,,,,,,,,,,,,,,,,,,
g7e2qwdi175,1,dorronzoroDesignImplementationPrototype2015,Design and Implementation of a Prototype with a Standardized Interface for Transducers in Ambient Assisted Living,"Dorronzoro, E and Gómez, I and Medina, AV and Gómez, JA",2015,,6,1.1,,,,,,ASSISTED_LIVING,,,,,,,,,,,,,,,,,,,,,,,,,,,,,,,,,,,
g80b9yv198v,1,ferreiraBreakoutPredictingBreaking2014,Breakout: Predicting and Breaking Sedentary Behaviour at Work,"Ferreira, Maria José and Caraban, Ana Karina and Karapanos, Evangelos",2014,,7,1.1,Breakout,Desktop system with an origami sculpture and dynamic wallpapers that reflect users' posture and stress to recommend breaks from sedentary behaviour,YES,ADAIS,"PROTOTYPE,EVAL","BEHAVIOURAL_CHANGE,INCREASE_AWARENESS",HEALTH,WORKPLACE,,,,,,,,,CONTINUOUS,MAKE_AWARE,POS,PERSONAL,MEDIUM,"MOTOR,LED,SCREEN",ART,YES,10,DAYS,IN_SITU,USERS,REDUCED_PROTOTYPE,"QUESTIONNAIRE,USAGE_STATISTIC",[NA],[NA],NONE,"PRESENCE,PUSH","PERIPHERAL_PLACEMENT,CAMOUFLAGE",YES,NONE,NOT_MENTIONED,,,
g88kpoup9bb,1,nazarioQualityContextEvaluating2014,A Quality of Context Evaluating Approach in an Ambient Assisted Living E-Health System,"Nazário, DC and Todesco, JL and Dantas, MAR",2014,,4,0.6,,,,,,ASSISTED_LIVING,,,,,,,,,,,,,,,,,,,,,,,,,,,,,,,,,,,
g8nd6av25vm,1,seifriedCRISTALCollaborativeHome2009,CRISTAL: A Collaborative Home Media and Device Controller Based on a Multi-touch Display,"Seifried, Thomas and Haller, Michael and Scott, Stacey D. and Perteneder, Florian and Rendl, Christian and Sakamoto, Daisuke and Inami, Masahiko",2009,,83,7.2,CRISTAL,,,,,,,HOME,,,,,,,,,,,,,,,,YES,,,,,,"INTERVIEW,QUESTIONNAIRE",,,,,,,,,,,
gcr7u3japea,1,hausenEvaluatingPeripheralInteraction2013,Evaluating Peripheral Interaction,"Hausen, Doris and Tabard, Aurélien and von Thermann, Attila and Holzner, Kerstin and Butz, Andreas",2013,,15,2,,,,,PROTOTYPE,,,,,,,,,,,,,,,,,,,YES,,,IN_SITU,,,"INTERVIEW,QUESTIONNAIRE",,,,,,,,,,,
gdfsl6jwp3a,1,moereAESTHETICDATAVISUALIZATION2007,Aesthetic Data Visualization as a Resource for Education Creative Design,"Moere, Andrew Vande",2007,,14,1,,,,,,,HEALTH,WORKPLACE,,,,,,,,,,,VISUAL,,,,,NO,,,,,,,,,,,,,,,,,
gdv5tdkbhs,1,lightTroublingFuturesCan2015,Troubling Futures: Can Participatory Design Research Provide a Generative Anthropology for the 21st Century?,"Light, Ann",2015,,29,5.3,,,,,,,,,,,,,,,,,,,,,,,,,,,,,,,,,,,,,,,,,
ge16lqsfo9t,1,rahimServiceOrientedMiddleware2015,A Service Oriented Middleware for Smart Home and Ambient Assisted Living,"Rahim, Mohd. Rozaini Bin Abd and Fisal, Norsheila and Rashid, Rozeha A. and Khalid, Zubair",2015,,2,0.4,,,,,,ASSISTED_LIVING,,,,,,,,,,,,,,,,,,,,,,,,,,,,,,,,,,,
ge2b66n3819,1,aartsNewEverydayViews2003,The New Everyday: Views on Ambient Intelligence,"Aarts, Emile and Marzano, Stefano",2003,,559,31.9,LISy,Living Room Information System. Speech recognition (What happened in the news todays) Also does semantic analysis of TV broadcasts and puts them in personal database for easier finding later on.,YES,"UI,AMI",USECASE,UNSTATED,OTHER,HOME,,,,,,,,,,,,,,,NA,NO,0,,,,,,,,NONE,,,NA,NA,NA,,,
gfdbz1i4kbg,1,villarroelWirelessSmartEnvironment2014,Wireless Smart Environment in Ambient Assisted Living for People That Suffer from Cognitive Disabilities,"Villarroel, MJ and Villarroel, CH",2014,,3,0.5,,,,,,ASSISTED_LIVING,,,,,,,,,,,,,,,,,,,,,,,,,,,,,,,,,,,
gfgbnp8op7m,1,chiriacAmbientAssistedLiving2012,An Ambient Assisted Living Monitoring System for Activity Recognition–Results from the First Evaluation Stages,"Chiriac, S and Rosales, B",2012,,10,1.2,,,,AS,,ASSISTED_LIVING,,,,,,,,,,,,,,,,,,,,,,,,,,,,,,,,,,,
gfx9brp91hm,1,castillejoModelingUsersContext2014,"Modeling Users, Context and Devices for Ambient Assisted Living Environments","Castillejo, E and Almeida, A and López-de-Ipina, D and Chen, L",2014,,19,2.9,,,,,,ASSISTED_LIVING,,,,,,,,,,,,,,,,,,,,,,,,,,,,,,,,,,,
ggrzp2tt8m,1,sernaniUsing3DSimulators2014,Using 3D Simulators for the Ambient Assisted Living,"Sernani, P and Claudi, A and Calvaresi, P and Accattoli, D",2014,,8,1.2,,,,,,ASSISTED_LIVING,,,,,,,,,,,,,,,,,,,,,,,,,,,,,,,,,,,
ggy4bipz56l,1,wuDesigningSculptingLight2016,Designing Sculpting Light Systems for Information Decoration,"Wu, Jiang and van Essen, Harm and Eggen, Berry",2016,,3,0.7,Timer Shade,A meeting room lamp with a moveable coiled cap that changes shape and casts shadows to indicate remaining meeting time,YES,ADAIS,"CONCEPT,PROTOTYPE",INCREASE_AWARENESS,EVENTS,WORKPLACE,,,,,,,,,USER,CHANGE_BLIND,"VISUAL,POS",GROUP,MEDIUM,"LED,MOTOR",FAMILIAR,YES,,,,,,,,,NONE,PRESENCE,"AUGMENTATION,PERIPHERAL_PLACEMENT",YES,NONE,NOT_MENTIONED,,,
ghiz0ac3er,1,holmquistSmartItsFriendsTechnique2001,Smart-Its Friends: A Technique for Users to Easily Establish Connections between Smart Artefacts,"Holmquist, Lars Erik and Mattern, Friedemann and Schiele, Bernt and Alahuhta, Petteri and Beigl5, Michael and Gellersen, Hans-W.",2001,,674,34.6,Smart-Its,Connect devices by having them in proximity and performing similar movement patterns.,,UI,,INCREASE_AWARENESS,RESOURCES,WORKPLACE,,,,,,,,,,,,,,,,NO,,,,,,,,,,,,,,,,,
gixz1ai1ijq,1,dierkAlterNailAmbientBatteryless2017,"AlterNail: Ambient, Batteryless, Stateful, Dynamic Displays at Your Fingertips","Dierk, Christine and Vega Gálvez, Tomás and Paulos, Eric",2017,,15,4.3,AlterNail,"A fingernail-worn, batteryless e-ink display powered wirelessly via inductive coupling when touching smart objects",YES,ADAIS,PROTOTYPE,INCREASE_AWARENESS,RESOURCES,"HOME,WORKPLACE,URBAN,OTHER",,,,,,,,,OBJECT,CHANGE_BLIND,VISUAL,PERSONAL,MEDIUM,SCREEN,FAMILIAR,NO,6,HOURS,IN_LAB,USERS,PROTOTYPE,COMMENTS,[NA],[NA],NONE,PRESENCE,"PERIPHERAL_PLACEMENT,CAMOUFLAGE",YES,"FABRICATION,POWER",NOT_MENTIONED,,,
gjomo8gt46u,1,fortmannMakeMeMove2013,Make Me Move at Work! An Ambient Light Display to Increase Physical Activity,"Fortmann, Jutta and Stratmann, Tim Claudius and Boll, Susanne and Poppinga, Benjamin and Heuten, Wilko",2013,,48,6.4,MoveLamp,An ambient light display in the office that shows recent physical activity via color and brightness to encourage office workers to move,YES,ADAIS,"PROTOTYPE,EVAL,USECASE","BEHAVIOURAL_CHANGE,INCREASE_AWARENESS",HEALTH,"WORKPLACE,MEDICAL,HOME",,,,,,,,,CONTINUOUS,MAKE_AWARE,VISUAL,PERSONAL,MEDIUM,LED,FAMILIAR,YES,10,DAYS,IN_SITU,USERS,PROTOTYPE,INTERVIEW,[NA],"SUBJECTIVE,OBJECTIVE",NONE,PRESENCE,"PERIPHERAL_PLACEMENT,AUGMENTATION",NO,NA,NOT_MENTIONED,,,
gk5g47nmyh6,1,nienholdSensorbasedTrackingBig2016,Sensor-Based Tracking and Big Data Processing of Patient Activities in Ambient Assisted Living,"Nienhold, Dino and Dornberger, Rolf and Korkut, Safak",2016,,4,0.9,,,,AS,,ASSISTED_LIVING,,,,,,,,,,,,,,,,,,,,,,,,,,,,,,,,,,,
gkokibkdduh,1,danielescuBuildingMemoryResponsive2010,Building with a Memory: Responsive Color Interventions,"Danielescu, Andreea and Spicer, Ryan and Tinapple, David and Kelliher, Aisling and Campana, Ellen",2010,,1,0.1,Building with a Memory: Visual Display,A wall-mounted LCD monitor that renders motion traces of activity over the last hour overlaid on an abstract representation of the space using a color-aging palette,YES,ADAIS,"PROTOTYPE,USECASE",INCREASE_AWARENESS,HEALTH,WORKPLACE,,,,,,,,,CONTINUOUS,MAKE_AWARE,VISUAL,PUBLIC,HIGH,SCREEN,ART,NO,75,DAYS,IN_SITU,"USERS,EXPERTS",PROTOTYPE,"OBSERVATION,COMMENTS",[NA],OBJECTIVE,NONE,PRESENCE,CAMOUFLAGE,NO,NA,NOT_MENTIONED,,,
gkxfhk4qaju,1,al-shaqiAmbientAssistedLiving2016,Ambient Assisted Living Systems for Older People with Alzheimer's,"Al-Shaqi, R",2016,,1,0.2,,,,,,ASSISTED_LIVING,,,,,,,,,,,,,,,,,,,,,,,,,,,,,,,,,,,
gmeha6300vi,1,harrisonOmniTouchWearableMultitouch2011,OmniTouch: Wearable Multitouch Interaction Everywhere,"Harrison and Benko, H and Wilson, a",2011,,610,64.2,OmniTouch,,,UI,,,,,,,,,,,,,,,,PERSONAL,,PROJECTION,,YES,,,,,,,,,,,,,,,,,
gmjov6bimqe,1,xiaoGenericDistributedSensing2014,Generic Distributed Sensing in Support of Context Awareness in Ambient Assisted Living,"Xiao, B and Kanter, T and Rahmani, R",2014,,3,0.5,,,,,,ASSISTED_LIVING,,,,,,,,,,,,,,,,,,,,,,,,,,,,,,,,,,,
gmwy7ocug6m,1,kuznetsovUpStreamMotivatingWater2010,UpStream: Motivating Water Conservation with Low-Cost Water Flow Sensing and Persuasive Displays,"Kuznetsov, Stacey and Paulos, Eric",2010,,142,13.5,UpStream: Pilot Shower Display,An LED bar graph display mounted on a shared shower showing cumulative and individual water usage with a traffic-light color metaphor,YES,ADAIS,PROTOTYPE,"INCREASE_AWARENESS,BEHAVIOURAL_CHANGE","RESOURCES,HEALTH","HOME,EDUCATION",,,,,,,,,USER,MAKE_AWARE,VISUAL,PUBLIC,MEDIUM,LED,"ARTIFICIAL,ASSOCIATED",YES,11,DAYS,IN_SITU,USERS,PROTOTYPE,"INTERVIEW,QUESTIONNAIRE",[NA],"OBJECTIVE,SUBJECTIVE",NONE,PRESENCE,PERIPHERAL_PLACEMENT,YES,POWER,NOT_MENTIONED,,,
gmy4n47ezhi,1,pereiraLiveEvaluationAmbient2014,Live Evaluation within Ambient Assisted Living Scenarios,"Pereira, Carlos and Teixeira, António and e Silva, Miguel Oliveira",2014,,2,0.3,,,,,,ASSISTED_LIVING,,,,,,,,,,,,,,,,,,,,,,,,,,,,,,,,,,,
gnrh6beuyup,1,sernaniVirtualCarerBDI2013,Virtual Carer: A BDI Agent System for Ambient Assisted Living,"Sernani, P and Palazzo, L and Claudi, A",2013,,2,0.3,Virtual Carer,,,,,ASSISTED_LIVING,,,,,,,,,,,,,,,,,,,,,,,,,,,,,,,,,,,
goq561wwe9v,1,mukasaWorkshopIntelligentUser2008,Workshop on Intelligent User Interfaces for Ambient Assisted Living,"Mukasa, Kizito Ssamula and Holzinger, Andreas and Karshmer, Arthur I.",2008,,1,0.1,,,,,,ASSISTED_LIVING,,,,,,,,,,,,,,,,,,,,,,,,,,,,,,,,,,,
gqv4nvwff2t,1,xiaCityBeatRealtimeSocial2014,CityBeat: Real-Time Social Media Visualization of Hyper-Local City Data,"Xia, Chaolun and Schwartz, Raz and Xie, Ke and Krebs, Adam and Langdon, Andrew and Ting, Jeremy and Naaman, Mor",2014,,83,12.8,CityBeat,Website visualization showing city-level events from social networks,YES,ADAIS,"DEV,USECASE,PROTOTYPE","INCREASE_AWARENESS,NOTIFICATION",SOCIAL,"WORKPLACE,URBAN",,,,,,,,,CONTINUOUS,USER_POLL,VISUAL,GROUP,HIGH,SCREEN,ARTIFICIAL,NO,,,,,,,,,NONE,"PRESENCE,PULL",PERIPHERAL_PLACEMENT,NO,NA,NOT_MENTIONED,,,
gr9clew1mus,1,schwartzeFacilitatingInterdomainSynergies2016,Facilitating Inter-Domain Synergies in Ambient Assisted Living Environments.,"Schwartze, J and Schrom, H and Wolf, KH",2016,,6,1.3,,,,,,ASSISTED_LIVING,,,,,,,,,,,,,,,,,,,,,,,,,,,,,,,,,,,
gs616ljh585,1,blancoCardioSoundsRealtimeAuditory2017,CardioSounds: Real-time Auditory Assistance for Supporting Cardiac Diagnostic and Monitoring,"Blanco, Andrea Lorena Aldana and Grautoff, Steffen and Hermann, Thomas",2017,,4,1.1,CardioSounds,Real-time ECG sonification system providing auditory feedback to monitor heart rhythm and ST-segment abnormalities,YES,ADAIS,"DEV,PROTOTYPE,USECASE","INCREASE_AWARENESS,NOTIFICATION,AID_IN_ACTIVITY",HEALTH,MEDICAL,,,,,,,,,CONTINUOUS,MAKE_AWARE,AUDIO,PERSONAL,MEDIUM,SPEAKER,FAMILIAR,NO,,,,,,,,,NONE,"PRESENCE,PUSH","PERIPHERAL_PLACEMENT,MIMICRY",NO,NA,NOT_MENTIONED,,,
gtisei6vrtk,1,zolfaghariSARFSmartActivity2016,SARF: Smart Activity Recognition Framework in Ambient Assisted Living,"Zolfaghari, Samaneh and Keyvanpour, Mohammad Reza",2016,,17,3.8,SARF,,,,,ASSISTED_LIVING,,,,,,,,,,,,,,,,,,,,,,,,,,,,,,,,,,,
gtjvoaw6mw6,1,harrisonImplicationsLocationTouch2014,Implications of Location and Touch for On - Body Projected Interfaces,"Harrison, Chris and Faste, Haakon",2014,,27,4.2,,,,,,,HEALTH,,,,,,,,,,,,,,,,,YES,,,,,,INTERVIEW,,,,,,,,,,,
gtr6zt2xsx,1,huangCanYourPet2011,Can Your Pet Rabbit Read Your Email?: A Critical Analysis of the Nabaztag Rabbit,"Huang, Chung-Ching and Bardzell, Jeffrey and Terrell, Jennifer",2011,,5,0.5,Untitled,"A wireless robot rabbit with moving ears, lights, and speaker that delivers ambient information and acts as a pet alternative",NO,ADAIS,"ISSUES,EVAL","NOTIFICATION,INCREASE_AWARENESS","ENVIRONMENT,EVENTS,SOCIAL,OTHER",HOME,,,,,,,,,EVENT,INTERRUPT,"VISUAL,AUDIO,POS",HOUSEHOLD,HIGH,"LED,MOTOR,SPEAKER,ROBOT","FAMILIAR,ARTIFICIAL",YES,3,MONTHS,IN_SITU,EXPERTS,FINAL,INTERVIEW,[NA],SUBJECTIVE,NONE,PUSH,AUGMENTATION,NO,NA,YES,,,
gv62aqa6g0a,1,koimizuEthicalPerspectivesJapanese2018,Ethical Perspectives of Japanese Engineers on Ambient Assisted Living Technologies: Semi-structured Interview,"Koimizu, J and Kokado, M and Kato, K",2018,,4,1.6,,,,,,ASSISTED_LIVING,,,,,,,,,,,,,,,,,,,,,,,,,,,,,,,,,,,
gvph01iunfr,1,kilander2002whisper,A Whisper in the Woods-an Ambient Soundscape for Peripheral Awareness of Remote Processes,"Kilander, Fredrik and Lönnqvist, Peter",2002,,49,2.6,WISP,"A weakly intrusive ambient soundscape using concealed loudspeakers to present states and events as subtle, non-intrusive sound cues for peripheral awareness",YES,ADAIS,PROTOTYPE,INCREASE_AWARENESS,"EVENTS,SOCIAL",HOME,,,,,,,,,EVENT,MAKE_AWARE,AUDIO,GROUP,MEDIUM,SPEAKER,NA,NO,,DAYS,IN_PRESENTATION,USERS,PROTOTYPE,"COMMENTS,OBSERVATION",[NA],[NA],AWARENESS_CONSCIOUSNESS,PUSH,"INVISIBILITY,PERIPHERAL_PLACEMENT,MIMICRY",NO,NA,NOT_MENTIONED,,,
gw3uz2b2tg8,1,maclean1999smart,Smart Tangible Displays in the Everyday World: A Haptic Door Knob,"MacLean, Karon E and Roderick, Jayne B",1999,,43,2,Aladdin,Haptics,YES,"TUI,ADAIS","PROTOTYPE,DEV","INCREASE_AWARENESS,AID_IN_ACTIVITY","SOCIAL,ENVIRONMENT,SAFETY","HOME,WORKPLACE,URBAN",,,,,,,,,USER,MAKE_AWARE,HAPTIC,PERSONAL,MEDIUM,"MOTOR,SPEAKER","AUGMENTATION,FAMILIAR",NO,,,,,,,,,NONE,PULL,AUGMENTATION,YES,"FABRICATION,SAFETY,OTHER",NOT_MENTIONED,,,
gw6z7dmu63,1,chenDisplaysAttentiveUnattended2007,Displays Attentive to Unattended Regions: Presenting Information in a Peripheral-Vision-Friendly Way,"Chen, Mon-Chu and Klatzky, Roberta L",2007,,2,0.1,Untitled,,,,,,,,,,,,,,,,,,VISUAL,,,SCREEN,,YES,,,,,,,,,,,,,,,,,
gwpg7kb8sy,1,parcSpecialIssueAmbient2015,Special Issue on Ambient Assisted Living,"Parc, P Le",2015,,2,0.4,,,,,,ASSISTED_LIVING,,,,,,,,,,,,,,,,,,,,,,,,,,,,,,,,,,,
gxawpwybd6i,1,sunPromisesChallengesAmbient2009,Promises and Challenges of Ambient Assisted Living Systems,"Sun, Hong and Florio, Vincenzo De and Gui, Ning and Blondia, Chris",2009,,251,21.8,,,,,,ASSISTED_LIVING,,,,,,,,,,,,,,,,,,,,,,,,,,,,,,,,,,,
gympi8hb34c,1,hazlewoodTwitterspaceCodevelopedDisplay2008,Twitterspace: A Co-Developed Display Using Twitter to Enhance Community Awareness,"Hazlewood, William R and Makice, Kevin and Ryan, William",2008,,39,3.1,Twitterspace,Large public screens displaying community members' tweets animated across the screen to promote community awareness,YES,ADAIS,"PROTOTYPE,USECASE",INCREASE_AWARENESS,"SOCIAL,EVENTS",WORKPLACE,,,,,,,,,CONTINUOUS,MAKE_AWARE,VISUAL,PUBLIC,HIGH,SCREEN,"ART,ASSOCIATED",NO,,,,,,,,,NONE,"PRESENCE,PUSH","PERIPHERAL_PLACEMENT,CAMOUFLAGE",NO,NA,NOT_MENTIONED,,,
gz95qp95lzq,1,karopkaAmbientAssistedLiving,Ambient Assisted Living (AAL) Und Open Source,"Karopka, T and ist ein Forschungsgebiet, AALAAL",,,,0,,,,,,ASSISTED_LIVING,,,,,,,,,,,,,,,,,,,,,,,,,,,,,,,,,,,
gzk4z5gyoa4,1,bornerCloserYouReviewing2013,"Closer to You: Reviewing the Application, Design, and Evaluation of Ambient Displays","Börner, Dirk and Kalz, Marco and Specht, Marcus",2013,,4,0.5,Closer to You,"A literature review on the application, design, and evaluation of ambient displays",NO,ADAIS,"CONCEPT,DEFTAX,ISSUES",INCREASE_AWARENESS,"RESOURCES,HEALTH",EDUCATION,,,,,,,,,,,[NA],,,,,YES,,,IN_SITU,,,,,,NONE,,,NA,NA,NA,,,
gzn5dim13v6,1,forkanCloudbasedPredictiveContextaware2016,"A Cloud-Based, Predictive and Context-Aware System for Ambient Assisted Living","Forkan, A",2016,,1,0.2,,,,,,ASSISTED_LIVING,,,,,,,,,,,,,,,,,,,,,,,,,,,,,,,,,,,
gzo3anf0mjs,1,streitzAmbientDisplaysMobile2003,Ambient Displays and Mobile Devices for the Creation of Social Architectural Spaces,"Streitz, Norbert and Prante, Thorsten and Röcker, Carsten and Alphen, Daniel and Magerkurth, Carsten and Stenzel, Richard and Plewe, Daniela A.",2003,,91,5.2,Hello.Wall,"Wall-size ambient display with 124 LED cells showing light patterns, combined with the ViewPort mobile handheld device to convey social atmosphere and informal communication in organizations",YES,ADAIS,"PROTOTYPE,DEV,CONCEPT,USECASE","INCREASE_AWARENESS,NOTIFICATION",SOCIAL,WORKPLACE,,,,,,,,,CONTINUOUS,MAKE_AWARE,VISUAL,PUBLIC,HIGH,"LED,SCREEN","ART,ASSOCIATED",NO,,,,,,,,,NONE,"PRESENCE,PUSH,PULL","CAMOUFLAGE,PERIPHERAL_PLACEMENT",YES,NONE,NOT_MENTIONED,,,
h0ke3qhufq6,1,barriosUbiquitousAmbientassistedLiving2018,Ubiquitous and Ambient-Assisted Living eHealth Platforms for Down’s Syndrome and Palliative Care in the Republic of Panama: A Systematic Review,"Barrios, Juan Jose Saldaña and Mendoza, Luis and Pitti, Edgardo and Vargas, Miguel",2018,,1,0.4,,,,,,ASSISTED_LIVING,,,,,,,,,,,,,,,,,,,,,,,,,,,,,,,,,,,
h0tmahshrh5,1,steinhageC42LargeAreaWireless2013,C4. 2-Large-Area Wireless Sensor System for Ambient Assisted Living,"Steinhage, A and Lauterbach, C",2013,,2,0.3,,,,AS,,ASSISTED_LIVING,,,,,,,,,,,,,,,,,,,,,,,,,,,,,,,,,,,
h107i1382,1,mitchellTheresSomethingAir1995,There's Something in the Air: Effects of Congruent or Incongruent Ambient Odor on Consumer Decision Making,"Mitchell, Deborah J. and Kahn, Barbara E. and Knasko, Susan C.",1995,,627,24.6,,,,,,,,,,,,,,,,,,,,,,,,NO,,,,,,,,,,,,,,,,,
h163riruyvn,1,climent-perezUsefulResearchTools2012,Useful Research Tools for Human Behaviour Understanding in the Context of Ambient Assisted Living,"Climent-Pérez, Pau and Chaaraoui, Alexandros Andre and Flórez-Revuelta, Francisco",2012,,2,0.2,,,,,,ASSISTED_LIVING,,,,,,,,,,,,,,,,,,,,,,,,,,,,,,,,,,,
h1wv6ju8p95,1,elliotLocationdependentInformationAppliances2007,Location-Dependent Information Appliances for the Home,"Elliot, Kathryn and Watson, Mark and Neustaedter, Carman and Greenberg, Saul",2007,,27,2,Picture Frame,A multimedia ambient display using a pen-sensitive Tablet PC embedded in a picture frame,YES,ADAIS,"PROTOTYPE,CONCEPT,DEV","INCREASE_AWARENESS,NOTIFICATION","SOCIAL,EVENTS,ENVIRONMENT",HOME,,,,,,,,,OBJECT,USER_POLL,VISUAL,FAMILY,HIGH,SCREEN,FAMILIAR,YES,,,,,,,,,NONE,"PRESENCE,PULL","AUGMENTATION,CAMOUFLAGE",YES,FABRICATION,NOT_MENTIONED,,,
h2fsi8urpuo,1,zinnerMatchingRequirementsAmbient2017,Matching Requirements for Ambient Assisted Living and Enhanced Living Environments with Networking Technologies,"Zinner, Thomas and Wamser, Florian and Leopold, Helmut and Dobre, Ciprian and Mavromoustakis, Constandinos X. and Garcia, Nuno M.",2017,,5,1.4,,,,,,ASSISTED_LIVING,,,,,,,,,,,,,,,,,,,,,,,,,,,,,,,,,,,
h2uylfkro6p,1,sheltonDefiningClassifyingEvaluating2020,"Defining, Classifying and Evaluating Ambient Display","Shelton, Ben",2020,,,0,WaveWatch,On-screen peripheral visualisation displaying ocean wave/surf conditions as an ambient display in an office environment,NO,ADAIS,DEFTAX,INCREASE_AWARENESS,ENVIRONMENT,WORKPLACE,,,,,,,,,CONTINUOUS,CHANGE_BLIND,VISUAL,PERSONAL,MEDIUM,SCREEN,ASSOCIATED,YES,74,WEEKS,IN_SITU,USERS,PROTOTYPE,"INTERVIEW,QUESTIONNAIRE","QUESTIONNAIRE,DUAL_TASK",[NA],COGNITIVE_LOAD,PRESENCE,PERIPHERAL_PLACEMENT,NO,NA,NOT_MENTIONED,,,
h33kz2ruhuf,1,matthewsPeripheralDisplayToolkit2004,A Peripheral Display Toolkit,"Matthews, Tara and Rattenbury, Tye and Carter, Scott and Dey, Anind K and Mankoff, Jennifer",2004,,211,12.8,,,,,DEFTAX,,HEALTH,,,,,,,,,,,,,,,,,YES,,,,,,HEURISTIC_EVALUATION,,,,,,,,,,,
h34gkpy4xkv,1,ramosAmbientIntelligenceNext2008,Ambient Intelligence—the next Step for Artificial Intelligence,"Ramos, Carlos and Augusto, Juan Carlos and Shapiro, Daniel",2008,,503,40.2,,,,,,,HEALTH,"WORKPLACE,MEDICAL",,,,,,,,,,,,,,,,,,,,,,,,,,,,,,,,,
h3krlbrhjx,1,segura2009sentient,Sentient Displays in Support of Hospital Work,"Segura, Daniela and Favela, Jesus and Tentori, Mónica",2009,,21,1.8,FlowerBlink,A flower vase with artificial flowers containing LEDs that notify nurses about patients' urine outputs and urine bag status,YES,ADAIS,"PROTOTYPE,USECASE,CONCEPT","NOTIFICATION,INCREASE_AWARENESS",HEALTH,MEDICAL,,,,,,,,,EVENT,MAKE_AWARE,"VISUAL,POS",GROUP,MEDIUM,LED,FAMILIAR,NO,,,,,,,,,NONE,"PUSH,PULL","CAMOUFLAGE,PERIPHERAL_PLACEMENT",YES,NONE,NOT_MENTIONED,,,
h3t68wuiavo,1,markopoulosKeepingTouchFamily2004,Keeping in Touch with the Family: Home and Away with the ASTRA Awareness System,"Markopoulos, Panos and Romero, Natalia and van Baren, Joy and IJsselsteijn, Wijnand and de Ruyter, Boris and Farshchian, Babak",2004,,146,8.8,ASTRA,,,,,INCREASE_AWARENESS,SOCIAL,HOME,,,,,,,,,,,,FAMILY,,,,YES,,,,,,"INTERVIEW,QUESTIONNAIRE",,,,,,,,,,,
h4i6onccuuh,1,cornejoIntegratingOlderAdults2010,Integrating Older Adults into Social Networking Sites through Ambient Intelligence,"Cornejo, Raymundo",2010,,5,0.5,,,,AMI,,,"SOCIAL,HEALTH",,,,,,,,,,,,,,,,,NO,,,,,,,,,,,,,,,,,
h4op0rnhqq,1,hochgattererAmbientAssistedLiving2014,Ambient Assisted Living – Intelligente Assistenz Durch M2M-Technologien,"Hochgatterer, Andreas and Drobics, Mario and Kropf, Johannes and Bammer, Manfred and Kastner, Peter and Fritz, Michaela",2014,,2,0.3,,,,,,ASSISTED_LIVING,,,,,,,,,,,,,,,,,,,,,,,,,,,,,,,,,,,
h5mv2vsnidd,1,rodriguezPersuasiveStrategiesMotivating2012,Persuasive Strategies for Motivating Elders to Exercise,"Rodriguez, Marcela D and Roa, Jose R and Moran, Alberto L and Nava-Munoz, Sandra",2012,,23,2.7,CAMMInA,,,,,BEHAVIOURAL_CHANGE,HEALTH,MEDICAL,,,,,,,,,,,,,,,,YES,,,,,,INTERVIEW,,,,,,,,,,,
h668dii855,1,grossAmbientInterfacesDesign2003,Ambient Interfaces: Design Challenges and Recommendations,"Gross, Tom",2003,,39,2.2,,,,,,,,WORKPLACE,,,,,,,,,,,,,,,,,,,,,,,,,,,,,,,,,
h69502hjiod,1,mullerItNotThat2016,It's Not That Long!: Helping Children to Understand Time with an Ambient Light Display,"Müller, Heiko and Pieper, Christian and Heuten, Wilko and Boll, Susanne",2016,,1,0.2,Timelight,An ambient light display with tangible bricks and an RGB-LED matrix that gradually fades to show the passage of pre-set time periods to children,YES,ADAIS,PROTOTYPE,"AID_IN_ACTIVITY,INCREASE_AWARENESS,NOTIFICATION",HEALTH,"HOME,EDUCATION,MEDICAL",,,,,,,,,OBJECT,MAKE_AWARE,VISUAL,GROUP,MEDIUM,"LED,SPEAKER",ARTIFICIAL,YES,80,WEEKS,IN_SITU,USERS,PROTOTYPE,"INTERVIEW,QUESTIONNAIRE",[NA],SUBJECTIVE,NONE,"PRESENCE,PUSH",PERIPHERAL_PLACEMENT,YES,"POWER,NOISE,OTHER",NOT_MENTIONED,,,
h7b4argchre,1,kowalskiCubbleMultiDeviceHybrid2013,Cubble: A Multi-Device Hybrid Approach Supporting Communication in Long-Distance Relationships,"Kowalski, Robert and Loehmann, Sebastian and Hausen, Doris",2013,,25,3.3,Cubble,,,,PROTOTYPE,,HEALTH,,,,,,,,,,,,,,,,,NO,,,,,,,,,,,,,,,,,
h7fn5arj5j,1,wisneskiAmbientDisplaysTurning1998,Ambient Displays: Turning Architectural Space into an Interface between People and Digital Information,"Wisneski, Craig and Ishii, Hiroshi and Dahley, Andrew and Gorbet, Matt and Brave, Scott and Ullmer, Brygg and Yarin, Paul",1998,,671,29.8,Pinwheels,Mapping natural phenomena to speed of pinwheel,NO,ADAIS,"PROTOTYPE,DEV,CONCEPT",INCREASE_AWARENESS,ENVIRONMENT,WORKPLACE,YES,Atmospheric data,REMOTE,Speed of Pinwheel,,,,,CONTINUOUS,MAKE_AWARE,"VISUAL,POS",PUBLIC,LOW,MOTOR,FAMILIAR,NO,0,,,,,,,,"PERIPHERAL_ATTENTION,AWARENESS_CONSCIOUSNESS,SPATIAL_OBJECT_BINDING",PRESENCE,"PERIPHERAL_PLACEMENT,MIMICRY",YES,NONE,NOT_MENTIONED,,,
h7j90ni4u8i,1,pecchiaAmbientAssistedLiving2014,"Ambient Assisted Living and Daily Activities: 6th International Work-Conference, IWAAL 2014, Belfast, UK, December 2-5, 2014, Proceedings","Pecchia, L and Chen, L and Nugent, C and Bravo, J",2014,,3,0.5,,,,,,ASSISTED_LIVING,,,,,,,,,,,,,,,,,,,,,,,,,,,,,,,,,,,
h8vgq0usue6,1,salvadorLetMoveEnergy2011,Let's Move and Save Some Energy,"Salvador, Ricardo and Romão, Teresa",2011,,6,0.6,MAID,Motion-based interactive public ambient display running a gesture-controlled persuasive game about household energy saving,YES,ADAIS,"PROTOTYPE,USECASE",INCREASE_AWARENESS,RESOURCES,URBAN,,,,,,,,,USER,MAKE_AWARE,"VISUAL,AUDIO",PUBLIC,HIGH,"SCREEN,SPEAKER",ARTIFICIAL,NO,,,,,,,,,NONE,"PULL,PRESENCE",PERIPHERAL_PLACEMENT,NO,NA,NOT_MENTIONED,,,
h9phsgf3prn,1,kuijsPrivacyAmbientAssisted2015,Towards Privacy for Ambient Assisted Living in a Hybrid Cloud Environment,"Kuijs, H and Reich, C and Knahl, M and Clarke, N",2015,,2,0.4,,,,,,ASSISTED_LIVING,,,,,,,,,,,,,,,,,,,,,,,,,,,,,,,,,,,
hamsx9n2z2,1,tunnermannBlendedSonificationSonification2013,Blended Sonification - Sonification for Casual Information Interaction,"Hermann, Thomas and Tünnermann, René and Hammerschmidt, Jan",2013,,26,3.5,,,,,,,,,,,,,,,,,,,,,,,,,,,,,,,,,,,,,,,,,
hcuueuzqkw,1,nazarioContextManagementAssessing2014,Context Management: Toward Assessing Quality of Context Parameters in a Ubiquitous Ambient Assisted Living Environment,"Nazario, DC and Dantas, MAR and Todesco, JL",2014,,9,1.4,,,,,DEFTAX,ASSISTED_LIVING,,,,,,,,,,,,,,,,,,,,,,,,,,,,,,,,,,,
he8v53bsv6s,1,amorettiEInclusiveVideoconferenceServices2009,E-Inclusive Videoconference Services in Ambient Assisted Living Environments,"Amoretti, M and Copelli, G and Muro, M and Picone, M",2009,,5,0.4,,,,,,ASSISTED_LIVING,,,,,,,,,,,,,,,,,,,,,,,,,,,,,,,,,,,
hemo7iyi9q,1,vacherSpeechAnalysisAmbient2013,Speech Analysis for Ambient Assisted Living: Technical and User Design of a Vocal Order System,"Vacher, M and Portet, F and Lecouteux, B and Golanski, C",2013,,1,0.1,,,,,,ASSISTED_LIVING,,,,,,,,,,,,,,,,,,,,,,,,,,,,,,,,,,,
hesk7beyteh,1,stajanoSecurityIssuesUbiquitous2010,Security Issues in Ubiquitous Computing*,"Stajano, Frank",2010,,35,3.3,,,,,,,,,,,,,,,,,,,,,,,,,,,,,,,,,,,,,,,,,
hfgsczib928,1,boehmAmbientPersuasiveGuidance2011,Ambient Persuasive Guidance,"Boehm, Gerrit",2011,,3,0.3,“Perspective Guidance Graphics”,"Pedestrian Guidance, collision avoidance",,,,INCREASE_AWARENESS,,,,,,,,,,,,,,,,,,YES,,,,,,,,,,,,,,,,,
hfrkd5kx9hj,1,birnholtzFrameworkSupportingJoint2011,A Framework for Supporting Joint Interpersonal Attention in Distributed Groups,"Birnholtz, Jeremy and Schultz, Johnathon and Lepage, Matthew and Gutwin, Carl",2011,,7,0.7,OMNI,"Projected peripheral-vision awareness display showing contact avatars whose distance and motion reflect others' attentional focus, combined with an eye tracker",YES,ADAIS,"CONCEPT,DEV,PROTOTYPE",INCREASE_AWARENESS,SOCIAL,WORKPLACE,,,,,,,,,CONTINUOUS,MAKE_AWARE,VISUAL,GROUP,HIGH,"SCREEN,SPEAKER",ARTIFICIAL,NO,,,,,,,,,PERIPHERAL_ATTENTION,"PUSH,PULL,PRESENCE",PERIPHERAL_PLACEMENT,YES,FABRICATION,NOT_MENTIONED,,,
hg5zerf30g9,1,rodriguesMobileHealthcareSolution2014,A Mobile Healthcare Solution for Ambient Assisted Living Environments,"Rodrigues, Daniel F. M. and Horta, Edgar T. and Silva, Bruno M. C. and Guedes, Fabio D. M. and Rodrigues, Joel J. P. C.",2014,,21,3.2,,,,,,ASSISTED_LIVING,,,,,,,,,,,,,,,,,,,,,,,,,,,,,,,,,,,
hh06pf94x6,1,ahmedTangibleApproachTime2014,A Tangible Approach to Time Management,"Ahmed, Ryan and Frontz, Michael and Chambers, Alex and Voida, Stephen",2014,,5,0.8,Time Machine,"Improve multi-task management, marbles represent 30 min, cylinders represent tasks, marbles drops and rolls out of cylinders after time has past",YES,"TUI,ADAIS","PROTOTYPE,USECASE","INCREASE_AWARENESS,AID_IN_ACTIVITY,BEHAVIOURAL_CHANGE","EVENTS,OTHER",WORKPLACE,,,,,,,,,CONTINUOUS,MAKE_AWARE,"HAPTIC,POS",PERSONAL,HIGH,MOTOR,ARTIFICIAL,NO,,,,,,,,,NONE,"PRESENCE,PUSH",PERIPHERAL_PLACEMENT,YES,NONE,NOT_MENTIONED,,,
hh0f4b263x,1,rydarowskiMurmurKineticRelief2008,"Murmur: Kinetic Relief Sculpture, Multi-Sensory Display, Listening Machine","Rydarowski, Aimee and Samanci, Ozge and Mazalek, Ali",2008,,14,1.1,Murmur,Wall-mounted kinetic relief sculpture of 100 CPU fans blowing hinged paper pieces in response to ambient sound picked up by embedded microphones,YES,"AS,ADAIS","PROTOTYPE,DEV",INCREASE_AWARENESS,"SOCIAL,ENVIRONMENT","SOCIAL,URBAN",,,,,,,,,EVENT,MAKE_AWARE,"AUDIO,POS",PUBLIC,MEDIUM,MOTOR,ART,NO,,HOURS,IN_SITU,USERS,PROTOTYPE,"OBSERVATION,COMMENTS",[NA],[NA],NONE,PRESENCE,CAMOUFLAGE,YES,"POWER,FABRICATION",NOT_MENTIONED,,,
hhaswfs2qrb,1,spoladoreOntologybasedDecisionSupport2017,Ontology-Based Decision Support Systems for Health Data Management to Support Collaboration in Ambient Assisted Living and Work Reintegration,"Spoladore, D",2017,,11,3.1,,,,,,ASSISTED_LIVING,,,,,,,,,,,,,,,,,,,,,,,,,,,,,,,,,,,
hhm41a7g5wo,1,wisneskiAmbientDisplaysTurning1998,Ambient Displays: Turning Architectural Space into an Interface between People and Digital Information,"Wisneski, Craig and Ishii, Hiroshi and Dahley, Andrew and Gorbet, Matt and Brave, Scott and Ullmer, Brygg and Yarin, Paul",1998,,671,29.8,Water Lamp,Light shines through body of water. Ripples are caused depending on information. Wavelike patterns appear on the ceiling.,NO,ADAIS,"PROTOTYPE,DEV,CONCEPT",INCREASE_AWARENESS,ENVIRONMENT,WORKPLACE,,,,,,,,,CONTINUOUS,MAKE_AWARE,"POS,VISUAL,AUDIO",PUBLIC,MEDIUM,MOTOR,"ART,ASSOCIATED",NO,0,,,,,,,,"PERIPHERAL_ATTENTION,AWARENESS_CONSCIOUSNESS,SPATIAL_OBJECT_BINDING",PRESENCE,"PERIPHERAL_PLACEMENT,MIMICRY",YES,NONE,NOT_MENTIONED,,,
hhr3k2edums,1,jinPerformanceEvaluationTriaxial2009,Performance Evaluation of a Tri-Axial Accelerometry-Based Respiration Monitoring for Ambient Assisted Living,"Jin, undefined Anmin and Yin, undefined Bin and Morren, G. and Duric, H. and Aarts, R.M.",2009,,68,5.9,,,,AS,,ASSISTED_LIVING,,,,,,,,,,,,,,,,,,,,,,,,,,,,,,,,,,,
hi1xq11mood,1,valdezDataInfrastructureManaging2019,A Data Infrastructure for Managing Information Obtained from Ambient Assisted Living,"Valdez, Wilson and Cedillo, Priscila and Trujillo, Andrea and Orellana, Marcos",2019,,,0,,,,,,ASSISTED_LIVING,,,,,,,,,,,,,,,,,,,,,,,,,,,,,,,,,,,
hijuaelypj4,1,mandalDetectionHumanActivity2019,Detection of Human Activity for Ambient Assisted Living: A SVM Based Approach,"Mandal, Rohan and Maji, Uday and Pal, Saurabh",2019,,,0,,,,,,ASSISTED_LIVING,,,,,,,,,,,,,,,,,,,,,,,,,,,,,,,,,,,
hjg5hi9x03u,1,sheltonAestheticAwarenessDisplay2016,The Aesthetic Awareness Display: A New Design Pattern for Ambient Information Systems,"Shelton, Ben and Nesbitt, Keith",2016,,6,1.3,Aesthetic Awareness Display,A proposed screen-based ambient display design pattern that encodes a few data elements into an aesthetically pleasing display using metaphors to raise general awareness,NO,"ADAIS,ADAIS",DEFTAX,INCREASE_AWARENESS,"RESOURCES,HEALTH",WORKPLACE,,,,,,,,,CONTINUOUS,MAKE_AWARE,VISUAL,,MEDIUM,SCREEN,ART,NO,,,,,,,,,"PERIPHERAL_ATTENTION,AWARENESS_CONSCIOUSNESS",PRESENCE,CAMOUFLAGE,NA,NA,NA,,,
hjrqoti1d98,1,bakkerDesignPeriphery2010,Design for the Periphery,"Bakker, Saskia and van den Hoven, Elise and Eggen, Berry",2010,,97,9.2,,,,,,,,WORKPLACE,,,,,,,,,,,,,,,,NO,,,,,,,,,,,,,,,,,
hkj40zwh869,1,ashooriCreatingMoodDesign2015,Creating the Mood: Design for a Cognitive Meeting Room,"Ashoori, Maryam and Bellamy, Rachel K.E. and Weisz, Justin D.",2015,,2,0.4,Cognitive Meeting Room,"A cognitive environment using ambient lighting, music, and images on surrounding screens to influence the mood and decision-making of meeting occupants",YES,ADAIS,"PROTOTYPE,USECASE",OTHER,"HEALTH,EVENTS",WORKPLACE,,,,,,,,,USER,MAKE_AWARE,"VISUAL,AUDIO",GROUP,HIGH,"LED,SCREEN,SPEAKER","ART,ASSOCIATED",YES,,,IN_SITU,,,,,,"PERIPHERAL_ATTENTION,MEMORY_OTHER","PULL,PRESENCE",PERIPHERAL_PLACEMENT,YES,FAILURE,NOT_MENTIONED,,,
hkjus77xdzk,1,patelAmbientAssistedLiving2018,Ambient Assisted Living Systems: The Scope of Research and Development,"Patel, Ashish D and Shah, Jigarkumar H.",2018,,3,1.2,,,,,,ASSISTED_LIVING,,,,,,,,,,,,,,,,,,,,,,,,,,,,,,,,,,,
hkyz8sq2obt,1,savageMarketPotentialAmbient2009,Market Potential for Ambient Assisted Living Technology: The Case of Canada,"Savage, R and Yon, Y and Campo, M and Wilson, A",2009,,15,1.3,,,,,,ASSISTED_LIVING,,,,,,,,,,,,,,,,,,,,,,,,,,,,,,,,,,,
hl9u1ndkeat,1,martinAnalysisKeyAspects2009,Analysis of Key Aspects to Manage Wireless Sensor Networks in Ambient Assisted Living Environments,"Martín, H and Bernardos, AM and Bergesio, L",2009,,42,3.7,,,,AS,,ASSISTED_LIVING,,,,,,,,,,,,,,,,,,,,,,,,,,,,,,,,,,,
hlbr63u76r6,1,cedilloSystematicLiteratureReview2018,A Systematic Literature Review on Devices and Systems for Ambient Assisted Living: Solutions and Trends from Different User Perspectives,"Cedillo, Priscila and Sanchez, Cristina and Campos, Karina and Bermeo, Alexandra",2018,,19,7.6,,,,,,ASSISTED_LIVING,,,,,,,,,,,,,,,,,,,,,,,,,,,,,,,,,,,
hmer4zs3mjb,1,brewerNimioAmbientAwareness2005,Nimio: An Ambient Awareness Device,"Brewer, Johanna and Williams, Amanda and Dourish, Paul",2005,,25,1.6,Nimio,"Touchable translucent silicone desktop toys with embedded microphones, accelerometers and LEDs that display coworkers' activity levels",YES,ADAIS,"PROTOTYPE,USECASE",INCREASE_AWARENESS,SOCIAL,WORKPLACE,,,,,,,,,EVENT,MAKE_AWARE,VISUAL,GROUP,MEDIUM,LED,ARTIFICIAL,NO,,,,,,,,,NONE,"PUSH,PRESENCE","PERIPHERAL_PLACEMENT,CAMOUFLAGE",YES,NONE,NOT_MENTIONED,,,
hn7hn7h78j8,1,vanalphenLernantoAmbientDisplay2015,Lernanto: An Ambient Display to Support Differentiated Instruction,"Bakker, S",,,,0,Lernanto,"Wall-mounted display of octagon shapes emitting colored light, each representing a student's real-time progress for teachers",YES,ADAIS,"PROTOTYPE,USECASE","INCREASE_AWARENESS,AID_IN_ACTIVITY",OTHER,EDUCATION,,,,,,,,,CONTINUOUS,USER_POLL,VISUAL,PUBLIC,HIGH,LED,ARTIFICIAL,NO,,,,,,,,,NONE,PRESENCE,PERIPHERAL_PLACEMENT,YES,NONE,NOT_MENTIONED,,,
ho2xzqqp7sg,1,skogAestheticsUtilityDesigning2003,Between Aesthetics and Utility: Designing Ambient Information Visualizations,"Skog, T. and Ljungblad, S. and Holmquist, L.E.",2003,,165,9.4,Untitled,Mondrian-inspired informative art display on a public plasma screen showing real-time bus departure times via colored squares,YES,ADAIS,"PROTOTYPE,USECASE,ISSUES","AID_IN_ACTIVITY,INCREASE_AWARENESS",HEALTH,"WORKPLACE,HOME",,,,,,,,,CONTINUOUS,USER_POLL,VISUAL,PUBLIC,MEDIUM,SCREEN,ART,YES,14,WEEKS,IN_SITU,USERS,PROTOTYPE,INTERVIEW,[NA],SUBJECTIVE,NONE,PRESENCE,CAMOUFLAGE,NO,NA,NOT_MENTIONED,,,
hoksqrxq1ta,1,boehnerInterfacesIneffableMeeting2008,Interfaces with the Ineffable: Meeting Aesthetic Experience on Its Own Terms,"Boehner, Kirsten and Sengers, Phoebe and Warner, Simeon",2008,,87,7,Affector,"An ambient video window in a wooden picture frame with monitor and camera mounted on each side of an adjoining office wall, displaying systematically distorted video of the neighbouring office",YES,ADAIS,"PROTOTYPE,EVAL,CONCEPT,ISSUES","INCREASE_AWARENESS,OTHER",SOCIAL,WORKPLACE,,,,,,,,,CONTINUOUS,CHANGE_BLIND,VISUAL,PARTNERSHIP,HIGH,SCREEN,"ART,FAMILIAR",YES,2,MONTHS,IN_SITU,"USERS,EXPERTS",PROTOTYPE,INTERVIEW,[NA],"SUBJECTIVE,OBJECTIVE",NONE,PRESENCE,"CAMOUFLAGE,PERIPHERAL_PLACEMENT",YES,NONE,YES,,,
hpoa6wdcqcd,1,kimSeenMusicAmbient2015,Seen Music: Ambient Music Data Visualization for Children with Hearing Impairments,"Kim, Jeeeun and Ananthanarayan, Swamy and Yeh, Tom",2015,,3,0.5,Waving plants,Plant with leaves attached to motorized horizontal axes that lean and vibrate in sync with violin music to visualize melody and rhythm,YES,ADAIS,PROTOTYPE,"AID_IN_ACTIVITY,ASSISTED_LIVING",OTHER,EDUCATION,,,,,,,,,EVENT,,"VISUAL,POS",PUBLIC,MEDIUM,MOTOR,FAMILIAR,NO,,,,,,,,,NONE,PRESENCE,"CAMOUFLAGE,MIMICRY",YES,NONE,NOT_MENTIONED,,,
hqkzd4rr949,1,offenhuberRainbowInformationDesign2014,Over the Rainbow: Information Design for Low-Resolution Urban Displays,"Offenhuber, Dietmar and Seitinger, Susanne",2014,,18,2.8,dotvot.es,,,,,,,URBAN,,,,,,,,,,,,,,,,NO,,,,,,,,,,,,,,,,,
hqos0rws2kj,1,davis-owusuDeeperUnderstandingBehavioural2019,Towards a Deeper Understanding of the Behavioural Implications of Bidirectional Activity-Based Ambient Displays in Ambient Assisted Living Environments,"Davis-Owusu, Kadian and Owusu, Evans and Marcenaro, Lucio and Regazzoni, Carlo and Feijs, Loe and Hu, Jun",2019,,8,5.3,Bidirectional Activity-Based Ambient Display,"A bidirectional ambient lighting system using a Philips Hue lamp, LED wallet, and LED walking cane that renders a partner's physical activity levels as coloured light",YES,ADAIS,"EVAL,PROTOTYPE,USECASE","INCREASE_AWARENESS,ASSISTED_LIVING","HEALTH,SOCIAL",MEDICAL,,,,,,,,,CONTINUOUS,USER_POLL,VISUAL,PARTNERSHIP,MEDIUM,LED,FAMILIAR,YES,24,HOURS,IN_LAB,USERS,PROTOTYPE,"QUESTIONNAIRE,INTERVIEW,OBSERVATION",QUESTIONNAIRE,"SUBJECTIVE,OBJECTIVE",SPATIAL_OBJECT_BINDING,PRESENCE,"PERIPHERAL_PLACEMENT,AUGMENTATION",YES,"POWER,NOISE",NOT_MENTIONED,,,
hr4r00x7azi,1,grguricIntroducingGestureInteraction2013,Introducing Gesture Interaction in the Ambient Assisted Living Platform Universaal,"Grgurić, A and Mošmondor, M and Kušek, M",2013,,9,1.2,,,,,,ASSISTED_LIVING,,,,,,,,,,,,,,,,,,,,,,,,,,,,,,,,,,,
hrmpxv4utfu,1,sansanoImprovingPositioningAccuracy2019,Improving Positioning Accuracy in Ambient Assisted Living Environments. A Multi-Sensor Approach,"Sansano, Emilio Sansano and Belmonte-Fernandez, Oscar and Montoliu, Raul and Gasco-Compte, Arturo and Miedes, Antonio Caballer and Iturralde, Pilar Bayarri",2019,,1,0.7,,,,AS,,ASSISTED_LIVING,,,,,,,,,,,,,,,,,,,,,,,,,,,,,,,,,,,
hrzt4cor8yu,1,heekInfluenceUserFactors2018,Influence of User Factors on the Acceptance of Ambient Assisted Living Technologies in Professional Care Contexts,"Heek, J Offermann-van and Ziefle, M and Himmel, S",2018,,,0,,,,,,ASSISTED_LIVING,,,,,,,,,,,,,,,,,,,,,,,,,,,,,,,,,,,
hsg39m63d75,1,wolfelAcceptanceDynamicFeedback2017,Acceptance of Dynamic Feedback to Poor Sitting Habits by Anthropomorphic Objects,"Wölfel, Matthias",2017,,8,2.3,The Orchid,"Projected, rendered 3d model of orchid representing bad body posture",,,,BEHAVIOURAL_CHANGE,HEALTH,EDUCATION,,,,,,,,,,,,,,,,YES,,,,,,QUESTIONNAIRE,,,,,,,,,,,
hsgdk35gin,1,hossainSafetyenabledRestfulMessaging2015,Safety-Enabled Restful Messaging in Ambient-Assisted Living,"Hossain, M. Anwar and Parra, Jorge and Alamri, Atif",2015,,3,0.5,,,,,,ASSISTED_LIVING,,,,,,,,,,,,,,,,,,,,,,,,,,,,,,,,,,,
hsnxq8foh4g,1,vandantzichScopeProvidingAwareness2002,Scope: Providing Awareness of Multiple Notifications at a Glance,"van Dantzich, Maarten and Robbins, Daniel and Horvitz, Eric and Czerwinski, Mary",2002,,159,8.6,Scope,A circular radar-like on-screen visualization in the corner of the desktop that summarizes notifications from multiple sources by urgency,YES,ADAIS,"PROTOTYPE,DEV,EVAL","INCREASE_AWARENESS,NOTIFICATION","EVENTS,SOCIAL",WORKPLACE,,,,,,,,,CONTINUOUS,MAKE_AWARE,VISUAL,PERSONAL,HIGH,SCREEN,ARTIFICIAL,YES,6,HOURS,IN_LAB,USERS,PROTOTYPE,QUESTIONNAIRE,[NA],[NA],"SALIENCE,PERIPHERAL_ATTENTION","PRESENCE,PUSH,PULL",PERIPHERAL_PLACEMENT,NO,NA,NOT_MENTIONED,,,
hso5caoiduq,1,leichsenringSubliminalCopresenceSystems2014,Subliminal Copresence Systems,"Leichsenring, Christian",2014,,2,0.3,,,,,,INCREASE_AWARENESS,SOCIAL,"WORKPLACE,HOME",,,,,,,,,,,,,,SPEAKER,,YES,,,,,,"INTERVIEW,QUESTIONNAIRE",,,,,,,,,,,
ht81ebllu6k,1,kloosterUcareRequirementsElicitation2008,U-Care: Requirements Elicitation for Ambient Assisted Living,"van't Klooster, JW and van Beijnum, BJF",2008,,1,0.1,U-Car,,,,,ASSISTED_LIVING,,,,,,,,,,,,,,,,,,,,,,,,,,,,,,,,,,,
htlp6bi537h,1,bamisBehaviorScopeFrameworkEnabling2010,The BehaviorScope Framework for Enabling Ambient Assisted Living,"Bamis, Athanasios and Lymberopoulos, Dimitrios and Teixeira, Thiago and Savvides, Andreas",2010,,72,6.9,,,,,,ASSISTED_LIVING,,,,,,,,,,,,,,,,,,,,,,,,,,,,,,,,,,,
htp0tu3c2d,1,paolaAmbientIntelligenceSystem2017,An Ambient Intelligence System for Assisted Living,"Paola, Alessandra De and Ferraro, Pierluca and Gaglio, Salvatore and Re, Giuseppe Lo and Morana, Marco and Ortolani, Marco and Peri, Daniele",2017,,8,2.3,,,,,,ASSISTED_LIVING,,,,,,,,,,,,,,,,,,,,,,,,,,,,,,,,,,,
htt9ndtaz9m,1,merdivanAmbientAssistedLiving2019,Ambient Assisted Living with Deep Learning,"Merdivan, E",2019,,,0,,,,,,ASSISTED_LIVING,,,,,,,,,,,,,,,,,,,,,,,,,,,,,,,,,,,
hu10iglzxdu,1,kartsakliReliableMACDesign2015,Reliable MAC Design for Ambient Assisted Living: Moving the Coordination to the Cloud,"Kartsakli, Elli and Antonopoulos, Angelos and Lalos, Aris and Tennina, Stefano and Renzo, Marco and Alonso, Luis and Verikoukis, Christos",2015,,33,6,,,,,,ASSISTED_LIVING,,,,,,,,,,,,,,,,,,,,,,,,,,,,,,,,,,,
hvbvz4r85zv,1,yiAnEfficientData2018,An Efficient Data Management Scheme for Ambient Assisted Living Systems,"Yi, MK and Choi, H and Whangbo, TK",2018,,,0,,,,,,ASSISTED_LIVING,,,,,,,,,,,,,,,,,,,,,,,,,,,,,,,,,,,
hw3480ngth,1,chewSparks2005,Sparks,"Chew, Andrea and Leclerc, Vincent and Sadi, Sajid and Tang, Aaron and Ishii, Hiroshi",2005,,13,0.8,SPARKS,Ambient social networking interface that projects keyword auras and illuminated paths on the floor to connect strangers with shared interests during conversations,YES,ADAIS,"PROTOTYPE,USECASE",INCREASE_AWARENESS,SOCIAL,SOCIAL,,,,,,,,,CONTINUOUS,MAKE_AWARE,VISUAL,PUBLIC,HIGH,SCREEN,ART,NO,,HOURS,IN_LAB,USERS,REDUCED_PROTOTYPE,"OBSERVATION,COMMENTS",[NA],[NA],NONE,"PRESENCE,PULL",PERIPHERAL_PLACEMENT,YES,NONE,NOT_MENTIONED,,,
hwayxi6pkn,1,ho-chingCanYouSee2003,Can You See What I Hear? The Design and Evaluation of a Peripheral Sound Display for the Deaf,"Ho-Ching, F Wai-ling and Mankoff, Jennifer and Landay, James A",2003,,92,5.3,Spectrograph,"A peripheral visual display on a screen that visualizes environmental sound by mapping pitch to height, intensity to color, and time to horizontal animation for deaf users.",YES,ADAIS,"PROTOTYPE,EVAL",INCREASE_AWARENESS,"EVENTS,SOCIAL",WORKPLACE,,,,,,,,,CONTINUOUS,MAKE_AWARE,"AUDIO,VISUAL",PERSONAL,HIGH,SCREEN,ARTIFICIAL,YES,8,WEEKS,"IN_LAB,IN_SITU",USERS,PROTOTYPE,"INTERVIEW,QUESTIONNAIRE",DUAL_TASK,[NA],"PERIPHERAL_ATTENTION,SALIENCE","PRESENCE,PUSH",PERIPHERAL_PLACEMENT,NO,NA,NOT_MENTIONED,,,
hwdmicemqda,1,patelVisualFeedbackNonverbal2013,Visual Feedback on Nonverbal Communication: A Design Exploration with Healthcare Professionals,"Patel, Rupa A and Hartzler, Andrea and Pratt, Wanda and Back, Anthony and Czerwinski, Mary and Roseway, Asta",2013,,20,2.7,Sun-moon/seesaw,Ambient screen visualization with a sun-moon element showing affiliation and a seesaw element showing conversational control during patient-clinician encounters,YES,ADAIS,"PROTOTYPE,EVAL,USECASE","INCREASE_AWARENESS,BEHAVIOURAL_CHANGE",HEALTH,MEDICAL,,,,,,,,,CONTINUOUS,USER_POLL,VISUAL,PERSONAL,MEDIUM,SCREEN,ARTIFICIAL,YES,16,HOURS,IN_LAB,USERS,WOZ,"INTERVIEW,QUESTIONNAIRE",[NA],SUBJECTIVE,NONE,PRESENCE,PERIPHERAL_PLACEMENT,NO,NA,NOT_MENTIONED,,,
hwkwhuva1yg,1,maoCitycellInteractiveOLED2017,Citycell: An Interactive OLED Lighting System in Public Space,"Mao, Chia-Chi and Liu, Kao-Hua and Chiu, Wen-Ching and Lin, Chih-Lung and Chen, Chien-Hsu",2017,,3,0.9,CityCell,Interactive OLED lighting system made of hexagonal units installed in a public park that users can control via smartphone and rearrange as tangible objects,YES,ADAIS,"PROTOTYPE,DEV","AID_IN_ACTIVITY,OTHER",OTHER,URBAN,,,,,,,,,USER,MAKE_AWARE,VISUAL,PUBLIC,MEDIUM,LED,"ART,ARTIFICIAL",NO,,,,,,,,,NONE,"PRESENCE,PULL",PERIPHERAL_PLACEMENT,YES,NONE,NOT_MENTIONED,,,
hxcxygig4ju,1,luytenHiddenPlainSight2016,Hidden in Plain Sight,"Luyten, Kris and Degraen, Donald and Ruiz, Gustavo Rovelo and Coppers, Sven and Vanacken, Davy",2016,,20,4.4,Untitled,,,,,,,,,,,,,,,,,,VISUAL,,,SCREEN,,YES,,,,,,,,,,,,,,,,,
hzc431ko8f,1,cremonesiPersonalizedInteractivePublic2015,Personalized Interactive Public Screens,"Cremonesi, Paolo and Milano, Politecnico and Leonardo, P and Rienzo, Antonella Di and Milano, Politecnico and Leonardo, P and Milano, Politecnico and Leonardo, P",2015,,5,0.9,,,,,,,,,,,,,,,,,,,,,,,,,,,,,,,,,,,,,,,,,
hzii4n1dvr,1,edwardsDiscoverySystemsUbiquitous2006,Discovery Systems in Ubiquitous Computing,"Edwards, W.K.",2006,,197,13.6,,,,,,,,,,,,,,,,,,,,,,,,,,,,,,,,,,,,,,,,,
i0nhjd1xtz,1,yangSupportingDriversConcurrent2013,"Supporting Drivers in Concurrent Lane and Speed Tracking Tasks with Novel Visual, Auditory, and Tactile Speedometer Displays","Yang, Shiyan and You, No Young and Ferris, Thomas K.",2013,,9,1.2,Ambient visual display,Projected colored light on a drop-down screen behind the monitor encoding speed error via hue and brightness,YES,ADAIS,"PROTOTYPE,EVAL","AID_IN_ACTIVITY,INCREASE_AWARENESS",HEALTH,MEDICAL,,,,,,,,,CONTINUOUS,MAKE_AWARE,"HAPTIC,VISUAL",PERSONAL,MEDIUM,SCREEN,ARTIFICIAL,YES,12,HOURS,IN_LAB,USERS,PROTOTYPE,QUESTIONNAIRE,DUAL_TASK,OBJECTIVE,"PERIPHERAL_ATTENTION,SALIENCE",PRESENCE,PERIPHERAL_PLACEMENT,NO,NA,NOT_MENTIONED,,,
i0v6p8uuf0j,1,kelschJointDriverautomationSystem2015,Joint Driver-Automation System Design: Gradual Action-Oriented Ambient Stimuli,"Kelsch, J and Dziennus, M",2015,,1,0.2,,,,,,,,,,,,,,,,,,,,,,,,,,,,,,,,,,,,,,,,,
i0wkbyo6qd8,1,chenSemanticDataManagement2009,Semantic Data Management for Situation-Aware Assistance in Ambient Assisted Living,"Chen, Liming and Nugent, Chris and Al-Bashrawi, Ahmad",2009,,20,1.7,,,,,,ASSISTED_LIVING,,,,,,,,,,,,,,,,,,,,,,,,,,,,,,,,,,,
i10w4lb0ug8,1,pousmanLivingTableauMachine2008,Living with Tableau Machine: A Longitudinal Investigation of a Curious Domestic Intelligence,"Pousman, Zachary and Romero, Mario and Smith, Adam and Mateas, Michael",2008,,39,3.1,Tableau Machine,A large LCD screen driven by four overhead cameras that generates abstract machine-like visualizations reflecting the social activity of a home every few minutes,YES,ADAIS,"PROTOTYPE,EVAL,USECASE",OTHER,HEALTH,"WORKPLACE,HOME",,,,,,,,,CONTINUOUS,CHANGE_BLIND,VISUAL,FAMILY,HIGH,SCREEN,ART,YES,14,WEEKS,IN_SITU,USERS,PROTOTYPE,INTERVIEW,[NA],SUBJECTIVE,NONE,PRESENCE,CAMOUFLAGE,NO,NA,NOT_MENTIONED,,,
i19f4jlr0ac,1,droumevaSoundIntensityGradients2006,Sound Intensity Gradients in an Ambient Intelligence Audio Display,"Droumeva, Milena and Wakkary, Ron",2006,,9,0.6,socio-ec(h)o audio display,A real-time responsive ambient audio display that uses sound intensity gradients and soundscapes to represent and anticipate player actions in a physical AmI game,YES,ADAIS,PROTOTYPE,"AID_IN_ACTIVITY,INCREASE_AWARENESS","EVENTS,OTHER",OTHER,,,,,,,,,CONTINUOUS,MAKE_AWARE,AUDIO,GROUP,MEDIUM,SPEAKER,"ART,ASSOCIATED",YES,12,HOURS,IN_LAB,USERS,PROTOTYPE,"INTERVIEW,COMMENTS,OBSERVATION",[NA],[NA],NONE,"PRESENCE,PUSH",MIMICRY,NO,NA,NOT_MENTIONED,,,
i1lk2pm0i3,1,kochUsingModularController2007,Using the Modular Controller Architecture (MCA) in Ambient Assisted Living,"Koch, J. and Anastasopoulos, M. and Berns, K.",2007,,9,0.7,,,,,,ASSISTED_LIVING,,,,,,,,,,,,,,,,,,,,,,,,,,,,,,,,,,,
i2jy8pm5w4o,1,jonesAmbientInformationDisplay2006,Ambient Information Display,"Jones, PR",2006,,2,0.1,,,,ADAIS,,,,,,,,,,,,,,,[NA],,,,,,,,,,,,,,,,,,,,,,
i33qcys8bq,1,schmidtSopranoAmbientMiddleware2009,"Soprano Ambient Middleware: Eine Offene, Flexible Und Marktorientierte Semantische Diensteplattform Für Ambient Assisted Living","Schmidt, A and Wolf, P and Klein, M and Balfanz, D",2009,,12,1,,,,,,ASSISTED_LIVING,,,,,,,,,,,,,,,,,,,,,,,,,,,,,,,,,,,
i3s5z766dae,1,garcia-vazquezAmbientInformationSystems2009,Ambient Information Systems for Supporting Ageing in Place,"García-Vázquez, Juan P. and Rodríguez, Marcela D. and Andrade, Angel G. and Saldaña, Diana and Mercado, Fabian and Ruelas, Emanuelle",2009,,6,0.5,Ambient Medicine Dispenser,Wall-mounted medicine dispenser with containers that illuminate and blink to remind elders to take medication and indicate when medicine is running out,YES,"ADAIS,ADAIS",PROTOTYPE,"NOTIFICATION,ASSISTED_LIVING,INCREASE_AWARENESS",HEALTH,"MEDICAL,HOME",,,,,,,,,EVENT,MAKE_AWARE,VISUAL,PERSONAL,MEDIUM,LED,ASSOCIATED,NO,,,,,,,,,NONE,"PUSH,PRESENCE",AUGMENTATION,YES,NONE,NOT_MENTIONED,,,
i44phz2cvc,1,villacortaSecuritySystemTechnologies2010,Security System Technologies Applied to Ambient Assisted Living,"Villacorta, Juan J. and del Val, Lara and Jimenez, Ma Isabel and Izquierdo, Alberto",2010,,6,0.6,,,,,,ASSISTED_LIVING,,,,,,,,,,,,,,,,,,,,,,,,,,,,,,,,,,,
i49cyuqqzan,1,marcaisUsingArgumentationAmbient2011,Using Argumentation for Ambient Assisted Living,"Marcais, Julien and Spanoudakis, Nikolaos and Moraitis, Pavlos",2011,,9,0.9,,,,,,ASSISTED_LIVING,,,,,,,,,,,,,,,,,,,,,,,,,,,,,,,,,,,
i6ce5s1yma,1,chenComSlipperExpressiveDesign2006,ComSlipper: An Expressive Design to Support Awareness and Availability,"Chen, Chun-Yi and Forlizzi, Jodi and Jennings, Pamela",2006,,52,3.6,ComSlipper,"A pair of slippers augmented with pressure sensors and light, vibration, and warmth output that lets distant intimate partners express emotions and availability through foot gestures",YES,ADAIS,"PROTOTYPE,USECASE",INCREASE_AWARENESS,SOCIAL,WORKPLACE,,,,,,,,,EVENT,MAKE_AWARE,"VISUAL,HEAT,HAPTIC",PARTNERSHIP,MEDIUM,"LED,MOTOR",FAMILIAR,NO,5,HOURS,IN_PRESENTATION,USERS,PROTOTYPE,COMMENTS,[NA],[NA],NONE,PUSH,AUGMENTATION,YES,OTHER,NOT_MENTIONED,,,
i7fggsifp4,1,schmidtMobilePhonesTool2006,Mobile Phones as Tool to Increase Communication and Location Awareness of Users,"Schmidt, Albrecht and Holleis, Paul and Häkkilä, Jonna and Rukzio, Enrico and Atterer, Richard",2006,,8,0.6,Flowers,"A phone screen saver where contacts are mapped to flowers whose size represents communication activity, with a sun conveying additional information",YES,ADAIS,"PROTOTYPE,USECASE",BEHAVIOURAL_CHANGE,SOCIAL,OTHER,,,,,,,,,CONTINUOUS,USER_POLL,VISUAL,PERSONAL,MEDIUM,SCREEN,"ART,ASSOCIATED",NO,20,HOURS,IN_PRESENTATION,USERS,PROTOTYPE,"INTERVIEW,QUESTIONNAIRE",[NA],SUBJECTIVE,NONE,PRESENCE,CAMOUFLAGE,NO,NA,NOT_MENTIONED,,,
i95xxvfciha,1,amoresInfluencingHumanBehavior2016,"Influencing Human Behavior by Means of Subliminal Stimuli Using Scent, Light and Brain Computer Interfaces","Amores, Judith and Maes, Pattie",2016,,3,0.7,Essence,A portable smart necklace with a piezoelectric transducer that releases subtle bursts of scent triggered by brain signals and micro face-gestures,YES,ADAIS,"PROTOTYPE,DEV",BEHAVIOURAL_CHANGE,HEALTH,HOME,,,,,,,,,EVENT,CHANGE_BLIND,"VISUAL,SMELL",PERSONAL,MEDIUM,MOTOR,FAMILIAR,NO,,,,,,,,,AWARENESS_CONSCIOUSNESS,PUSH,INVISIBILITY,YES,NONE,NOT_MENTIONED,,,
i9d1qh61ic,1,tonolliDesignAnthropologyCritique2015,A Design Anthropology Critique of Active Aging as Ageism,"Tonolli, Linda and Teli, Maurizio and D'Andrea, Vincenzo",2015,,6,1.1,,,,,,,HEALTH,,,,,,,,,,,,,,,,,,,,,,,,,,,,,,,,,,
iafyvud4a9m,1,jaschinskiIndependentAgingHelp2018,Independent Aging with the Help Op Smart Technology : Investigating the Acceptance of Ambient Assisted Living Technologies,"Jaschinski, Christina",2018,,2,0.8,,,,,,ASSISTED_LIVING,"HEALTH,SOCIAL",HOME,,,,,,,,,,,,FAMILY,,,,NO,,,,,,,,,,,,,,,,,
iamd1piiyg,1,devriesIdentityProfilingAlgorithms2010,"Identity, Profiling Algorithms and a World of Ambient Intelligence","de Vries, Katja",2010,,54,5.1,,,,AMI,,,,,,,,,,,,,,,,,,,,NO,,,,,,,,,,,,,,,,,
ibbtw4tmcl,1,patroAmbientAssistedLiving2020,Ambient Assisted Living Predictive Model for Cardiovascular Disease Prediction Using Supervised Learning,"Patro, SP and Padhy, N and Chiranjevi, D",2020,,,0,,,,,,ASSISTED_LIVING,,,,,,,,,,,,,,,,,,,,,,,,,,,,,,,,,,,
ic8slpw2iy,1,droumeva2006role,The Role of Participatory Workshops in Investigating Narrative and Sound Ecologies in the Design of an Ambient Intelligence Audio Display,"Droumeva, Milena and Wakkary, Ron",2006,,12,0.8,socio-ec(h)o,An ambient intelligent game platform delivering a responsive audio (and light) display via real-time sonification that represents game state and guides player actions,YES,"AMI,ADAIS","PROTOTYPE,ISSUES,OTHER","AID_IN_ACTIVITY,INCREASE_AWARENESS","EVENTS,ENVIRONMENT","SOCIAL,OTHER",,,,,,,,,USER,MAKE_AWARE,AUDIO,GROUP,MEDIUM,"SPEAKER,PROJECTION","ART,ASSOCIATED",NO,8,HOURS,IN_LAB,USERS,WOZ,"OBSERVATION,COMMENTS",[NA],[NA],SPATIAL_OBJECT_BINDING,PRESENCE,"INVISIBILITY,MIMICRY",NO,NA,NOT_MENTIONED,,,
ictgwqta2r,1,zhengPAViSPatternAnalysis2012,PAViS: Pattern Analysis and Visualization System for Sleep Monitoring in Ambient Assisted Living,"Zheng, H and Wang, HY and Nikamalfard, H",2012,,1,0.1,PAViS,,,AS,,ASSISTED_LIVING,,,,,,,,,,,,,,,,,,,,,,,,,,,,,,,,,,,
idsfajmvhh,1,morrisBiofeedbackRevisitedDynamic2006,Biofeedback Revisited: Dynamic Displays to Improve Health Trajectories,"Morris, Margaret",2006,,4,0.3,Remodelling stress,An exploratory sketch depicting extended stress reactivity (allostatic load) metaphorically as an inefficient heating and cooling system wearing down a building,YES,ADAIS,"CONCEPT,USECASE","INCREASE_AWARENESS,BEHAVIOURAL_CHANGE",HEALTH,"MEDICAL,HOME",,,,,,,,,CONTINUOUS,,VISUAL,PERSONAL,MEDIUM,SCREEN,NA,NO,,,,,,,,,NONE,PRESENCE,CAMOUFLAGE,NA,NA,NOT_MENTIONED,,,
iflxvxxnv9b,1,meschtscherjakovEnhancedShoppingDynamic2008,Enhanced Shopping: A Dynamic Map in a Retail Store,"Meschtscherjakov, Alexander and Reitberger, Wolfgang and Lankes, Michael and Tscheligi, Manfred",2008,,39,3.1,Ambient Store Map,"A large display in a retail store showing an enhanced store map combining customer activity visualization with product locations, bestsellers, and promotions",YES,ADAIS,PROTOTYPE,"INCREASE_AWARENESS,AID_IN_ACTIVITY","SOCIAL,OTHER",WORKPLACE,,,,,,,,,CONTINUOUS,USER_POLL,VISUAL,PUBLIC,HIGH,SCREEN,ARTIFICIAL,YES,47,HOURS,IN_SITU,USERS,PROTOTYPE,"INTERVIEW,QUESTIONNAIRE",[NA],SUBJECTIVE,NONE,PRESENCE,PERIPHERAL_PLACEMENT,NO,NA,NOT_MENTIONED,,,
igfcc1o225k,1,vodjdaniAmbientAssistedLiving2008,The Ambient Assisted Living Joint Programme,"Vodjdani, N.",2008,,5,0.4,,,,,,ASSISTED_LIVING,,,,,,,,,,,,,,,,,,,,,,,,,,,,,,,,,,,
ih6f9gqbqep,1,shiKnockKnockWhats2018,"Knock Knock, What's There: Converting Passive Objects into Customizable Smart Controllers","Shi, Lei and Ashoori, Maryam and Zhang, Yunfeng and Azenkot, Shiri",2018,,,0,,,,,,,,,,,,,,,,,,,,,,,,,,,,,,,,,,,,,,,,,
ijal4oyn52f,1,promann2013springrain,SpringRain: An Ambient Information Display,"Promann, Marlen and Ma, Yue Aaron and Wei, Shuang and Lei, Weiran Tyki and Chang, Jack Shen-Kuen and Qian, Zhenyu Cheryl and Chen, Yingjie Victor",2013,,4,0.5,SpringRain,A visual analytics ambient display showing a large-scale computer network as falling raindrop lines on a screen in a control room,YES,ADAIS,"PROTOTYPE,USECASE","INCREASE_AWARENESS,NOTIFICATION",HEALTH,WORKPLACE,,,,,,,,,CONTINUOUS,MAKE_AWARE,VISUAL,GROUP,HIGH,"SCREEN,PROJECTION",ART,NO,,,,,,,,,NONE,PRESENCE,"CAMOUFLAGE,MIMICRY",NO,NA,NOT_MENTIONED,,,
ikbwbzbsepc,1,vanceNoveltyDetectionUser2014,Novelty Detection in User Behavioural Models within Ambient Assisted Living Applications: An Experimental Evaluation,"Vance, P. J. and Das, G. P. and McGinnity, T. M. and Coleman, S. A. and Maguire, L.P.",2014,,1,0.2,,,,,,ASSISTED_LIVING,,,,,,,,,,,,,,,,,,,,,,,,,,,,,,,,,,,
iljkiu34l7a,1,favelaAmbientComputingResearch2008,"Ambient Computing Research for Healthcare: Challenges, Opportunities and Experiences","Favela, Jesús and Martínez, Ana I and Rodríguez, Marcela D and González, Víctor M",2008,,18,1.4,,,,,,,HEALTH,MEDICAL,,,,,,,,,,,,,,,,NO,,,,,,,,,,,,,,,,,
im5lhh2k0nh,1,sharkeyHeadmountedAmbientVision2000,Head-Mounted Ambient Vision Display for Helicopter Pilotage,"Sharkey, TJ and Hennessy, RT",2000,,2,0.1,,,,ADAIS,,,,,,,,,,,,,,,VISUAL,,,,,,,,,,,,,,,,,,,,,,
imhakpdwl99,1,elaliVapeTrackerTrackingVapor2016,VapeTracker: Tracking Vapor Consumption to Help E-cigarette Users Quit,"El Ali, Abdallah and Matviienko, Andrii and Feld, Yannick and Heuten, Wilko and Boll, Susanne",2016,,15,3.3,VapeTracker,A sensor device that attaches to any e-cigarette to track puffs and puff duration and provide ambient LED light feedback on vaping activity,YES,ADAIS,PROTOTYPE,"INCREASE_AWARENESS,BEHAVIOURAL_CHANGE",HEALTH,OTHER,,,,,,,,,USER,USER_POLL,VISUAL,PERSONAL,MEDIUM,LED,ASSOCIATED,NO,,,,,,,,,NONE,PRESENCE,AUGMENTATION,YES,POWER,NOT_MENTIONED,,,
io6fm2r2ijf,1,wisneskiAmbientDisplaysTurning1998,Ambient Displays: Turning Architectural Space into an Interface between People and Digital Information,"Wisneski, Craig and Ishii, Hiroshi and Dahley, Andrew and Gorbet, Matt and Brave, Scott and Ullmer, Brygg and Yarin, Paul",1998,,671,29.8,Active Wallpaper,Moving illuminated patterns on wall show human activity.,YES,ADAIS,USECASE,INCREASE_AWARENESS,SOCIAL,WORKPLACE,YES,Human Activities,NEAR,Moving Illuminated Light Patches,,,,,CONTINUOUS,MAKE_AWARE,VISUAL,PERSONAL,LOW,PROJECTION,ARTIFICIAL,NO,0,,,,,,,,"PERIPHERAL_ATTENTION,AWARENESS_CONSCIOUSNESS,SPATIAL_OBJECT_BINDING",PRESENCE,PERIPHERAL_PLACEMENT,YES,NONE,NOT_MENTIONED,,,
io70cge66cq,1,spellerbergAcceptanceAmbientAssisted2011,Acceptance of Ambient Assisted Living Solutions in Everyday Life,"Spellerberg, Annette and Schelisch, Lynn",2011,,3,0.3,,,,,,ASSISTED_LIVING,,,,,,,,,,,,,,,,,,,,,,,,,,,,,,,,,,,
iodqzn9ga2a,1,hazlewoodAmbientInformationSystems2009,On Ambient Information Systems: Challenges of Design and Evaluation,"Hazlewood, WR and Coyle, L",2009,,10,0.9,Ambient Information Systems (AIS),A conceptual paper defining ambient information systems and challenges of designing and evaluating displays that integrate information into the physical environment,NO,ADAIS,"DEFTAX,CONCEPT,ISSUES",INCREASE_AWARENESS,OTHER,OTHER,,,,,,,,,,,[NA],,,,,NO,,,,,,,,,NONE,,,NA,NA,NA,,,
iqiijr62kha,1,osorioInteroperabilityAmbientAssisted2013,Interoperability in Ambient Assisted Living Using Openehr,"Osório, E and Ferreira, L and Abreu, R",2013,,3,0.4,,,,,,ASSISTED_LIVING,,,,,,,,,,,,,,,,,,,,,,,,,,,,,,,,,,,
ir01kjrvhbg,1,hongBetterPostureAwareness2015,Better Posture Awareness through Flower-Shaped Ambient Avatar,"Hong, Jeong-ki and Song, Sunghyun and Cho, Jundong and Bianchi, Andrea",2015,,22,4,Flower Avatar,Artificial flowers that mimics user posture to encourage better posutre or streching exercise breaks,YES,ADAIS,"PROTOTYPE,USECASE","INCREASE_AWARENESS,BEHAVIOURAL_CHANGE",HEALTH,"MEDICAL,WORKPLACE",,,,,,,,,CONTINUOUS,MAKE_AWARE,"VISUAL,AUDIO,POS",PERSONAL,MEDIUM,"LED,MOTOR,SPEAKER",FAMILIAR,NO,,,,,,,,,NONE,"PRESENCE,PUSH",CAMOUFLAGE,YES,NONE,NOT_MENTIONED,,,
ir7f8381no,1,kimDesignRequirementsAmbient2010,Design Requirements for Ambient Display That Supports Sustainable Lifestyle,"Kim, Tanyoung and Hong, Hwajung and Magerko, Brian",2010,,93,8.9,Timelog,Mac OSX Dashboard widget that shows daily computer idle time and total uptime as bar graphs with numerical labels,YES,ADAIS,"PROTOTYPE,EVAL,USECASE","INCREASE_AWARENESS,BEHAVIOURAL_CHANGE","RESOURCES,HEALTH",WORKPLACE,,,,,,,,,USER,USER_POLL,VISUAL,PERSONAL,HIGH,SCREEN,ARTIFICIAL,YES,52,WEEKS,IN_SITU,USERS,PROTOTYPE,INTERVIEW,[NA],"SUBJECTIVE,OBJECTIVE",NONE,PULL,PERIPHERAL_PLACEMENT,NO,NA,NOT_MENTIONED,,,
irjfni63un,1,qinDynamicAmbientLighting2011,Dynamic Ambient Lighting for Mobile Devices,"Qin, Qian and Rohs, Michael and Kratz, Sven",2011,,23,2.4,Dynamic Ambient Light hardware prototype,A rear-of-device phone shell with 40 RGB LEDs that creates a light aura around a mobile phone to visualize off-screen objects and device state,YES,ADAIS,"PROTOTYPE,DEV,USECASE","INCREASE_AWARENESS,AID_IN_ACTIVITY,NOTIFICATION","EVENTS,OTHER","TRANSPORT,URBAN",,,,,,,,,EVENT,MAKE_AWARE,VISUAL,PERSONAL,HIGH,LED,ARTIFICIAL,NO,,,,,,,,,NONE,"PRESENCE,PUSH",AUGMENTATION,YES,OTHER,NOT_MENTIONED,,,
is9z8knedo,1,pereiraMovementActivityRecognition2016,A Movement Activity Recognition Pervasive System for Patient Monitoring in Ambient Assisted Living,"Pereira, José Daniel and da Silva e Silva, Francisco José and Coutinho, Luciano Reis and de Tácio Pereira Gomes, Berto and Endler, Markus",2016,,3,0.7,,,,AS,,ASSISTED_LIVING,,,,,,,,,,,,,,,,,,,,,,,,,,,,,,,,,,,
iscc7cvrev,1,urbietaHybridServiceMatchmaking2015,Hybrid Service Matchmaking in Ambient Assisted Living Environments Based on Context-Aware Service Modeling,"Urbieta, Aitor and González-Beltrán, Alejandra and Mokhtar, Sonia Ben and Parra, Jorge and Capra, Licia and Hossain, M. Anwar and Alelaiwi, Abdulhameed and Vázquez, Juan Ignacio",2015,,8,1.5,,,,,,ASSISTED_LIVING,,,,,,,,,,,,,,,,,,,,,,,,,,,,,,,,,,,
iszay4q8zp,1,micucciAmbientAssistedLiving2019,Ambient Assisted Living for an Ageing Society.,"Micucci, D",2019,,,0,,,,,,ASSISTED_LIVING,,,,,,,,,,,,,,,,,,,,,,,,,,,,,,,,,,,
ite587yif4p,1,munozIntroducingAmbientAssisted2015,Introducing Ambient Assisted Living Technology at the Home of the Elderly: Challenges and Lessons Learned,"Muñoz, Diego and Gutierrez, Francisco J. and Ochoa, Sergio F.",2015,,10,1.8,,,,,,ASSISTED_LIVING,,,,,,,,,,,,,,,,,,,,,,,,,,,,,,,,,,,
ityrzik1r5a,1,gomesComprehensiveCloudbasedIoT2015,A Comprehensive Cloud-Based IoT Software Infrastructure for Ambient Assisted Living,"Gomes, Berto and Muniz, Luiz and da Silva e Silva, Francisco Jose and Rios, Luis Eduardo Talavera and Endler, Markus",2015,,13,2.4,,,,IOT,,ASSISTED_LIVING,,,,,,,,,,,,,,,,,,,,,,,,,,,,,,,,,,,
iup743qwcqh,1,kunzeKontextsensitiveTechnologienUnd2008,Kontextsensitive Technologien Und Intelligente Sensorik Für Ambient-Assisted-Living-Anwendungen,"Kunze, C and Holtmann, C and Schmidt, A and Stork, W",2008,,9,0.7,,,,AS,,ASSISTED_LIVING,,,,,,,,,,,,,,,,,,,,,,,,,,,,,,,,,,,
iwlpjuvf1g,1,grossAmbientInterfacesWebbased2002,Ambient Interfaces in a Web-based Theatre of Work,"Gross, T.",2002,,25,1.4,,,,,,,,WORKPLACE,,,,,,,,,,,,,,,,NO,,,,,,,,,,,,,,,,,
iyln7zpiroc,1,bromsCoffeeMakerPatterns2010,Coffee Maker Patterns and the Design of Energy Feedback Artefacts,"Broms, Loove and Katzeff, Cecilia and Bång, Magnus and Nyblom, Åsa and Hjelm, Sara Ilstedt and Ehrnberger, Karin",2010,,99,9.4,Energy AWARE Clock,A wall-mounted clock-shaped energy display using an analogue clock metaphor to visualize a home's electricity consumption via a circular graph,YES,ADAIS,"PROTOTYPE,EVAL,USECASE",INCREASE_AWARENESS,RESOURCES,HOME,,,,,,,,,CONTINUOUS,USER_POLL,VISUAL,FAMILY,HIGH,SCREEN,"FAMILIAR,ASSOCIATED",YES,9,MONTHS,IN_SITU,USERS,PROTOTYPE,INTERVIEW,[NA],SUBJECTIVE,NONE,"PRESENCE,PULL","CAMOUFLAGE,PERIPHERAL_PLACEMENT",YES,FABRICATION,NOT_MENTIONED,,,
j079bxqkls,1,nackPillowsAdaptiveInterfaces2007,Pillows as Adaptive Interfaces in Ambient Environments,"Nack, Frank and Schiphorst, Thecla and Obrenovic, Zeljko and KauwATjoe, Michiel and de Bakker, Simon and Rosillio, Angel Perez and Aroyo, Lora",2007,,21,1.6,,,,,,,,HOME,,,,,,,,,,,,,,,,NO,,,,,WOZ,,,,,,,,,,,,
j0by2gtjepr,1,sakamotoPOCOMZAmbientMedia2006,"POCOMZ: Ambient Media Device with IM Application ""Wija","Sakamoto, Kyoichi and Saito, Kenji and Shigefuji, Aya and Takahashi, Anna and Inakage, Masa",2006,,3,0.2,POCOMZ,An ocarina-shaped lighting and music player object that reflects community members' IM status messages as colored illumination to convey presence,YES,ADAIS,"PROTOTYPE,DEV,USECASE",INCREASE_AWARENESS,SOCIAL,HOME,,,,,,,,,EVENT,CHANGE_BLIND,"VISUAL,AUDIO",PERSONAL,HIGH,"LED,SPEAKER",ARTIFICIAL,NO,,,,,,,,,NONE,PRESENCE,PERIPHERAL_PLACEMENT,YES,NONE,NOT_MENTIONED,,,
j0imf7l108a,1,livingDevelopmentAudioSensing2011,Development of Audio Sensing Technology for Ambient Assisted Living,"Living, AA",2011,,,0,,,,,,ASSISTED_LIVING,,,,,,,,,,,,,,,,,,,,,,,,,,,,,,,,,,,
j0m98muagso,1,bakkerFireFliesSupportingPrimary2012,FireFlies: Supporting Primary School Teachers through Open-Ended Interaction Design,"Bakker, Saskia and van den Hoven, Elise and Eggen, Berry",2012,,15,1.8,FireFlies,Coloured light-objects on children's desks controlled by a teacher-tool to support secondary classroom tasks,YES,ADAIS,"PROTOTYPE,EVAL,USECASE",AID_IN_ACTIVITY,"EVENTS,SOCIAL",EDUCATION,,,,,,,,,USER,CHANGE_BLIND,"VISUAL,AUDIO",PUBLIC,MEDIUM,LED,ARTIFICIAL,NO,6,WEEKS,IN_SITU,USERS,PROTOTYPE,"QUESTIONNAIRE,INTERVIEW",QUESTIONNAIRE,SUBJECTIVE,NONE,PRESENCE,PERIPHERAL_PLACEMENT,YES,NONE,NOT_MENTIONED,,,
j0oglkdswmf,1,biermannAmbientAssistedLiving2018,Ambient Assisted Living as Support for Aging in Place: Quantitative Users’ Acceptance Study on Ultrasonic Whistles,"Biermann, Hannah and Heek, Julia Offermann-van and Himmel, Simon and Ziefle, Martina",2018,,6,2.4,,,,,,ASSISTED_LIVING,,,,,,,,,,,,,,,,,,,,,,,,,,,,,,,,,,,
j120t9j6ur,1,sernaniSmartTalesAwareness2015,Smart Tales: An Awareness Game for Ambient Assisted Living,"Sernani, Paolo and Dalpiaz, Fabiano and Dragoni, Aldo Franco and Brinkkemper, Sjaak",2015,,2,0.4,Smart Tales,,,,,ASSISTED_LIVING,,,,,,,,,,,,,,,,,,,,,,,,,,,,,,,,,,,
j153kkumz39,1,kerberManagingSmartwatchNotifications2016,Managing Smartwatch Notifications through Filtering and Ambient Illumination,"Kerber, Frederic and Hirtz, Christoph and Gehring, Sven and Löchtefeld, Markus and Krüger, Antonio",2016,,10,2.2,Untitled,,,,PROTOTYPE,,,,,,,,,,,,,,VISUAL,,,,,YES,,,,,,QUESTIONNAIRE,,,,,,,,,,,
j36vy2xu3bl,1,brucknerRelievedCommissioningHuman2012,Relieved Commissioning and Human Behavior Detection in Ambient Assisted Living Systems,"Bruckner, Dietmar and Yin, Guo Qing and Faltinger, Armin",2012,,9,1.1,,,,,,ASSISTED_LIVING,,,,,,,,,,,,,,,,,,,,,,,,,,,,,,,,,,,
j3gcg0k9aso,1,hervasHomeSoundHighPerformance2017,homeSound: A High Performance Platform for Massive Data Acquisition and Processing in Ambient Assisted Living Environments.,"Hervás, M and Alsina-Pagès, RM and Navarro, J",2017,,3,0.9,homeSound,,,,,ASSISTED_LIVING,,,,,,,,,,,,,,,,,,,,,,,,,,,,,,,,,,,
j4ftvi22ol8,1,jaschinskiUnderstandingUsersAcceptance2015,Understanding the User's Acceptance of a Sensor-Based Ambient Assisted Living Application,"Jaschinski, C and Allouch, SB",2015,,4,0.7,,,,AS,,ASSISTED_LIVING,,,,,,,,,,,,,,,,,,,,,,,,,,,,,,,,,,,
j4xfcomgbpa,1,schlossAmbientMediaPublic2008,Ambient Media in Public Spaces,"Schloss, W Andrew and Stammen, Dale",2008,,5,0.4,Water Weaving Light Cycle,Large fiber-optic sculpture in a city hall stairwell that responds visually to ocean wave sounds selected via local weather from the internet,YES,ADAIS,"PROTOTYPE,USECASE,ISSUES","INCREASE_AWARENESS,OTHER",ENVIRONMENT,"URBAN,WORKPLACE",,,,,,,,,CONTINUOUS,CHANGE_BLIND,"VISUAL,AUDIO",PUBLIC,MEDIUM,LED,"ART,ASSOCIATED",NO,,,,,,,,,NONE,PRESENCE,CAMOUFLAGE,YES,NONE,NOT_MENTIONED,,,
j5590petqkl,1,reitbergerEnhancingShoppingExperience2007,Enhancing the Shopping Experience with Ambient Displays: A Field Study in a Retail Store,"Reitberger, Wolfgang and Obermair, Christoph and Ploderer, Bernd and Meschtscherjakov, Alexander and Tscheligi, Manfred",2007,,23,1.7,Ambient Store Map,A large wall-mounted plasma screen showing a map view of the retail store with red areas indicating customer activity levels,YES,ADAIS,PROTOTYPE,INCREASE_AWARENESS,SOCIAL,URBAN,,,,,,,,,CONTINUOUS,USER_POLL,VISUAL,PUBLIC,HIGH,SCREEN,ASSOCIATED,YES,400,DAYS,IN_SITU,USERS,PROTOTYPE,"INTERVIEW,OBSERVATION",[NA],OBJECTIVE,NONE,PRESENCE,PERIPHERAL_PLACEMENT,NO,NA,NOT_MENTIONED,,,
j5h6aj613gd,1,leeAmbientLampDisplay2007,Ambient Lamp Display in the Active Home Ubiquitous Computing Environment for Relaxing and Mediation,"Lee, Kyudong and Cho, Hyun Sang and Park, Kyoung Shin and Hahn, Minsoo",2007,,4,0.3,Tea Place,"An ambient lamp display above a tea table that detects tea color and shows abstract LED animation reflected on the tea surface, with ambient sounds and wind for relaxation",YES,ADAIS,"PROTOTYPE,DEV,USECASE",OTHER,ENVIRONMENT,HOME,,,,,,,,,OBJECT,USER_POLL,VISUAL,PERSONAL,MEDIUM,"LED,SPEAKER,MOTOR",FAMILIAR,NO,,,,,,,,,NONE,PRESENCE,AUGMENTATION,YES,NONE,NOT_MENTIONED,,,
j6j3pr1w3qj,1,spoladoreCasawareSemanticbasedContextaware2018,Casaware: A Semantic-Based Context-Aware System Enabling Ambient Assisted Living Solutions,"Spoladore, D and Caldarola, EG and Mahroo, A",2018,,2,0.8,Casaware,,,,,ASSISTED_LIVING,,,,,,,,,,,,,,,,,,,,,,,,,,,,,,,,,,,
j7d5zdnao3o,1,bassFacesAmbientDisplays2012,Faces as Ambient Displays: Assessing the Attention-Demanding Characteristics of Facial Expressions,"Bass, Brock M. and Pak, Richard",2012,,1,0.1,Faces as Ambient Displays,Chernoff faces with manipulated mouth expressions used to convey quantitative system confidence/reliability information,YES,ADAIS,"CONCEPT,USECASE,EVAL",INCREASE_AWARENESS,OTHER,WORKPLACE,,,,,,,,,CONTINUOUS,CHANGE_BLIND,VISUAL,PERSONAL,MEDIUM,SCREEN,NA,YES,,,,,,QUESTIONNAIRE,,,"AWARENESS_CONSCIOUSNESS,SALIENCE,PERIPHERAL_ATTENTION",PRESENCE,PERIPHERAL_PLACEMENT,NO,NA,NOT_MENTIONED,,,
j7xo6zy0kyq,1,beeviDataQualityOriented2015,Data Quality Oriented Taxonomy of Ambient Assisted Living Systems,"Beevi, F.H. Aysha and Hallerstede, S. and Pedersen, C.F. and Wagner, S.",2015,,8,1.5,,,,,DEFTAX,ASSISTED_LIVING,,,,,,,,,,,,,,,,,,,,,,,,,,,,,,,,,,,
j8oy8t75ii,1,kooiPeripheralMotionDisplays2006,Peripheral Motion Displays: Tapping the Potential of the Visual Periphery,"Kooi, Frank L and Mosch, Marcel",2006,,13,0.9,Untitled,,,,,,,,,,,,,,,,,,VISUAL,,,SCREEN,,NO,,,,,,,,,,,,,,,,,
j9l0zhqqrd,1,yamashitaAgoraSupportingMultiparticipant1999,Agora: Supporting Multi-Participant Telecollaboration.,"Yamashita, Jun and Kuzuoka, Hideaki and Yamazaki, Keiichi and Miki, Hiroyuki and Yamazaki, Akiko and Kato, Hiroshi and Suzuki, Hideyuki",1999,,21,1,Agora,,,,,,,,,,,,,,,,,,,,,,,,,,,,,,,,,,,,,,,,
j9wqkfes1vk,1,matthewsDesignStudyAmbienta,Design and Study of an Ambient Display Embedded in the Wardrobe,"Matthews, T and Gellersen, H and Laerhoven, K Van and Dey, A",,,,0,,,,ADAIS,,,,,,,,,,,,,,,,,,,,,,,,,,,,,,,,,,,,,
jbv0xqc3n5,1,kaneriyaStandardisingUseDuplex2019,Standardising the Use of Duplex Channels in 5G-WiFi Networking for Ambient Assisted Living,"Kaneriya, Shriya and Vora, Jayneel and Tanwar, Sudeep and Tyagi, Sudhanshu",2019,,11,7.3,,,,,,ASSISTED_LIVING,,,,,,,,,,,,,,,,,,,,,,,,,,,,,,,,,,,
jd0exwnem8,1,loserDriftingServiceDevelopment2012,A Drifting Service Development: Applying Sociotechnical Design in an Ambient Assisted Living Project,"Loser, KU and Nolte, A and Prilla, M and Skrotzki, R",2012,,2,0.2,,,,,,ASSISTED_LIVING,,,,,,,,,,,,,,,,,,,,,,,,,,,,,,,,,,,
jd2hlbs7vwe,1,keshShoppingBlindPeople2017,Shopping by Blind People: Detection of Interactions in Ambient Assisted Living Environments Using RFid,"Kesh, S",2017,,7,2,,,,,,ASSISTED_LIVING,,,,,,,,,,,,,,,,,,,,,,,,,,,,,,,,,,,
jd5wnlddgf,1,owdaPredictableReliableTime2014,Predictable and Reliable Time Triggered Platform for Ambient Assisted Living,"Owda, Zaher and Abuteir, Mohammed and Obermaisser, Roman and Dakheel, Hamzah",2014,,5,0.8,,,,,,ASSISTED_LIVING,,,,,,,,,,,,,,,,,,,,,,,,,,,,,,,,,,,
jdhq6fr6f2j,1,hazlewood2008exploring,Exploring Evaluation Methods for Ambient Information Systems,"Hazlewood, William and Connelly, Kay and Makice, Kevin and Lim, Youn-kyung",2008,,30,2.4,Ambient Orb,A frosted glass sphere that changes color to display the mean student confidence level for instructors after each class,YES,ADAIS,"EVAL,ISSUES",INCREASE_AWARENESS,"EVENTS,SOCIAL",EDUCATION,,,,,,,,,CONTINUOUS,CHANGE_BLIND,VISUAL,PERSONAL,MEDIUM,LED,ARTIFICIAL,YES,6,MONTHS,IN_SITU,USERS,PROTOTYPE,INTERVIEW,[NA],[NA],NONE,PRESENCE,PERIPHERAL_PLACEMENT,NO,NA,NOT_MENTIONED,,,
jdyg5v0f9r,1,shadboltAmbientIntelligence2003,Ambient Intelligence,"Shadbolt, Nigel",2003,,226,12.9,,,,,,,,"HOME,WORKPLACE",,,,,,,,,,,,,,,,,,,,,,,,,,,,,,,,,
je5acz323g,1,arreolaCheckingCheckingDesigning2014,From Checking on to Checking in: Designing for Low Socio-Economic Status Older Adults,"Arreola, Ingrid and Morris, Zan and Francisco, Matthew and Connelly, Kay and Caine, Kelly and White, Ginger",2014,,29,4.5,Ambient Plant,Paired plants that display the activity of a remote caregiver or older adult via LEDs based on motion sensor data,YES,ADAIS,"PROTOTYPE,USECASE","INCREASE_AWARENESS,ASSISTED_LIVING",HEALTH,"MEDICAL,HOME",,,,,,,,,EVENT,USER_POLL,VISUAL,PERSONAL,LOW,LED,FAMILIAR,YES,65,WEEKS,"IN_SITU,IN_LAB",USERS,PROTOTYPE,COMMENTS,[NA],[NA],NONE,PRESENCE,CAMOUFLAGE,YES,NONE,NOT_MENTIONED,,,
jemtpptsd2,1,brewsterTactileFeedbackAmbient2010,Tactile Feedback for Ambient Awareness in Mobile Interactions,"Brewster, Stephen and Constantin, Aurora",2010,,14,1.3,,,,,,,,WORKPLACE,,,,,,,,,,,HAPTIC,,,,,YES,,,,,,,,,,,,,,,,,
jf9zuo0svs,1,palaySuChefInkitchenDisplay2009,"SuChef: An in-Kitchen Display to Assist with ""Everyday"" Cooking","Palay, Joshua and Newman, Mark",2009,,18,1.6,SuChef,An in-kitchen paper-prototype display showing everyday meal suggestions and shared recipes via a matrix of recipe cards mounted on a refrigerator or oven,YES,ADAIS,"PROTOTYPE,USECASE,EVAL","AID_IN_ACTIVITY,BEHAVIOURAL_CHANGE",HEALTH,HOME,,,,,,,,,CONTINUOUS,USER_POLL,VISUAL,HOUSEHOLD,HIGH,SCREEN,ASSOCIATED,YES,5,WEEKS,IN_SITU,USERS,REDUCED_PROTOTYPE,INTERVIEW,[NA],"SUBJECTIVE,OBJECTIVE",NONE,"PRESENCE,PULL",PERIPHERAL_PLACEMENT,YES,NONE,NO,,,
jfay8r27j7,1,riggerDesignSciencePractice2015,Design Science in Practice: Design and Evaluation of an Art Based Information System to Improve Indoor Air Quality at Schools,"Rigger, Paul and Wortmann, Felix and Dahlinger, André",2015,,2,0.4,CO2-Albert,,,,,INCREASE_AWARENESS,"HEALTH,ENVIRONMENT","EDUCATION,WORKPLACE,MEDICAL",,,,,,,,,,,,,,,,YES,,,,,,QUESTIONNAIRE,,,,,,,,,,,
jfj93bkg8s,1,panekLivingLabOld2007,Towards a Living Lab for Old People and Their Carers as Co-Creators of Ambient Assisted Living (Aal) Technologies and Applications,"Panek, P and Rauhala, M and Zagler, WL",2007,,10,0.7,,,,,,ASSISTED_LIVING,,,,,,,,,,,,,,,,,,,,,,,,,,,,,,,,,,,
jgd0p1mue3d,1,tolmie2002unremarkable,Unremarkable Computing,"Tolmie, Peter and Pycock, James and Diggins, Tim and MacLean, Allan and Karsenty, Alain",2002,,391,21.1,,,,,,,,"WORKPLACE,HOME",,,,,,,,,,,,,,,,YES,,,,,,INTERVIEW,,,,,,,,,,,
jgdznsc8j1,1,bartschEvaluationDifferentMicrophone2010,Evaluation of Different Microphone Arrays and Localization Algorithms in the Context of Ambient Assisted Living,"Bartsch, C and Volgenandt, A and Rohdenburg, T",2010,,3,0.3,,,,,,ASSISTED_LIVING,,,,,,,,,,,,,,,,,,,,,,,,,,,,,,,,,,,
jgzeyl8z2na,1,moereHubscapeAmbientDisplay2005,Hubscape: Ambient Display as Physical Space,"Moere, AV and Page, M and Lau, SWC and Cauchi, H",2005,,1,0.1,Hubscape,"Spatial ambient visualization installation using home automation lights, fans, and wall projections to display network and sensor data in a computer lab hub room",YES,ADAIS,"PROTOTYPE,USECASE",INCREASE_AWARENESS,"ENVIRONMENT,EVENTS,OTHER","EDUCATION,WORKPLACE",,,,,,,,,CONTINUOUS,CHANGE_BLIND,"VISUAL,AIRMOVE",PUBLIC,HIGH,"PROJECTION,MOTOR,LED","ART,ASSOCIATED",NO,,,,,,,,,NONE,PRESENCE,"CAMOUFLAGE,AUGMENTATION",YES,NONE,NOT_MENTIONED,,,
jhmm6gnm0jf,1,neilLimberExploringMotivation2013,Limber: Exploring Motivation in a Workplace Exergame,"Neil, Derek and Perrault, Samuel and Lapierre, Nathan and Reilly, Derek and Parker, David and Bal, Harjot",2013,,6,0.8,Limber,An ambient display next to the user that gradually changes colors based on the player's posture and movement interactions,YES,ADAIS,"PROTOTYPE,USECASE",BEHAVIOURAL_CHANGE,HEALTH,WORKPLACE,,,,,,,,,USER,MAKE_AWARE,VISUAL,PERSONAL,MEDIUM,SCREEN,ARTIFICIAL,YES,,,,,,INTERVIEW,,,NONE,"PRESENCE,PUSH",PERIPHERAL_PLACEMENT,NO,NA,NOT_MENTIONED,,,
ji4d4u9zsa,1,occhialiniDesignEvaluationAmbient2011,Design and Evaluation of an Ambient Display to Support Time Management during Meetings,"Occhialini, Valentina and van Essen, Harm and Eggen, Berry",2011,,36,3.8,Full-scale mock-up using halogen lamps,Eight halogen spots with color filters projecting colored light beams on a wall to show meeting progress and timing during a presentation,YES,ADAIS,PROTOTYPE,"INCREASE_AWARENESS,AID_IN_ACTIVITY",EVENTS,WORKPLACE,,,,,,,,,CONTINUOUS,MAKE_AWARE,VISUAL,GROUP,MEDIUM,SCREEN,ARTIFICIAL,YES,10,HOURS,IN_LAB,USERS,REDUCED_PROTOTYPE,"INTERVIEW,QUESTIONNAIRE",[NA],[NA],"SALIENCE,SPATIAL_OBJECT_BINDING","PRESENCE,PUSH","PERIPHERAL_PLACEMENT,CAMOUFLAGE",YES,FABRICATION,NOT_MENTIONED,,,
jjnnyrrrki,1,grosse-puppendahlSwissCheeseExtendedObject2013,Swiss-Cheese Extended: An Object Recognition Method for Ubiquitous Interfaces Based on Capacitive Proximity Sensing,"Grosse-Puppendahl, Tobias and Braun, Andreas and Kamieth, Felix and Kuijper, Arjan",2013,,38,5.1,,,,,,,HEALTH,,,,,,,,,,,,,,,,,YES,,,,,,QUESTIONNAIRE,,,,,,,,,,,
jk2jkzjoq9,1,ribeiroSmartContentSelection2013,Smart Content Selection for Public Displays in Ambient Intelligence Environments,"Ribeiro, Fernando Reinaldo and José, Rui",2013,,8,1.1,,,,ADAIS,,,,,,,,,,,,,,,[NA],,,,,,,,,,,,,,,,,,,,,,
jk88n76wq3p,1,vanalphenLernantoUsingAmbient2016,Lernanto: Using an Ambient Display During Differentiated Instruction,"van Alphen, Erik and Bakker, Saskia",2016,,18,4,Lernanto,"Students represented by octagonal shapes on screens, color gradient of shape represents delta to expected performance (e.g. Faster, slower or as expected)",YES,ADAIS,"USECASE,EVAL,PROTOTYPE","INCREASE_AWARENESS,AID_IN_ACTIVITY","EVENTS,OTHER",EDUCATION,,,,,,,,,CONTINUOUS,USER_POLL,VISUAL,PUBLIC,HIGH,SCREEN,ARTIFICIAL,YES,2,WEEKS,IN_SITU,USERS,PROTOTYPE,INTERVIEW,[NA],SUBJECTIVE,NONE,PRESENCE,PERIPHERAL_PLACEMENT,YES,NONE,NOT_MENTIONED,,,
jlcjscso2g,1,bujnowskiElectricalProptertiesSolution2018,Electrical Propterties of Solution Mixtures for Bath Supervision in Ambient Assisted Living,"Bujnowski, Adam and Osinski, Kamil and Polinski, Artur and Kocejko, Tomasz and Wtorek, Jerzy and Andrushevich, Alexey",2018,,1,0.4,,,,,,ASSISTED_LIVING,,,,,,,,,,,,,,,,,,,,,,,,,,,,,,,,,,,
jlo5ae3hyrc,1,carnevaliContinuoustimeModelbasedApproach2015,A Continuous-Time Model-Based Approach to Activity Recognition for Ambient Assisted Living,"Carnevali, Laura and Nugent, Christopher and Patara, Fulvio and Vicario, Enrico",2015,,9,1.6,,,,,,ASSISTED_LIVING,,,,,,,,,,,,,,,,,,,,,,,,,,,,,,,,,,,
jmpmchl2cn,1,leitaoModelosNegocioPara2012,Modelos de Negócio Para Ambient Assisted Living,"Leitão, ACC",2012,,1,0.1,,,,,,ASSISTED_LIVING,,,,,,,,,,,,,,,,,,,,,,,,,,,,,,,,,,,
jnsomku5lx,1,kimAmbientWallSmart2011,Ambient Wall: Smart Wall Display Interface Which Can Be Controlled by Simple Gesture for Smart Home,"Kim, Hark-Joon and Jeong, Kyung-Ho and Kim, Seon-Kyo and Han, Tack-Don",2011,,31,3.3,Ambient Wall,Projection of smart home screen onto wall,YES,ADAIS,"PROTOTYPE,USECASE","INCREASE_AWARENESS,NOTIFICATION,AID_IN_ACTIVITY","EVENTS,SOCIAL,ENVIRONMENT,OTHER",HOME,,,,,,,,,EVENT,MAKE_AWARE,VISUAL,HOUSEHOLD,HIGH,SCREEN,ARTIFICIAL,NO,,,,,,,,,NONE,"PUSH,PULL,PRESENCE",INVISIBILITY,NO,NA,NOT_MENTIONED,,,
jo40nb6x93d,1,aartsICDesignChallenges2003,IC Design Challenges for Ambient Intelligence,"Aarts, Emile and Roovers, Raf",2003,,75,4.3,,,,AMI,,INCREASE_AWARENESS,HEALTH,"MEDICAL,WORKPLACE",,,,,,,,,,,,,,,,,,,,,,,,,,,,,,,,,
jp5plzwceig,1,sheltonWaveWatchAmbientDisplay2017,WaveWatch – An Ambient Display of Web Traffic Data,"Shelton, B and Nesbitt, K",,,,0,WaveWatch,A wall-mounted LCD screen showing a 3D rendered animated ocean scene whose wave turbulence reflects real-time web traffic,YES,ADAIS,"PROTOTYPE,USECASE,EVAL",INCREASE_AWARENESS,OTHER,WORKPLACE,,,,,,,,,CONTINUOUS,MAKE_AWARE,VISUAL,GROUP,MEDIUM,SCREEN,ART,YES,15,WEEKS,IN_SITU,USERS,PROTOTYPE,"QUESTIONNAIRE,COMMENTS,HEURISTIC_EVALUATION",[NA],[NA],NONE,PRESENCE,"CAMOUFLAGE,MIMICRY",NO,NA,NOT_MENTIONED,,,
jpej48nzk7b,1,sowjanyaBigDataBased2019,Big Data Based Enhanced Ambient Assisted Living System Framework,"Sowjanya, K and Dasgupta, Mou",2019,,,0,,,,,,ASSISTED_LIVING,,,,,,,,,,,,,,,,,,,,,,,,,,,,,,,,,,,
jqx6cayd2f,1,jentschEnergySavingSupportSystem2011,An Energy-Saving Support System for Office Environments,"Jentsch, Marc and Jahn, Marco and Pramudianto, Ferry and Simon, Jonathan and Al-Akkad, Amro",2011,,12,1.3,Untitled,,,,,"INCREASE_AWARENESS,BEHAVIOURAL_CHANGE",RESOURCES,WORKPLACE,,,,,,,,,,,VISUAL,,,,,YES,,,,,,"INTERVIEW,QUESTIONNAIRE",,,,,,,,,,,
jre3e690dgk,1,honigDevelopingEnablingTechnologies2008,"Developing Enabling Technologies for Ambient Assisted Living: Natural Language Interfaces, Automatic Focus Detection and User State Recognition","Hönig, F and Hacker, C and Warnke, V and Nöth, E",2008,,2,0.2,,,,,,ASSISTED_LIVING,,,,,,,,,,,,,,,,,,,,,,,,,,,,,,,,,,,
jrhexk9lwkb,1,mandelPeopleTrackingAmbient2016,People Tracking in Ambient Assisted Living Environments Using Low-Cost Thermal Image Cameras,"Mandel, Christian and Autexier, Serge",2016,,7,1.6,,,,,,ASSISTED_LIVING,,,,,,,,,,,,,,,,,,,,,,,,,,,,,,,,,,,
jrwg80ie1cq,1,rodriguezAmbientComputingSupport2015,Ambient Computing to Support the Association ofContextual Cues with Medication Taking,"Rodríguez, Md and Zárate, E and Stawarz, K and García-Vázquez, Jp and Ibarra, Eje",2015,,11,2,,,,,,,HEALTH,"MEDICAL,HOME",,,,,,,,,,,,,,,,YES,,,,,,INTERVIEW,,,,,,,,,,,
js0fvz6o7h,1,streitzHumanComputerInteraction2007,From Human–Computer Interaction to Human–Environment Interaction: Ambient Intelligence and the Disappearing Computer,"Streitz, Norbert A.",2007,,34,2.5,,,,AMI,,,,WORKPLACE,,,,,,,,,,,,,,,,YES,,,,,,,,,,,,,,,,,
jsav8kd6vmn,1,omalleyDataMiningOffice2012,Data Mining Office Behavioural Information from Simple Sensors,"O'Malley, Samuel J. and Smith, Ross T. and Thomas, Bruce H.",2012,,5,0.6,Traffic Light Visualisation,Ambient traffic-light style lights showing an office occupant's availability (green/yellow/red) to co-workers in the building,YES,"AS,ADAIS","PROTOTYPE,USECASE",INCREASE_AWARENESS,SOCIAL,WORKPLACE,,,,,,,,,CONTINUOUS,USER_POLL,VISUAL,GROUP,MEDIUM,LED,ASSOCIATED,NO,,,,,,,,,NONE,PRESENCE,PERIPHERAL_PLACEMENT,YES,NONE,NOT_MENTIONED,,,
jseojbkvxsr,1,fernandez-luqueLowpowerOccupancySensor2015,Low-Power Occupancy Sensor for an Ambient Assisted Living System,"Fernandez-Luque, Francisco and Zapata, Juan and Ruiz, Ramón",2015,,1,0.2,,,,AS,,ASSISTED_LIVING,,,,,,,,,,,,,,,,,,,,,,,,,,,,,,,,,,,
jt40jhbc54l,1,gomesAnAmbientAssisted2018,An Ambient Assisted Living Research Approach Targeting Real-Time Challenges,"Gomes, Eliza and Umilio, Franco and Dantas, M.A.R. and Plentz, Patricia Della Mea",2018,,3,1.2,,,,,,ASSISTED_LIVING,,,,,,,,,,,,,,,,,,,,,,,,,,,,,,,,,,,
jthw1lwfw5,1,martinsUsabilityEvaluationAmbient2016,Usability Evaluation of Ambient Assisted Living Systems Using a Multi-Method Approach,"Martins, AI and Queirós, A and Silva, AG and Rocha, NP",2016,,4,0.9,,,,,,ASSISTED_LIVING,,,,,,,,,,,,,,,,,,,,,,,,,,,,,,,,,,,
jtnvi2hfyzb,1,alemanAmbientDisplaysAssist2016,Ambient Displays to Assist Caregivers Monitoring the Sleep of People with Dementia,"Alemán, Carlos A. and Favela, Jesús",2016,,1,0.2,White noises,,,"ADAIS,AS",,INCREASE_AWARENESS,HEALTH,MEDICAL,,,,,,,,,,,AUDIO,,,,,YES,,,,,,INTERVIEW,,,NONE,,,NA,NA,NOT_MENTIONED,,,
jty239qode,1,marquesIndoorMonitoringSystem2016,An Indoor Monitoring System for Ambient Assisted Living Based on Internet of Things Architecture,"Marques, Gonçalo and Pitarma, Rui",2016,,98,21.8,,,,"IOT,AS",,ASSISTED_LIVING,,,,,,,,,,,,,,,,,,,,,,,,,,,,,,,,,,,
jvc1dk6q1re,1,adamiAmbientAssistedLiving2013,Ambient Assisted Living for the Motor Impaired,"Adami, I and Antona, M and Stephanidis, C",2013,,1,0.1,,,,,,ASSISTED_LIVING,,,,,,,,,,,,,,,,,,,,,,,,,,,,,,,,,,,
jvxaoy5bynl,1,moereTyrannyPixelExploring2008,Beyond the Tyranny of the Pixel: Exploring the Physicality of Information Visualization,"Moere, Andrew Vande",2008,,97,7.8,,,,,DEFTAX,INCREASE_AWARENESS,RESOURCES,,,,,,,,,,,,VISUAL,,,,,NO,,,,,,,,,,,,,,,,,
jxp5qs501k,1,nugentAmbientAssistedLiving2013,Ambient Assisted Living and Active Aging,"Nugent, C and Coronato, A and Bravo, J",2013,,1,0.1,,,,,,ASSISTED_LIVING,,,,,,,,,,,,,,,,,,,,,,,,,,,,,,,,,,,
jy4l148fp6r,1,novitzkyReviewContemporaryWork2015,A Review of Contemporary Work on the Ethics of Ambient Assisted Living Technologies for People with Dementia,"Novitzky, Peter and Smeaton, Alan F. and Chen, Cynthia and Irving, Kate and Jacquemard, Tim and O’Brolcháin, Fiachra and O’Mathúna, Dónal and Gordijn, Bert",2015,,79,14.4,,,,,,ASSISTED_LIVING,,,,,,,,,,,,,,,,,,,,,,,,,,,,,,,,,,,
jyp93fqibj,1,suryadevaraAmbientAssistedLiving2014,Ambient Assisted Living Environment towards Internet of Things Using Multifarious Sensors Integrated with XBee Platform,"Suryadevara, NK and Kelly, S and Mukhopadhyay, SC",2014,,14,2.2,,,,"IOT,AS",,ASSISTED_LIVING,,,,,,,,,,,,,,,,,,,,,,,,,,,,,,,,,,,
jzvnk9iyykg,1,rosasDevelopmentEcosystemAmbient2013,Development of an Ecosystem for Ambient Assisted Living,"Rosas, J and Camarinha-Matos, LM and Carvalho, G",2013,,5,0.7,,,,,,ASSISTED_LIVING,,,,,,,,,,,,,,,,,,,,,,,,,,,,,,,,,,,
k08o6cccv2c,1,alromiRequirementsEngineeringAmbient2015,Requirements Engineering of Ambient Assisted Living Technologies for People with Alzheimer’s,"AlRomi, Afnan and AlOfisan, Ghadah and AlRomi, Norah and AlMagooshi, Sulaf and Al-wabil, Areej",2015,,1,0.2,,,,,,ASSISTED_LIVING,,,,,,,,,,,,,,,,,,,,,,,,,,,,,,,,,,,
k0m0k8w6c5c,1,visser2011just,Just Saying ‘Hi’ Means a Lot: Designing Subtle Interactions for Social Connectedness,"Visser, Thomas and Vastenburg, Martijn and Keyson, David",2011,,2,0.2,KeyPing,,,,,INCREASE_AWARENESS,"SOCIAL,HEALTH","MEDICAL,HOME",,,,,,,,,,,,,,,,YES,,,,,,INTERVIEW,,,,,,,,,,,
k0szvuhkhoh,1,meigalAmbientAssistedLiving2020,Ambient Assisted Living At-Home Laboratory for Motor Status Diagnostics in Parkinson's Disease Patients and Aged People,"Meigal, Alexander Yu. and Korzun, Dmitry G. and Moschevikin, Alex P. and Reginya, Sergey and Gerasimova-Meigal, Liudmila I.",2020,,1,2,,,,,,ASSISTED_LIVING,,,,,,,,,,,,,,,,,,,,,,,,,,,,,,,,,,,
k15cwp6gbse,1,bovermannTangibleEnvironmentAmbient2006,A Tangible Environment for Ambient Data Representation,"Bovermann, Till and Hermann, Thomas and Ritter, Helge",2006,,18,1.2,,,,TUI,,,,,,,,,,,,,,,HAPTIC,,,,,NO,,,,,,,,,,,,,,,,,
k1g3oqgbu2,1,elsholzDesigningExtensibleArchitecture2009,Designing an Extensible Architecture for Personalized Ambient Information,"Elsholz, Jan-Patrick and de Melo, Guido and Hermann, Marc and Weber, Michael",2009,,1,0.1,Personalizable Ambient Fixture,An illuminating keyboard and force-feedback mouse augmented to display personalized multimodal notifications driven by an extensible notification architecture,YES,ADAIS,"DEV,PROTOTYPE,EVAL",INCREASE_AWARENESS,EVENTS,WORKPLACE,,,,,,,,,EVENT,MAKE_AWARE,"VISUAL,HAPTIC",PERSONAL,MEDIUM,"LED,MOTOR",ARTIFICIAL,YES,48,HOURS,IN_LAB,USERS,PROTOTYPE,"QUESTIONNAIRE,HEURISTIC_EVALUATION,TASK_PERFORMANCE",DUAL_TASK,[NA],AWARENESS_CONSCIOUSNESS,PUSH,"AUGMENTATION,PERIPHERAL_PLACEMENT",YES,NONE,NO,,,
k1gfjjj5bw,1,khooLuminaSoftKinetic2013,Lumina: A Soft Kinetic Material for Morphing Architectural Skins and Organic User Interfaces,"Khoo, Chin Koi and Salim, Flora D.",2013,,18,2.4,Blind,A form-changing organic user interface with multiple eye-like apertures on a soft silicone skin that opens and closes to display binary images and motion graphics through light penetration,YES,ADAIS,PROTOTYPE,INCREASE_AWARENESS,RESOURCES,URBAN,,,,,,,,,EVENT,CHANGE_BLIND,POS,PUBLIC,MEDIUM,MOTOR,"ART,ARTIFICIAL",NO,,,,,,,,,NONE,PRESENCE,AUGMENTATION,YES,FABRICATION,NOT_MENTIONED,,,
k29upq4fp3g,1,leonardiExploringLimitsOpportunities2011,Exploring Limits and Opportunities for Public Displays in Dementia Care Centers,"Leonardi, Chiara and Zancanaro, Massimo",2011,,1,0.1,Aquarium,,,,,INCREASE_AWARENESS,"RESOURCES,HEALTH","MEDICAL,HOME",,,,,,,,,,,,PUBLIC,,,,YES,,,,,,INTERVIEW,,,,,,,,,,,
k2fctu8mnng,1,lochtefeldAmbiPadEnrichingMobile2014,ambiPad: Enriching Mobile Digital Media with Ambient Feedback,"Löchtefeld, Markus and Lautemann, Nadine and Gehring, Sven and Krüger, Antonio",2014,,18,2.8,ambiPad,An Android tablet augmented with an ambient light frame and Peltier elements for thermal stimuli synchronized with video media,YES,ADAIS,PROTOTYPE,"AID_IN_ACTIVITY,OTHER",OTHER,HOME,,,,,,,,,CONTINUOUS,MAKE_AWARE,VISUAL,PERSONAL,HIGH,"LED,SCREEN",ARTIFICIAL,YES,21,HOURS,IN_LAB,USERS,PROTOTYPE,QUESTIONNAIRE,[NA],[NA],NONE,PRESENCE,AUGMENTATION,YES,NOISE,NOT_MENTIONED,,,
k3b4hwgjjv,1,hindusCasablancaDesigningSocial2001,Casablanca: Designing Social Communication Devices for the Home,"Hindus, Debby and Mainwaring, Scott D. and Leduc, Nicole and Hagström, Anna Elizabeth and Bayley, Oliver",2001,,378,19.4,Intentional Presence Lamp,A decorative lamp/picture-frame device that displays a remote person's intentionally indicated presence via floating object images on a lampshade or curtain display,YES,ADAIS,PROTOTYPE,INCREASE_AWARENESS,SOCIAL,HOME,,,,,,,,,USER,USER_POLL,VISUAL,FAMILY,LOW,SCREEN,FAMILIAR,NO,,HOURS,IN_PRESENTATION,EXPERTS,PROTOTYPE,"COMMENTS,OBSERVATION",[NA],[NA],NONE,PRESENCE,"AUGMENTATION,CAMOUFLAGE",YES,NONE,NOT_MENTIONED,,,
k3knlw60c3,1,meschtscherjakovChaseLightAmbientLED2015,ChaseLight: Ambient LED Stripes to Control Driving Speed,"Meschtscherjakov, Alexander and Döttlinger, Christine and Rödel, Christina and Tscheligi, Manfred",2015,,29,5.3,ChaseLight,Programmable LED stripe mounted along the A-pillar of a car showing moving chase lights to convey driving speed,YES,ADAIS,"PROTOTYPE,EVAL,USECASE","BEHAVIOURAL_CHANGE,INCREASE_AWARENESS,AID_IN_ACTIVITY",SAFETY,TRANSPORT,,,,,,,,,CONTINUOUS,CHANGE_BLIND,VISUAL,PERSONAL,MEDIUM,LED,ARTIFICIAL,YES,24,HOURS,IN_LAB,USERS,PROTOTYPE,QUESTIONNAIRE,QUESTIONNAIRE,OBJECTIVE,NONE,PRESENCE,PERIPHERAL_PLACEMENT,YES,OTHER,NOT_MENTIONED,,,
k3q11nl1ygk,1,irizar-arrietaAddressingBehaviouralTechnologies2020,Addressing Behavioural Technologies Through the Human Factor: A Review,"Irizar-Arrieta, Ane and Gomez-Carmona, Oihane and Bilbao-Jayo, Aritz and Casado-Mansilla, Diego and Lopez-De-Ipina, Diego and Almeida, Aitor",2020,,2,4,,,,,,INCREASE_AWARENESS,RESOURCES,,,,,,,,,,,,,,,,,,,,,,,,,,,,,,,,,,
k3sq7ggqkve,1,streitzDesigningSmartArtifacts2005,Designing Smart Artifacts for Smart Environments,"Streitz, Norbert A and Rocker, Carsten and Prante, Thorsten and Van Alphen, Daniel and Stenzel, Richard and Magerkurth, Carsten",2005,,198,12.8,,,,,,INCREASE_AWARENESS,,WORKPLACE,,,,,,,,,,,,,,,,NO,,,,,,,,,,,,,,,,,
k4a5yavqg8,1,macintyreSupportMultitaskingBackground2001,Support for Multitasking and Background Awareness Using Interactive Peripheral Displays,"MacIntyre, Blair and Mynatt, Elizabeth D and Voida, Stephen and Hansen, Klaus M and Tullio, Joe and Corso, Gregory M",2001,,236,12.1,Kimura,Augmented office with interactive projected peripheral wall displays showing montages of background working contexts and context-aware awareness cues,YES,ADAIS,"PROTOTYPE,DEV,USECASE",INCREASE_AWARENESS,"EVENTS,SOCIAL,OTHER",WORKPLACE,,,,,,,,,CONTINUOUS,MAKE_AWARE,VISUAL,PERSONAL,HIGH,SCREEN,ARTIFICIAL,YES,,,,,,,,,NONE,"PRESENCE,PULL",PERIPHERAL_PLACEMENT,NO,NA,NOT_MENTIONED,,,
k5603ttpgia,1,rodgersExploringAmbientArtistic2011,Exploring Ambient and Artistic Visualization for Residential Energy Use Feedback,"Rodgers, J. and Bartram, L.",2011,,116,12.2,,,,,,INCREASE_AWARENESS,RESOURCES,"HOME,WORKPLACE",,,,,,,,,,,VISUAL,,,,,YES,,,,,,"INTERVIEW,QUESTIONNAIRE",,,,,,,,,,,
k591egvdkc,1,sanchez-piCentralizedApproachAmbient2009,A Centralized Approach to an Ambient Assisted Living Application: An Intelligent Home,"Sánchez-Pi, Nayat and Molina, José Manuel",2009,,18,1.6,,,,,,ASSISTED_LIVING,,,,,,,,,,,,,,,,,,,,,,,,,,,,,,,,,,,
k5t0h9hbok,1,mirlacherAmbientRabbitsLikeability2009,Ambient Rabbits Likeability of Embodied Ambient Displays,"Mirlacher, Thomas and Buchner, Roland and Förster, Florian and Weiss, Astrid and Tscheligi, Manfred",2009,,24,2.1,Weather Forecast,"A tablet PC showing an abstract weather forecast using colored lights and bars for day, weather condition and temperature change",YES,ADAIS,"EVAL,PROTOTYPE",INCREASE_AWARENESS,ENVIRONMENT,"WORKPLACE,SOCIAL",,,,,,,,,CONTINUOUS,USER_POLL,VISUAL,PUBLIC,MEDIUM,SCREEN,ARTIFICIAL,YES,32,WEEKS,IN_SITU,USERS,PROTOTYPE,"INTERVIEW,QUESTIONNAIRE",[NA],[NA],NONE,PRESENCE,PERIPHERAL_PLACEMENT,NO,NA,NO,,,
k69fps1gypb,1,mullerSparkleAmbientLight2014,Sparkle: An Ambient Light Display for Dynamic off-Screen Points of Interest,"Müller, Heiko and Löcken, Andreas and Heuten, Wilko and Boll, Susanne",2014,,27,4.2,Sparkle,"LED light strips surrounding a tablet computer that indicate the location, distance and criticality of dynamic off-screen points of interest",YES,ADAIS,PROTOTYPE,"INCREASE_AWARENESS,AID_IN_ACTIVITY,NOTIFICATION","SAFETY,EVENTS","TRANSPORT,WORKPLACE",,,,,,,,,EVENT,MAKE_AWARE,VISUAL,PERSONAL,MEDIUM,LED,ARTIFICIAL,YES,136,HOURS,IN_LAB,"USERS,EXPERTS",PROTOTYPE,"INTERVIEW,QUESTIONNAIRE",QUESTIONNAIRE,OBJECTIVE,NONE,"PRESENCE,PUSH","PERIPHERAL_PLACEMENT,AUGMENTATION",YES,FABRICATION,NOT_MENTIONED,,,
k6eixnnb6mj,1,carolisEmpathicSocialRobot2015,Towards an Empathic Social Robot for Ambient Assisted Living.,"Carolis, BN De and Ferilli, S and Palestra, G",2015,,5,0.9,,,,,,ASSISTED_LIVING,,,,,,,,,,,,,,,,,,,,,,,,,,,,,,,,,,,
k6n90hyl2k,1,alesiiShortRangeWireless2013,Short Range Wireless Solutions Enabling Ambient Assisted Living to Support People Affected by the Down Syndrome,"Alesii, R. and Graziosi, F. and Marchesani, S. and Rinaldi, C. and Santic, M. and Tarquini, F.",2013,,12,1.6,,,,,,ASSISTED_LIVING,,,,,,,,,,,,,,,,,,,,,,,,,,,,,,,,,,,
k6nt8g1tsf,1,mulvennaVisualizationDataAmbient2011,Visualization of Data for Ambient Assisted Living Services,"Mulvenna, M and Carswell, W and Mccullagh, P and Augusto, J C and Zheng, H and Jeffers, P and Wang, H and Martin, S",2011,,48,5.1,,,,,,"INCREASE_AWARENESS,ASSISTED_LIVING",HEALTH,MEDICAL,,,,,,,,,,,VISUAL,,,,,NO,,,,,,,,,,,,,,,,,
k7mmvji676l,1,alsulamiElderlySaudiArabians2016,Elderly Saudi Arabians' Perceptions and Attitudes towards Using Ambient Assisted Living Technologies',"Alsulami, MH and Atkins, AS",2016,,6,1.3,,,,,,ASSISTED_LIVING,,,,,,,,,,,,,,,,,,,,,,,,,,,,,,,,,,,
k97461g3878,1,hemmertLifePocketAmbient2009a,Life in the Pocket–The Ambient Life Project: Life-like Movements in Tactile Ambient,"Hemmert, F",2009,,6,0.5,,,,ADAIS,,,,,,,,,,,,,,,"HAPTIC,POS",,,,,,,,,,,,,,,,,,,,,,
k9uqdkukm8o,1,lissermannEarPutAugmentingEarworn2014,EarPut : Augmenting Ear-worn Devices for Ear-based Interaction,"Lissermann, Roman and Huber, Jochen and Hadjakos, Aristotelis",2014,,22,3.4,EarPut,,,,PROTOTYPE,,,,,,,,,,,,,,,,,,,,,,,,,,,,,,,,,,,,
kae8ovxtsv9,1,lagoContextualizedBehaviorPatterns2015,Contextualized Behavior Patterns for Ambient Assisted Living,"Lago, P and Jiménez-Guarín, C and Roncancio, C",2015,,8,1.5,,,,,,ASSISTED_LIVING,,,,,,,,,,,,,,,,,,,,,,,,,,,,,,,,,,,
kammkbrolo,1,mccrickardMaintainingInformationAwareness1999,Maintaining Information Awareness with Irwin,"McCrickard, D Scott",1999,,30,1.4,Irwin,,,,,INCREASE_AWARENESS,HEALTH,EDUCATION,,,,,,,,,,,,,,,,NO,,,,,,,,,,,,,,,,,
kcdrbt7um3,1,mccrickardEvaluatingAnimationPeriphery2001,Evaluating Animation in the Periphery as a Mechanism for Maintaining Awarness.,"McCrickard, D Scott and Catrambone, Richard and Stasko, John T",2001,,107,5.5,"Animated Peripheral Displays (ticker, fade, blast)","Small on-screen animated textual displays (tickering, fading, blasting) that cyclically show news, weather, stock, and sports information in the periphery of a computer screen",NO,"ADAIS,UI",EVAL,INCREASE_AWARENESS,"ENVIRONMENT,EVENTS,OTHER",WORKPLACE,,,,,,,,,CONTINUOUS,USER_POLL,VISUAL,PERSONAL,HIGH,SCREEN,ARTIFICIAL,YES,161,HOURS,IN_LAB,USERS,PROTOTYPE,TASK_PERFORMANCE,DUAL_TASK,[NA],PERIPHERAL_ATTENTION,PRESENCE,PERIPHERAL_PLACEMENT,NO,NA,NOT_MENTIONED,,,
kcjm8mrziw,1,hwangCodesigningAmbientAssisted2015,Co-Designing Ambient Assisted Living (AAL) Environments: Unravelling the Situated Context of Informal Dementia Care,"Hwang, Amy S. and Truong, Khai N. and Cameron, Jill I. and Lindqvist, Eva and Nygård, Louise and Mihailidis, Alex",2015,,39,7.1,,,,,,ASSISTED_LIVING,,,,,,,,,,,,,,,,,,,,,,,,,,,,,,,,,,,
kemz02e47ph,1,buxtonLivingAugmentedReality1997,Living in Augmented Reality: Ubiquitous Media and Reactive Environments,"Buxton, William",1997,,214,9.1,,,,,,,,,,,,,,,,,,,,,,,,,,,,,,,,,,,,,,,,,
kf74o4s0rlo,1,spourniasExperimentalEvaluationNovel2018,Experimental Evaluation of a Novel Personal Assistant in Greek Language for Ambient Assisted Living Environments Employing Home Robots,"Spournias, Alexandros and Christopoulos, Konstantinos and Antonopoulos, Konstantinos and Panagiotou, Christos and Antonopoulos, Christos and Orfanoudakis, Theofanis and Voros, Nikolaos",2018,,2,0.8,,,,,,ASSISTED_LIVING,,,,,,,,,,,,,,,,,,,,,,,,,,,,,,,,,,,
kfv458f1yzf,1,migicovskyInfoPulseWristWorn2008,InfoPulse: A Wrist­worn Ambient Display,"Migicovsky, Eric",2008,,4,0.3,InfoPulse,"A wristwatch-form ambient display that wirelessly connects to a smartphone and shows incoming SMS, email, caller ID and music track info",YES,ADAIS,"PROTOTYPE,USECASE","INCREASE_AWARENESS,NOTIFICATION","SOCIAL,EVENTS",WORKPLACE,,,,,,,,,EVENT,MAKE_AWARE,VISUAL,PERSONAL,HIGH,SCREEN,FAMILIAR,NO,,,,,,,,,NONE,PUSH,"AUGMENTATION,PERIPHERAL_PLACEMENT",YES,POWER,NOT_MENTIONED,,,
khiysxj27zi,1,fernandez-llatasAmbientAssistedLiving2011,Ambient Assisted Living Spaces Validation by Services and Devices Simulation,"Fernández-Llatas, Carlos and Mocholí, Juan Bautista and Sala, Pilar and Naranjo, Juan Carlos and Pileggi, Salvatore F. and Guillen, Sergio and Traver, Vicente",2011,,15,1.6,,,,,,ASSISTED_LIVING,,,,,,,,,,,,,,,,,,,,,,,,,,,,,,,,,,,
khr17eogrnk,1,neelyAssessingSuitabilityContext2007,Assessing the Suitability of Context Information for Ambient Display,"Neely, S and Stevenson, G and Nixon, P",2007,,6,0.4,Visual Calendar,"A widescreen digital picture display that shows personalised context information (buses, traffic, family location, weather) through animated icons moving along a timeline",YES,ADAIS,"CONCEPT,PROTOTYPE,ISSUES","INCREASE_AWARENESS,AID_IN_ACTIVITY","EVENTS,ENVIRONMENT,SOCIAL,TRANSPORT","HOME,WORKPLACE",,,,,,,,,CONTINUOUS,USER_POLL,VISUAL,PERSONAL,HIGH,SCREEN,"ART,ASSOCIATED",NO,,,,,,,,,NONE,PRESENCE,CAMOUFLAGE,NO,NA,NOT_MENTIONED,,,
kjyflnmnb8m,1,sheltonGaugingUtilityAmbient2020,Gauging the Utility of Ambient Displays by Measuring Cognitive Load,"Shelton, Ben and Nesbitt, Keith and Thorpe, Alexander and Eidels, Ami",2020,,,0,WaveWatch,"A screen-based ambient display that visualises a dynamic data source using an ocean wave metaphor, with wave height, frequency, turbulence and speed conveying activity levels",NO,ADAIS,EVAL,INCREASE_AWARENESS,OTHER,WORKPLACE,,,,,,,,,CONTINUOUS,CHANGE_BLIND,VISUAL,PERSONAL,HIGH,SCREEN,ART,YES,40,HOURS,IN_LAB,USERS,WOZ,"QUESTIONNAIRE,TASK_PERFORMANCE","QUESTIONNAIRE,DUAL_TASK",[NA],COGNITIVE_LOAD,PRESENCE,PERIPHERAL_PLACEMENT,NO,NA,NOT_MENTIONED,,,
kk3mbl2l18k,1,mccarthyAmbientTelevisionVisual2001,Ambient Television: Visual Culture and Public Space,"McCarthy, A",2001,,725,37.2,,,,,,,,,,,,,,,,,,,,,,,,,,,,,,,,,,,,,,,,,
km2rx80zph8,1,gyllenswardVisualizingEnergyConsumption2006,Visualizing Energy Consumption of Radiators,"Gyllensward, Magnus and Gustafsson, Anton and Bang, Magnus",2006,,32,2.2,The Element,"An electrical radiator made of 35 light bulbs that glow brighter to emit more heat, visualizing energy consumption in the home",YES,ADAIS,"PROTOTYPE,USECASE",INCREASE_AWARENESS,RESOURCES,HOME,,,,,,,,,CONTINUOUS,MAKE_AWARE,VISUAL,HOUSEHOLD,MEDIUM,LED,"FAMILIAR,ASSOCIATED",NO,10,HOURS,IN_LAB,USERS,PROTOTYPE,"INTERVIEW,COMMENTS,OBSERVATION",[NA],SUBJECTIVE,NONE,PRESENCE,"AUGMENTATION,MIMICRY",YES,NONE,NOT_MENTIONED,,,
kmzlyrhd4ll,1,songAestheticAuditoryEnhancements2008,Aesthetic and Auditory Enhancements for Multi-stream Information Soniﬁcation,"Song, Hong Jun and Beilharz, Kirsty",2008,,10,0.8,Untitled,,,,,,,,,,,,,,,,,,AUDIO,,,SPEAKER,,YES,,,,,,QUESTIONNAIRE,,,,,,,,,,,
kn0e2pnstfn,1,crundallAttendingPeripheralWorld2002,Attending to the Peripheral World While Driving,"Crundall, David and Underwood, Geoffrey and Chapman, Peter",2002,,158,8.5,,,,,,,,,,,,,,,,,,,,,,,,YES,,,,,,,,,,,,,,,,,
knfwqjz5hu,1,bellagenteFrameworkorientedApproachEase2019,Framework-Oriented Approach to Ease the Development of Ambient Assisted-Living Systems,"Bellagente, Paolo and Crema, Claudio and Depari, Alessandro and Flammini, Alessandra and Lenzi, Giovanni and Rinaldi, Stefano",2019,,,0,,,,,,ASSISTED_LIVING,,,,,,,,,,,,,,,,,,,,,,,,,,,,,,,,,,,
kp1svj236f,1,blascoSmartKitchenAmbient2014,A Smart Kitchen for Ambient Assisted Living,"Blasco, R and Marco, Á and Casas, R and Cirujano, D and Picking, R",2014,,104,16,,,,,,ASSISTED_LIVING,,,,,,,,,,,,,,,,,,,,,,,,,,,,,,,,,,,
kqg774h49gk,1,gomersallNetworkbasedApproachesEvaluating2017,Network-Based Approaches for Evaluating Ambient Assisted Living (AAL) Technologies,"Gomersall, Tim and Nygård, Louise and Mihailidis, Alex and Sixsmith, Andrew and Hwang, Amy S. and Hedman, Annicka and Astell, Arlene",2017,,12,3.4,,,,,,ASSISTED_LIVING,,,,,,,,,,,,,,,,,,,,,,,,,,,,,,,,,,,
kr1clqvnev,1,omatuDistributedComputingArtificial2009,"Distributed Computing, Artificial Intelligence, Bioinformatics, Soft Computing, and Ambient Assisted Living: 10th International Work-Conference on Artificial …","Omatu, S and Rocha, MP and Bravo, J and Riverola, FF and Corchado, E",2009,,3,0.3,,,,,,ASSISTED_LIVING,,,,,,,,,,,,,,,,,,,,,,,,,,,,,,,,,,,
krt7z5a9yld,1,augustoAmbientIntelligenceConfluence2007,Ambient Intelligence: The Confluence of Ubiquitous/Pervasive Computing and Artificial Intelligence,"Augusto, Juan Carlos",2007,,,0,,,,,,,HEALTH,MEDICAL,,,,,,,,,,,,,,,,,,,,,,,,,,,,,,,,,
kssbylzz39c,1,offenhuberRainbowInformationDesign2014,Over the Rainbow: Information Design for Low-Resolution Urban Displays,"Offenhuber, Dietmar and Seitinger, Susanne",2014,,18,2.8,Gulf Tower,Weather forecast using colored illumination on Gulf Tower,NO,ADAIS,"CONCEPT,ISSUES",INCREASE_AWARENESS,ENVIRONMENT,URBAN,,,,,,,,,CONTINUOUS,USER_POLL,VISUAL,PUBLIC,HIGH,SCREEN,ARCHITECTURE,NO,,,,,,,,,NONE,PRESENCE,AUGMENTATION,NA,NA,NOT_MENTIONED,,,
kt1ik66rkqs,1,payrPotentialRoboticsAmbient2015,Potential of Robotics for Ambient Assisted Living,"Payr, S and Werner, F and Werner, K",2015,,15,2.7,,,,,,ASSISTED_LIVING,,,,,,,,,,,,,,,,,,,,,,,,,,,,,,,,,,,
ktlq92f2w1r,1,strengMetaphorDiagramComparing2009,Metaphor or Diagram?: Comparing Different Representations for Group Mirrors,"Streng, Sara and Stegmann, Karsten and Hußmann, Heinrich and Fischer, Frank",2009,,24,2.1,Metaphoric group mirror,A projected pictorial scene where weather and tree conditions metaphorically reflect the quality of argumentation of each group member during collaborative discussions,YES,ADAIS,"PROTOTYPE,EVAL,USECASE","INCREASE_AWARENESS,BEHAVIOURAL_CHANGE,AID_IN_ACTIVITY",SOCIAL,EDUCATION,,,,,,,,,CONTINUOUS,MAKE_AWARE,VISUAL,GROUP,MEDIUM,SCREEN,ART,YES,27,HOURS,IN_LAB,USERS,WOZ,QUESTIONNAIRE,[NA],"OBJECTIVE,SUBJECTIVE",NONE,"PUSH,PRESENCE","PERIPHERAL_PLACEMENT,MIMICRY",NO,NA,NOT_MENTIONED,,,
kupihxvnsn,1,tuncaMultimodalWirelessSensor2014,Multimodal Wireless Sensor Network-Based Ambient Assisted Living in Real Homes with Multiple Residents,"Tunca, C and Alemdar, H and Ertan, H and Incel, OD and Ersoy, C",2014,,67,10.3,,,,AS,,ASSISTED_LIVING,,,,,,,,,,,,,,,,,,,,,,,,,,,,,,,,,,,
kuqm4o2vzzc,1,ruyterAmbientAssistedlivingResearch2007,Ambient Assisted-Living Research in Carelab,"Ruyter, B and Pelgrim, E",2007,,102,7.6,,,,,,ASSISTED_LIVING,,,,,,,,,,,,,,,,,,,,,,,,,,,,,,,,,,,
kv610np9s9,1,redstromInformativeArtUsing2000,Informative Art: Using Amplified Artworks as Information Displays,"Redström, Johan and Skog, Tobias and Hallnäs, Lars",2000,,219,10.7,Informative Art,,,,,,,WORKPLACE,,,,,,,,,,,,,,,,NO,,,,,,,,,,,,,,,,,
kvtmtx772gc,1,panagiotouMultiModalDecision2015,A Multi: Modal Decision Making System for an Ambient Assisted Living Environment,"Panagiotou, C and Panagiotakopoulos, T",2015,,5,0.9,,,,,,ASSISTED_LIVING,,,,,,,,,,,,,,,,,,,,,,,,,,,,,,,,,,,
kwka9asobjc,1,quintana-suarezLowCostWireless2017,A Low Cost Wireless Acoustic Sensor for Ambient Assisted Living Systems,"Quintana-Suárez, Miguel and Sánchez-Rodríguez, David and Alonso-González, Itziar and Alonso-Hernández, Jesús",2017,,20,5.7,,,,AS,,ASSISTED_LIVING,,,,,,,,,,,,,,,,,,,,,,,,,,,,,,,,,,,
kx9xrd3tiui,1,hemmertLifePocketAmbient2009,Life in the Pocket - the Ambient Life Project,"Hemmert, Fabian",2009,,6,0.5,Life in the Pocket,,,,,,,,,,,,,,,,,,,,,,,,,,,,,,,,,,,,,,,,
kxrynnnowfe,1,mccarthyUniCastOutCastGroupCast2001,"UniCast, OutCast \& GroupCast: Three Steps Toward Ubiquitous, Peripheral Displays","McCarthy, Joseph F and Costa, Tony J and Liongosari, Edy S",2001,,232,11.9,OutCast,A flat-panel touch-screen display embedded in a cubicle wall outside an individual office that shows information about the office owner for co-workers and visitors,YES,ADAIS,"PROTOTYPE,USECASE",INCREASE_AWARENESS,"SOCIAL,EVENTS",WORKPLACE,,,,,,,,,USER,USER_POLL,VISUAL,PUBLIC,HIGH,SCREEN,ARTIFICIAL,NO,,MONTHS,IN_SITU,USERS,PROTOTYPE,COMMENTS,[NA],[NA],NONE,"PULL,PRESENCE","PERIPHERAL_PLACEMENT,AUGMENTATION",NO,NA,NOT_MENTIONED,,,
kzx838e65cf,1,amorettiSensorDataFusion2013,Sensor Data Fusion for Activity Monitoring in the PERSONA Ambient Assisted Living Project,"Amoretti, Michele and Copelli, Sergio and Wientapper, Folker and Furfari, Francesco and Lenzi, Stefano and Chessa, Stefano",2013,,52,6.9,,,,AS,,ASSISTED_LIVING,,,,,,,,,,,,,,,,,,,,,,,,,,,,,,,,,,,
l0nbbksnrrj,1,wichertAmbientAssistedLiving2011,"Ambient Assisted Living: 4. AAL-Kongress 2011 Berlin, Germany, January 25-26, 2011","Wichert, R and Eberhardt, B",2011,,26,2.7,,,,,,ASSISTED_LIVING,,,,,,,,,,,,,,,,,,,,,,,,,,,,,,,,,,,
l25xuerq2zo,1,lagoContextualizedBehaviorPatterns2017,Contextualized Behavior Patterns for Change Reasoning in Ambient Assisted Living: A Formal Model,"Lago, P and Jiménez‐Guarín, C and Roncancio, C",2017,,6,1.7,,,,,,ASSISTED_LIVING,,,,,,,,,,,,,,,,,,,,,,,,,,,,,,,,,,,
l2aohl4y4li,1,bianchiMultiSensorAssistant2012,Multi Sensor Assistant: A Multisensor Wearable Device for Ambient Assisted Living,"Bianchi, Valentina and Grossi, Ferdinando and Munari, Ilaria De and Ciampolini, Paolo",2012,,20,2.4,,,,AS,,ASSISTED_LIVING,,,,,,,,,,,,,,,,,,,,,,,,,,,,,,,,,,,
l2u50nwwfao,1,oliveiraNotificationOrientedParadigm2018,Notification Oriented Paradigm Applied to Ambient Assisted Living Tool,"Oliveira, Rodrigo Nunes and Roth, Valmir and Henzen, Alexandre Felippeto and Simao, Jean Marcelo and Nohama, Percy and Wille, Emilio Carlos Gomes",2018,,10,4,,,,,,ASSISTED_LIVING,,,,,,,,,,,,,,,,,,,,,,,,,,,,,,,,,,,
l33yhjbh2y,1,lugmayrSemanticAmbientMedia2009,Semantic Ambient Media—an Introduction,"Lugmayr, Artur and Risse, Thomas and Stockleben, Bjoern and Laurila, Kari and Kaario, Juha",2009,,47,4.1,,,,,,,,,,,,,,,,,,,,,,,,NO,,,,,,,,,,,,,,,,,
l3fqz07kvzf,1,fergusonSonifyingEveryDay2013,Sonifying Every Day: Activating Everyday Interactions for Ambient Sonification Systems,"Ferguson, Sam",2013,,9,1.2,,,,,,,,,,,,,,,,,,,,,,,,,,,,,,,,,,,,,,,,,
l3kzdbm4g0g,1,rodnerDatadrivenGenerationRulebased2013,Data-Driven Generation of Rule-Based Behavior Models for an Ambient Assisted Living System,"Rodner, Thorsten and Litz, Lothar",2013,,17,2.3,,,,,,ASSISTED_LIVING,,,,,,,,,,,,,,,,,,,,,,,,,,,,,,,,,,,
l3v84odagr,1,ozgitWearForgetPatch2019,“Wear and Forget” Patch for Ambient Assisted Living.,"Ozgit, Dilek and Butler, Tim and Oluwasanya, Pelumi W. and Occhipinti, Luigi G. and Hiralal, Pritesh",2019,,,0,,,,,,ASSISTED_LIVING,,,,,,,,,,,,,,,,,,,,,,,,,,,,,,,,,,,
l40xjm25nz,1,fortmannMakeMeMove2013,Make Me Move at Work! An Ambient Light Display to Increase Physical Activity,"Fortmann, Jutta and Stratmann, Tim Claudius and Boll, Susanne and Poppinga, Benjamin and Heuten, Wilko",2013,,48,6.4,Make Me Move at Work!,Ambient Light indicates persons recent physical activity,YES,ADAIS,"PROTOTYPE,EVAL,USECASE",BEHAVIOURAL_CHANGE,HEALTH,"WORKPLACE,MEDICAL,HOME",,,,,,,,,CONTINUOUS,MAKE_AWARE,VISUAL,PUBLIC,MEDIUM,LED,FAMILIAR,YES,10,DAYS,IN_SITU,USERS,PROTOTYPE,INTERVIEW,[NA],"SUBJECTIVE,OBJECTIVE",NONE,PRESENCE,"PERIPHERAL_PLACEMENT,AUGMENTATION",NO,NA,NOT_MENTIONED,,,
l5jt1ehenfp,1,nakajimaDesigningPersuasiveAmbient2011,Designing Persuasive Ambient Mirrors to Motivate Desirable Lifestyle.,"Nakajima, Tatsuo",2011,,,0,Virtual Aquarium,A display showing a virtual aquarium that reflects the user's toothbrushing behavior tracked via a 3D accelerometer on the toothbrush,YES,ADAIS,"USECASE,ISSUES,PROTOTYPE",BEHAVIOURAL_CHANGE,HEALTH,HOME,YES,Toothbrush movements,PERSONAL,Algae removal in Virtual Aquarium,,,,,USER,,VISUAL,PERSONAL,MEDIUM,SCREEN,ART,NO,,,,,,,,,NONE,PRESENCE,CAMOUFLAGE,YES,FAILURE,NOT_MENTIONED,,,
l5p5q8rfq78,1,borchersStanfordInteractiveWorkspaces2002,Stanford Interactive Workspaces: A Framework for Physical and Graphical User Interface Prototyping,"Borchers, J. and Ringel, M. and Tyler, J. and Fox, A.",2002,,105,5.7,iRoom,,,"UI,TUI",DEV,,,"WORKPLACE,HOME",,,,,,,,,,,,,,,,NO,,,,,,,,,,,,,,,,,
l5q6yl4upo,1,havasiAmbientAssistedLiving2007,Ambient Assisted Living in Rural Areas: Vision and Pilot Application,"Havasi, F and Kiss, Á",2007,,7,0.5,,,,,,ASSISTED_LIVING,,,,,,,,,,,,,,,,,,,,,,,,,,,,,,,,,,,
l63ikk7mzc,1,queirosUsabilityAccessibilityAmbientassisted2005,"Usability, Accessibility and Ambient-Assisted Living: A Systematic Literature Review","Queirós, A and Silva, A and Alvarelhão, J and Rocha, NP",2015,,105,19.1,,,,,,ASSISTED_LIVING,,,,,,,,,,,,,,,,,,,,,,,,,,,,,,,,,,,
l6wrm7sb3r,1,karamDesigningModelHuman2008,Designing a Model Human Cochlea: Issues and Challenges in Crossmodal Audio-Haptic Displays,"Karam, Maria and Fels, Deborah I.",2008,,14,1.1,Model Human Cochlea Prototype,A wearable haptic display of eight audio speakers strapped along the back that translates layers of music into vibrotactile sensations to convey emotional content,YES,ADAIS,"PROTOTYPE,ISSUES","AID_IN_ACTIVITY,ASSISTED_LIVING",OTHER,"HOME,SOCIAL",,,,,,,,,CONTINUOUS,,HAPTIC,PERSONAL,HIGH,SPEAKER,ARTIFICIAL,YES,,HOURS,IN_LAB,USERS,PROTOTYPE,"INTERVIEW,QUESTIONNAIRE",[NA],[NA],NONE,PUSH,PERIPHERAL_PLACEMENT,YES,"NOISE,FABRICATION",NOT_MENTIONED,,,
l70cs5achtb,1,kornExergamesElderlyPersons2013,Exergames for Elderly Persons: Physical Exercise Software Based on Motion Tracking within the Framework of Ambient Assisted Living,"Korn, O and Brach, M and Hauer, K and Unkauf, S",2013,,7,0.9,,,,,PROTOTYPE,ASSISTED_LIVING,,,,,,,,,,,,,,,,,,,,,,,,,,,,,,,,,,,
l8j18shwa1,1,khutDesigningBiofeedbackArtworks2016,Designing Biofeedback Artworks for Relaxation,"Khut, George (Poonkhin)",2016,,8,1.8,,,,,,,HEALTH,,,,,,,,,,,,,,,,,NO,,,,,,,,,,,,,,,,,
l8ozkc2f9ya,1,boehmAmbientPersuasiveGuidance2011,Ambient Persuasive Guidance,"Boehm, Gerrit",2011,,3,0.3,“LED Train platform distribution”,"Pedestrian Guidance, distribute commuters to carriages with most capacities",,,,INCREASE_AWARENESS,,,,,,,,,,,,,,,,,,YES,,,,,,,,,,,,,,,,,
l8p0xr80qmg,1,amoresSmartAvatarsUsing2012,Smart Avatars : Using Avatars to Interact with Objects,"Amores, Judith and Rd, La Salle and Url, La Salle and Fust, Anna and Rd, La Salle and Url, La Salle and Benavides, Xavier and Rd, La Salle and Url, La Salle and Com, Michel and Rd, La Salle and Url, La Salle and Miralles, David and Rd, La Salle and Url, La Salle",2012,,4,0.5,Smart Avatars,,,,PROTOTYPE,,,,,,,,,,,,,,,,,,,,,,,,,,,,,,,,,,,,
l97hk13lnim,1,vatavuPresenceBubblesSupporting2012,Presence Bubbles: Supporting and Enhancing Human-Human Interaction with Ambient Media,"Vatavu, Radu-Daniel",2012,,11,1.3,Presence Bubbles,"Graphical digital representations of users displayed on interactive surfaces showing emotional status, Twitter messages and Flickr photos to enhance human-human interaction",YES,ADAIS,"CONCEPT,PROTOTYPE,USECASE",INCREASE_AWARENESS,SOCIAL,"SOCIAL,HOME,WORKPLACE",,,,,,,,,USER,CHANGE_BLIND,VISUAL,"GROUP,PUBLIC",HIGH,SCREEN,ARTIFICIAL,NO,,HOURS,"IN_PRESENTATION,IN_LAB","USERS,EXPERTS",PROTOTYPE,"COMMENTS,OBSERVATION",[NA],[NA],NONE,PRESENCE,PERIPHERAL_PLACEMENT,NO,NA,NOT_MENTIONED,,,
l9m9hm1p4cq,1,singhAnimalInspiredPeripheral2013,Animal ̶ Inspired Peripheral Interaction: Evaluating a Dog-Tail Interface for Communicating Robotic States,"Singh, Ashish and Young, James E.",2013,,,0,,,,,,,,,,,,,,,,,,,,,,,,,,,,,,,,,,,,,,,,,
laoc1q5tahr,1,mokhtariAmbientAssistiveHealth2009,"Ambient Assistive Health and Wellness Management in the Heart of the City: 7th International Conference on Smart Homes and Health Telematics, ICOST 2009, Tours, France, July 1-3, 2009. Proceedings","Mounir, Mokhtari and Khalil, Ismail and Bauchet, Jérémy and Zhang, Daqing and Nugent, Chris D",2009,,7,0.6,,,,,,,HEALTH,"HOME,MEDICAL",,,,,,,,,,,,,,,,NO,,,,,,,,,,,,,,,,,
lb4q5i11e1g,1,dimiccoInfluencingGroupParticipation2004,Influencing Group Participation with a Shared Display,"DiMicco, Joan Morris and Pandolfo, Anna and Bender, Walter",2004,,265,16.1,Speaker Participation,A projected shared display showing a dynamic histogram of how much each group member has spoken during a meeting relative to others,YES,ADAIS,"EVAL,PROTOTYPE,USECASE","INCREASE_AWARENESS,BEHAVIOURAL_CHANGE",SOCIAL,"WORKPLACE,SOCIAL",,,,,,,,,CONTINUOUS,USER_POLL,VISUAL,GROUP,MEDIUM,SCREEN,ARTIFICIAL,NO,100,HOURS,IN_LAB,USERS,PROTOTYPE,"QUESTIONNAIRE,COMMENTS,OBSERVATION,USAGE_STATISTIC",[NA],"OBJECTIVE,SUBJECTIVE",NONE,PRESENCE,PERIPHERAL_PLACEMENT,NO,NA,NOT_MENTIONED,,,
lbtyo5p42ab,1,ferreiraSoTRAACESmartSecurity2019,SoTRAACE for Smart Security in Ambient Assisted Living,"Ferreira, Ana and Teles, Soraia and Vieira-Marques, Pedro",2019,,4,2.7,,,,,,ASSISTED_LIVING,,,,,,,,,,,,,,,,,,,,,,,,,,,,,,,,,,,
lcnvfsez1jp,1,winklerPervasiveInformationConstant2014,Pervasive Information through Constant Personal Projection : The Ambient Mobile Pervasive Display ( AMP-D ),"Winkler, Christian and Seifert, Julian and Dobbelstein, David and Rukzio, Enrico",2014,,46,7.1,AMP-D,A wearable shoulder-mounted projector system that constantly projects an ambient information floor display in front of the user plus a private hand display,YES,ADAIS,"CONCEPT,DEV,PROTOTYPE,USECASE","INCREASE_AWARENESS,NOTIFICATION,AID_IN_ACTIVITY","EVENTS,SOCIAL,OTHER","URBAN,TRANSPORT,WORKPLACE",,,,,,,,,CONTINUOUS,MAKE_AWARE,VISUAL,"PERSONAL,PUBLIC",HIGH,PROJECTION,ARTIFICIAL,YES,6,HOURS,IN_SITU,USERS,PROTOTYPE,"QUESTIONNAIRE,COMMENTS,OBSERVATION",[NA],[NA],"PERIPHERAL_ATTENTION,COGNITIVE_LOAD","PUSH,PRESENCE,PULL",PERIPHERAL_PLACEMENT,YES,"POWER,FABRICATION,NOISE",NOT_MENTIONED,,,
ld5fiesoa4b,1,breretonAmbientBirdhouseBringing2017,The Ambient Birdhouse: Bringing Birds Inside to Learn About Birds Outside,"Brereton, Margot and Vasudevan, Malavika and Dema, Tshering and Cappadonna, Jessica L. and Wilson, Cara and Roe, Paul",2017,,5,1.4,Ambient Birdhouse,Increase awareness of local birds,,,,,,,,,,,,,,,,,,,,,,NO,,,,,,,,,,,,,,,,,
ldc30ou3vhd,1,berndtMarktpotenzialeEntwicklungschancenGesellschaftliche2009,"Marktpotenziale, Entwicklungschancen, Gesellschaftliche, Gesundheitliche Und Ökonomische Effekte Der Zukünftigen Nutzung von Ambient Assisted Living (AAL) …","Berndt, E and Wichert, R and Schulze, E",2009,,19,1.7,,,,,PROTOTYPE,ASSISTED_LIVING,,,,,,,,,,,,,,,,,,,,,,,,,,,,,,,,,,,
lf9155ny12p,1,oliveiraASurveyOn2019,A Survey on the Needs of Visually Impaired Users and Requirements for a Virtual Assistant in Ambient Assisted Living,"Oliveira, Juliana Damasio and Bordini, Rafael H.",2019,,1,0.7,,,,,,ASSISTED_LIVING,,,,,,,,,,,,,,,,,,,,,,,,,,,,,,,,,,,
lfp7uct4w7,1,dunserEvaluationTangibleUser2010,Evaluation of Tangible User Interfaces for Desktop AR,"Dünser, Andreas and Looser, Julian and Grasset, Raphaël and Seichter, Hartmut and Billinghurst, Mark",2010,,13,1.2,,,,TUI,,,,WORKPLACE,,,,,,,,,,,HAPTIC,,,,,YES,,,,,,QUESTIONNAIRE,,,,,,,,,,,
lg6hjnyqykr,1,carvalhoAnotherVirtualButler2019,Yet Another Virtual Butler to Bridge the Gap between Users and Ambient Assisted Living,"Carvalho, Marta and Domingues, Ricardo and Alves, Rodrigo and Pereira, António and Costa, Nuno",2019,,,0,,,,,,ASSISTED_LIVING,,,,,,,,,,,,,,,,,,,,,,,,,,,,,,,,,,,
lgirvvm8vjm,1,xiaoLogicalInteractionsHeterogeneous2016,Logical Interactions for Heterogeneous IoT Entities via Virtual World Mirrors in Support of Ambient Assisted Living,"Xiao, Bin and Kanter, Theo and Rahmani, Rahim",2016,,5,1.1,,,,IOT,,ASSISTED_LIVING,,,,,,,,,,,,,,,,,,,,,,,,,,,,,,,,,,,
lgnjqm0y4a9,1,braunerSeriousGamesCognitive2015,Serious Games for Cognitive Training in Ambient Assisted Living Environments,"Brauner, P and Ziefle, M",2015,,1,0.2,,,,,,ASSISTED_LIVING,,,,,,,,,,,,,,,,,,,,,,,,,,,,,,,,,,,
lgswibx6bsj,1,shengUsercentricAmbientInformation2014,User-Centric Ambient Information Systems and Applications,"Sheng, Quan Z. and Shakshuki, Elhadi M. and Ma, Jiangang",2014,,1,0.2,User-centric ambient information systems and applications,Editorial introducing a theme issue of selected papers on pervasive and ambient information systems,NO,ADAIS,OTHER,UNSTATED,HEALTH,MEDICAL,,,,,,,,,,,[NA],,,,NA,NO,,,,,,,,,NONE,,,NA,NA,NA,,,
lgv5oc4b22,1,pranteHelloWallAmbient2003,Hello.Wall - Beyond Ambient Displays,"Prante, Thorsten and Röcker, Carsten and Streitz, Norbert and Stenzel, Richard and Magerkurth, Carsten and van Alphen, Daniel and Plewe, Daniela",2003,,179,10.2,Hello.Wall,Wall-sized ambient display with 124 LED cells emitting light patterns to convey awareness information and atmosphere,YES,ADAIS,"PROTOTYPE,DEV,USECASE",INCREASE_AWARENESS,"SOCIAL,EVENTS","WORKPLACE,SOCIAL",,,,,,,,,USER,MAKE_AWARE,VISUAL,"GROUP,PUBLIC",HIGH,LED,ART,NO,,,,,,,,,NONE,"PUSH,PRESENCE,PULL","PERIPHERAL_PLACEMENT,CAMOUFLAGE",YES,NONE,NOT_MENTIONED,,,
lh0xhw5e9a8,1,walshTangibleAgileMapping2013,Tangible Agile Mapping: Ad-hoc Tangible User Interaction Definition,"Walsh, Ja and Itzstein, Stewart Von and Thomas, Bh",2013,,3,0.4,,,,TUI,DEFTAX,,,,,,,,,,,,,,HAPTIC,,,,,,,,,,,,,,,,,,,,,,
lhiap9w3re,1,aartsAmbientIntelligence202011,Ambient Intelligence 2.0: Towards Synergetic Prosperity,"Aarts, Emile and Grotenhuis, Frits",2011,,42,4.4,,,,AMI,,,,,,,,,,,,,,,,,,,,NO,,,,,,,,,,,,,,,,,
lj9vicjsseq,1,altExploringAmbientVisualizations2010,Exploring Ambient Visualizations of Context Information,"Alt, Florian and Shirazi, Alireza Sahami and Kaiser, Andreas and Pfeuffer, Ken and Gürkan, Emre and Schmidt, Albrecht and Holleis, Paul and Wagner, Matthias",2010,,5,0.5,Picture Frame,"Distance and mood of connected people (colleagues, framily, friends, partner)",YES,ADAIS,PROTOTYPE,INCREASE_AWARENESS,"SOCIAL,EVENTS","HOME,WORKPLACE",,,,,,,,,CONTINUOUS,USER_POLL,VISUAL,FAMILY,HIGH,SCREEN,FAMILIAR,YES,73,HOURS,IN_PRESENTATION,USERS,SIMULATION,QUESTIONNAIRE,[NA],[NA],NONE,PRESENCE,CAMOUFLAGE,NO,NA,NOT_MENTIONED,,,
ljxrj1igw4,1,harmanNotiFallAmbientSonification2016,NotiFall: Ambient Sonification System Using Water,"Harman, Alex and Dimitrov, Hristo and Ma, Ruisha and Whitehouse, Sam and Li, Yiu and Worgan, Paul and Omirou, Themis and Roudaut, Anne",2016,,2,0.4,NotiFall,Ambient auditory notification system using falling water hitting drums to convey notifications through sound,YES,ADAIS,PROTOTYPE,INCREASE_AWARENESS,RESOURCES,WORKPLACE,,,,,,,,,EVENT,MAKE_AWARE,"AUDIO,POS",HOUSEHOLD,MEDIUM,"MOTOR,SPEAKER","FAMILIAR,ASSOCIATED",NO,10,HOURS,IN_LAB,USERS,PROTOTYPE,"INTERVIEW,COMMENTS",[NA],SUBJECTIVE,NONE,PRESENCE,"CAMOUFLAGE,MIMICRY",YES,"NOISE,SAFETY",NOT_MENTIONED,,,
lkicxz1bkp,1,leeProactiveContextawarenessAmbient2010,Proactive Context-Awareness in Ambient Assisted Living,"Lee, K and Lunney, T and Curran, K and Santos, J",2010,,3,0.3,,,,,,ASSISTED_LIVING,,,,,,,,,,,,,,,,,,,,,,,,,,,,,,,,,,,
llu96e401q,1,reitbergerAmbientPersuasionShopping2011,Ambient Persuasion in the Shopping Context,"Reitberger, Wolfgang and Meschtscherjakov, Alexander and Mirlacher, Thomas and Tscheligi, Manfred",2011,,4,0.4,,,,,PROTOTYPE,BEHAVIOURAL_CHANGE,,,,,,,,,,,,,,,,,,YES,,,,,,"INTERVIEW,QUESTIONNAIRE",,,,,,,,,,,
log1gxkxwl,1,abril-jimenezDesignFrameworkAmbient2009,Design Framework for Ambient Assisted Living Platforms,"Abril-Jiménez, Patricia and Vera-Muñoz, Cecilia and Cabrera-Umpierrez, Maria Fernanda and Arredondo, María Teresa and Naranjo, Juan Carlos",2009,,17,1.5,,,,,,ASSISTED_LIVING,,,,,,,,,,,,,,,,,,,,,,,,,,,,,,,,,,,
lpqcp01qyo,1,yekehExploringHowSimple2017,Exploring How a Simple Situated Ambient Logger Can Support Goal Awareness and Monitoring,"Yekeh, F",2017,,,0,SAL,A simple situated ambient logger that lets users log completed daily (Sisyphean) tasks and see daily progress on their personal goals.,YES,"AS,ADAIS","PROTOTYPE,EVAL,USECASE,CONCEPT","INCREASE_AWARENESS,BEHAVIOURAL_CHANGE","HEALTH,EVENTS",HOME,,,,,,,,,CONTINUOUS,USER_POLL,VISUAL,PERSONAL,MEDIUM,SCREEN,ARTIFICIAL,YES,,WEEKS,IN_SITU,USERS,PROTOTYPE,"INTERVIEW,USAGE_STATISTIC",[NA],SUBJECTIVE,NONE,PRESENCE,PERIPHERAL_PLACEMENT,YES,NONE,NOT_MENTIONED,,,
lpwpe2bxux,1,mankoffHeuristicEvaluationAmbient2003,Heuristic Evaluation of Ambient Displays,"Mankoff, Jennifer and a.K. Dey, Anind K and Hsieh, Gary and Kientz, Julie and Lederer, Scott and Ames, Morgan",2003,,676,38.6,busMobile,"Will I catch the next bus, how long will I have to wait?",YES,ADAIS,PROTOTYPE,INCREASE_AWARENESS,EVENTS,"TRANSPORT,EDUCATION",YES,Time to next bus leaves,NEAR,Height of bus segment on mobile,,,,,CONTINUOUS,CHANGE_BLIND,"VISUAL,POS",GROUP,LOW,MOTOR,FAMILIAR,YES,16,HOURS,IN_PRESENTATION,EXPERTS,PRESENTATION,"HEURISTIC_EVALUATION,INTERVIEW",[NA],[NA],NONE,PRESENCE,PERIPHERAL_PLACEMENT,YES,NONE,NOT_MENTIONED,,,
lqof89rh50r,1,aartsNewEverydayViews2003,The New Everyday: Views on Ambient Intelligence,"Aarts, Emile and Marzano, Stefano",2003,,559,31.9,Untitled,Subtitles displayed on screen become larger depending on distance to user,YES,"UI,AMI",USECASE,AID_IN_ACTIVITY,OTHER,HOME,,,,,,,,,,,VISUAL,,,,NA,NO,0,,,,,,,,NONE,,,NA,NA,NA,,,
ltggtm2rt8c,2,aartsNewEverydayViews2003,The New Everyday: Views on Ambient Intelligence,"Aarts, Emile and Marzano, Stefano",2003,,559,31.9,Nebula: Pebbles,Projector aimed at ceiling. Themes are selected by placing pebbles. Cloud pebble displays a dark sky at night and bright one during the day.(p292),YES,"TUI,AMI",USECASE,UNSTATED,OTHER,HOME,,,,,,,,,,,,,,,NA,NO,0,,,,,,,,NONE,,,NA,NA,NA,,,
luxyler268,1,chaaraouiReviewVisionTechniques2012,A Review on Vision Techniques Applied to Human Behaviour Analysis for Ambient-Assisted Living,"Chaaraoui, Alexandros André and Climent-Pérez, Pau and Flórez-Revuelta, Francisco",2012,,195,22.9,,,,,,ASSISTED_LIVING,,,,,,,,,,,,,,,,,,,,,,,,,,,,,,,,,,,
lvuld1k1zt,1,xiongPeopleGardenCreatingData1999,PeopleGarden: Creating Data Portraits for Users,"Xiong, Rebecca and Donath, Judith",1999,,279,13,People Garden,,,,,,HEALTH,WORKPLACE,,,,,,,,,,,,,,,,NO,,,,,,,,,,,,,,,,,
lxbtkiyss3,1,zapataWirelessSensorNetwork2010,Wireless Sensor Network for Ambient Assisted Living,"Zapata, J and Fernández-Luque, FJ",2010,,13,1.2,,,,AS,,ASSISTED_LIVING,,,,,,,,,,,,,,,,,,,,,,,,,,,,,,,,,,,
lxqtxw5ea09,1,luFacilitatingSpontaneousEnergy2013,Facilitating Spontaneous Energy Saving in a Smart Home Using Interruptibility-Aware Reminders with Ecological and Abstract Information Visualization,"Lu, Ching-Hu and Hsieh, Hsiao-Lin and Tseng, Kou-Hsuan and Yin, Chang-Hsuan and Huang, Shih-Shinh",2013,,2,0.3,Untitled,,,,,"INCREASE_AWARENESS,BEHAVIOURAL_CHANGE",RESOURCES,HOME,,,,,,,,,,,VISUAL,,,SCREEN,,YES,,,,,,"INTERVIEW,QUESTIONNAIRE",,,,,,,,,,,
ly6bz78oi5,1,crampton1995hand,The Hand That Rocks the Cradle,"Crampton Smith, Gillian",1995,,94,3.7,Marble Answering Machine,"Answering machine that represents incoming phone messages as physical marbles that accumulate in an external groove; dropping a marble into an indentation plays the message, or into the phone dials the caller",YES,"TUI,ADAIS","PROTOTYPE,CONCEPT,USECASE","NOTIFICATION,INCREASE_AWARENESS","SOCIAL,EVENTS",WORKPLACE,,Voicemail,REMOTE,Marble,Voicemail,Marble,Missed Message,SYMBOLIC,EVENT,USER_POLL,"AUDIO,VISUAL",PERSONAL,LOW,SPEAKER,ARTIFICIAL,NO,0,,,,,,,,NONE,PRESENCE,,YES,NONE,NOT_MENTIONED,,,
lz3cea2fv9p,1,fengLiveNatureAmbientDisplay2019,LiveNature: Ambient Display and Social Robot-Facilitated Multi-Sensory Engagement for People with Dementia,"Feng, Yuan and Yu, Suihuai and van de Mortel, Dirk and Barakova, Emilia and Hu, Jun and Rauterberg, Matthias",2019,,5,3.3,LiveNature,Virtual Window into a hature scenary + ambient soundscape to help people with dementia to get settled in care homes,YES,"ADAIS,AS","PROTOTYPE,USECASE,EVAL","ASSISTED_LIVING,AID_IN_ACTIVITY","SOCIAL,HEALTH",MEDICAL,,,,,,,,,USER,MAKE_AWARE,"VISUAL,AUDIO,HAPTIC,POS",PUBLIC,MEDIUM,"SCREEN,SPEAKER,MOTOR,ROBOT","ASSOCIATED,FAMILIAR",YES,20,WEEKS,IN_SITU,USERS,PROTOTYPE,INTERVIEW,[NA],"OBJECTIVE,SUBJECTIVE",NONE,"PRESENCE,PUSH","MIMICRY,AUGMENTATION",YES,NONE,YES,,,
m0bum9esfg,1,valkanovaAmbientNEWSAugmentingInformation2010,AmbientNEWS: Augmenting Information Discovery in Complex Settings through Aesthetic Design,"Valkanova, Nina and Moghnieh, Ayman and Arroyo, Ernesto and Blat, Josep",2010,,7,0.7,AmbientNEWS,A screen-based ambient display visualizing dynamic news content as a tag-cloud and flower metaphor to inform journalists of the global picture of events,YES,ADAIS,"PROTOTYPE,USECASE",INCREASE_AWARENESS,"EVENTS,OTHER",WORKPLACE,,,,,,,,,CONTINUOUS,CHANGE_BLIND,VISUAL,GROUP,HIGH,SCREEN,"ART,ASSOCIATED",YES,3,HOURS,"IN_SITU,IN_PRESENTATION","USERS,EXPERTS",PROTOTYPE,"INTERVIEW,QUESTIONNAIRE",[NA],[NA],NONE,PRESENCE,"PERIPHERAL_PLACEMENT,CAMOUFLAGE",NO,NA,NOT_MENTIONED,,,
m177djnotx,1,filhoMHARSSistemaMovel2015,MHARS: Sistema Móvel de Reconhecimento de Atividades Em Ambient Assisted Living,"Filho, J.D.P. Ribeiro and e Silva, F.J. Da Silva and Coutinho, L.R. and Gomes, B.",2015,,1,0.2,MHARS,,,,,ASSISTED_LIVING,,,,,,,,,,,,,,,,,,,,,,,,,,,,,,,,,,,
m1tp09kg3z,1,wrightDarkSideAmbient2005,The Dark Side of Ambient Intelligence,"Wright, David",2005,,48,3.1,,,,AMI,,,,,,,,,,,,,,,,,,,,NO,,,,,,,,,,,,,,,,,
m3jlcy4nq3,1,aquino-santosWirelessSensorNetworks2013,Wireless Sensor Networks for Ambient Assisted Living,"Aquino-Santos, Raúl and Martinez-Castro, Diego and Edwards-Block, Arthur and Murillo-Piedrahita, Andrés",2013,,33,4.4,,,,AS,,ASSISTED_LIVING,,,,,,,,,,,,,,,,,,,,,,,,,,,,,,,,,,,
m40wdefelqh,1,eisaABehaviourMonitoring2017,A Behaviour Monitoring System (BMS) for Ambient Assisted Living,"Eisa, S and Moreira, A",2017,,17,4.9,,,,AS,,ASSISTED_LIVING,,,,,,,,,,,,,,,,,,,,,,,,,,,,,,,,,,,
m4j70dmrlqq,1,fassMessyDeskMessyBoardTwo2002,MessyDesk and MessyBoard: Two Designs Inspired By the Goal of Improving Human Memory,"Fass, Adam M and Forlizzi, Jodi and Pausch, Randy",2002,,108,5.8,MessyDesk/MessyBoard,A replacement Windows desktop and a large projected shared bulletin board that invite free-form decoration with text and images to create memory-supporting context,YES,ADAIS,"PROTOTYPE,USECASE","AID_IN_ACTIVITY,INCREASE_AWARENESS","SOCIAL,EVENTS","WORKPLACE,EDUCATION",,,,,,,,,USER,USER_POLL,VISUAL,GROUP,HIGH,SCREEN,ARTIFICIAL,NO,,WEEKS,IN_SITU,"USERS,EXPERTS",PROTOTYPE,"INTERVIEW,COMMENTS,OBSERVATION,USAGE_STATISTIC",[NA],[NA],"SPATIAL_OBJECT_BINDING,MEMORY_OTHER","PRESENCE,PULL",PERIPHERAL_PLACEMENT,NO,NA,NOT_MENTIONED,,,
m5ef0qr4rt,1,adamApartmentbasedMetaphorIntuitive2008,An Apartment-Based Metaphor for Intuitive Interaction with Ambient Assisted Living Applications,"Adam, Sebastian and Mukasa, Kizito Ssamula and Breiner, Kai and Trapp, Marcus",2008,,14,1.1,,,,,,ASSISTED_LIVING,,,,,,,,,,,,,,,,,,,,,,,,,,,,,,,,,,,
m5u2jcne9gi,1,tiadjioRequirementsEvaluationSafety2012,Requirements and Evaluation of Safety Analysis Techniques for Ambient Assisted Living Systems,"Tiadjio, Adrien Mouaffo and Jamboti, Kavyashree",2012,,6,0.7,,,,,,ASSISTED_LIVING,,,,,,,,,,,,,,,,,,,,,,,,,,,,,,,,,,,
m5wz24ak68a,1,dadlaniAuramaCaregiverAwareness2010,Aurama: Caregiver Awareness for Living Independently with an Augmented Picture Frame Display,"Dadlani, Pavan and Sinitsyn, Alexander and Fontijn, Willem and Markopoulos, Panos",2010,,46,4.4,Aurama,,,,,INCREASE_AWARENESS,"HEALTH,SOCIAL",MEDICAL,,,,,,,,,,,,,,,,NO,,,,,,,,,,,,,,,,,
m60dknxysy,1,ghasemiModelingUsersData2017,Modeling Users' Data Traces in Multi-Resident Ambient Assisted Living Environments,"Ghasemi, Vahid and Pouyan, Ali Akbar",2017,,1,0.3,,,,,,ASSISTED_LIVING,,,,,,,,,,,,,,,,,,,,,,,,,,,,,,,,,,,
m69d1ldzyb,1,peterAGNESSystemAmbient2012,The AGNES System for Ambient Social Interaction,"Peter, Christian and Kreiner, Andreas and Schröter, Martin and Bieber, Gerald and Waterworth, John",2012,,3,0.4,AGNES - Digital Picture Frame,"Android-based tablet application that looks like a picture frame, showing slideshow of family news, messages, and events from the social network with simple touch interaction",YES,ADAIS,"PROTOTYPE,DEV,USECASE","INCREASE_AWARENESS,ASSISTED_LIVING",SOCIAL,HOME,,,,,,,,,CONTINUOUS,USER_POLL,"VISUAL,POS",FAMILY,HIGH,SCREEN,FAMILIAR,NO,,,,,,,,,NONE,"PRESENCE,PULL",CAMOUFLAGE,NO,NA,NOT_MENTIONED,,,
m6a18g9zoah,1,pereraContextawareDynamicDiscovery2013,Context-Aware Dynamic Discovery and Configuration of 'Things' in Smart Environments,"Perera, Charith and Jayaraman, Prem and Zaslavsky, Arkady and Christen, Peter and Georgakopoulos, Dimitrios",2013,,13,1.7,,,,IOT,,INCREASE_AWARENESS,"RESOURCES,HEALTH",HOME,,,,,,,,,,,,,,,,YES,,,,,,,,,,,,,,,,,
m6j3rbpbf6q,1,bradyMobileRobotsAutonomic2015,Mobile Robots and Autonomic Ambient Assisted Living,"Brady, G and Sterritt, R and Wilkie, G",2015,,5,0.9,,,,,,ASSISTED_LIVING,,,,,,,,,,,,,,,,,,,,,,,,,,,,,,,,,,,
m6jg27xb0r,1,wallaceDigitalJewelleryFamily2007,Digital Jewellery and Family Relationships,"Wallace, Jayne and Jackson, Dan and Ladha, Cas and Olivier, Patrick and Monk, Andrew and Blythe, Mark and Wright, Peter",2007,,9,0.7,Blossom,Haptics,,,,INCREASE_AWARENESS,SOCIAL,"HOME,WORKPLACE",,,,,,,,,,,,FAMILY,,,,NO,,,,,,,,,,,,,,,,,
m77mkjdvdpr,1,smithCOTSUHFRFID2020,A COTS (UHF) RFID Floor for Device-Free Ambient Assisted Living Monitoring,"Smith, Ronnie and Ding, Yuan and Goussetis, George and Dragone, Mauro",2020,,1,2,,,,AS,,ASSISTED_LIVING,,,,,,,,,,,,,,,,,,,,,,,,,,,,,,,,,,,
m7c56irfq6,1,lockenExperimentAmbientLight2015,An Experiment on Ambient Light Patterns to Support Lane Change Decisions,"Locken, Andreas and Muller, Heiko and Heuten, Wilko and Boll, Susanne",2015,,20,3.6,Untitled,,,,,,SAFETY,TRANSPORT,,,,,,,,,,,VISUAL,,,,,YES,,,,,,"INTERVIEW,QUESTIONNAIRE",,,,,,,,,,,
m7cvkck4oda,1,ichikawaNonverbalHumanRobotCommunication2018,Nonverbal Human-Robot Communication for Ambient Assisted Living Applications Based on Ethologically Inspired Social Behavior Model,"Ichikawa, Natsuki and Niitsuma, Mihoko",2018,,1,0.4,,,,,,ASSISTED_LIVING,,,,,,,,,,,,,,,,,,,,,,,,,,,,,,,,,,,
m8p6di2fjls,1,walkerInteractiveInformativeArt2003,Interactive and Informative Art,"Walker, Kevin",2003,,15,0.9,,,,,,,,,,,,,,,,,,,,,,,,NO,,,,,,,,,,,,,,,,,
m9tpdv1ev3f,1,slawikMicroManageMePeripheral2013,Micro Manage Me!–Peripheral Context Annotation for Efficient Time Management,"Slawik, Bernhard",2013,,,0,Micro Manage Me!,,,,,,,,,,,,,,,,,,,,,,,,,,,,,,,,,,,,,,,,
may9csbpjl,1,phillipsIlluminatingMusicResearch2008,Illuminating Music: A Research and Product Design Study Applying Synesthesia and Ambient Peripheral Display Theory to the Violin,"Phillips, F",2008,,2,0.2,,,,ADAIS,,,,,,,,,,,,,,,AUDIO,,,,,,,,,,,,,,,,,,,,,,
mb92tzskjfn,1,alemanAmbientDisplaysAssist2016,Ambient Displays to Assist Caregivers Monitoring the Sleep of People with Dementia,"Alemán, Carlos A. and Favela, Jesús",2016,,1,0.2,Live portrait,A portrait display showing image and audio to represent the type of night event of a person with dementia,YES,"ADAIS,AS","USECASE,PROTOTYPE",INCREASE_AWARENESS,HEALTH,MEDICAL,,,,,,,,,EVENT,MAKE_AWARE,"VISUAL,AUDIO",GROUP,MEDIUM,SCREEN,FAMILIAR,YES,5,HOURS,IN_PRESENTATION,"USERS,EXPERTS",SIMULATION,INTERVIEW,[NA],[NA],NONE,"PUSH,PRESENCE",CAMOUFLAGE,NA,NA,NOT_MENTIONED,,,
mcigjintry,1,harjuniemiSmartHandbagRemembering2018,Smart Handbag for Remembering Keys,"Harjuniemi, Emmi and Häkkilä, Jonna",2018,,1,0.4,Smart Handbag,Handbag indicates via LED if keys are inside,YES,ADAIS,PROTOTYPE,"INCREASE_AWARENESS,AID_IN_ACTIVITY",EVENTS,OTHER,,,,,,,,,OBJECT,USER_POLL,VISUAL,PERSONAL,LOW,LED,FAMILIAR,YES,5,DAYS,IN_SITU,USERS,PROTOTYPE,QUESTIONNAIRE,[NA],SUBJECTIVE,NONE,PRESENCE,"AUGMENTATION,CAMOUFLAGE",YES,FAILURE,NOT_MENTIONED,,,
mevlnvukum,1,aartsNewEverydayViews2003,The New Everyday: Views on Ambient Intelligence,"Aarts, Emile and Marzano, Stefano",2003,,559,31.9,Aurora,Interactive light surface. Whiteboard using light and touch to draw.,YES,"UI,AMI",USECASE,UNSTATED,OTHER,HOME,,,,,,,,,,,VISUAL,,,,NA,NO,0,,,,,,,,NONE,,,NA,NA,NA,,,
mfimj6mrxq,1,chengIConUtilizingEveryday2010,"iCon: Utilizing Everyday Objects as Additional, Auxiliary and Instant Tabletop Controllers","Cheng, Kai-Yin and Liang, Rong-Hao and Chen, Bing-Yu and Laing, Rung-Huei and Kuo, Sy-Yen",2010,,59,5.6,iCon,,,,PROTOTYPE,,,,,,,,,,,,,,,,,,,YES,,,,,,"INTERVIEW,QUESTIONNAIRE",,,,,,,,,,,
mfr5xk7ylkr,1,beringerAcceptanceAmbientAssisted2011,The “Acceptance” of Ambient Assisted Living: Developing an Alternate Methodology to This Limited Research Lens,"Beringer, Robert and Sixsmith, Andrew and Campo, Michael and Brown, Julie and McCloskey, Rose",2011,,49,5.2,,,,,,ASSISTED_LIVING,,,,,,,,,,,,,,,,,,,,,,,,,,,,,,,,,,,
mftj11gnte,1,yauEnergyefficientObjectDiscovery2003,An Energy-Efficient Object Discovery Protocol for Context-Sensitive Middleware for Ubiquitous Computing,"Yau, S.S. and Karim, F.",2003,,22,1.3,,,,,,,,,,,,,,,,,,,,,,,,,,,,,,,,,,,,,,,,,
mfy44mjfjem,1,alemdarRobustMultimodalFall2010,A Robust Multimodal Fall Detection Method for Ambient Assisted Living Applications,"Alemdar, Hande Ozgur and Kara, Yunus Emre and Ozen, Mustafa Ozan and Yavuz, Gokhan Remzi and Incel, Ozlem Durmaz and Akarun, Lale and Ersoy, Cem",2010,,11,1,,,,,,ASSISTED_LIVING,,,,,,,,,,,,,,,,,,,,,,,,,,,,,,,,,,,
mga3efr0nmp,1,berschArtificialImmuneSystem2014a,Artificial Immune System for the Detection of Abnormal Activity in Ambient Assisted Living,"Bersch, SD",2014,,1,0.2,,,,,,ASSISTED_LIVING,,,,,,,,,,,,,,,,,,,,,,,,,,,,,,,,,,,
mh8de7o6ecf,1,spechtConnectingLearningContexts2015,Connecting Learning Contexts with Ambient Information Channels,"Specht, M",2015,,12,2.2,,,,ADAIS,,,,,,,,,,,,,,,[NA],,,,,,,,,,,,,,,,,,,,,,
mjkamm15cv,1,brumittEasyLivingTechnologiesIntelligent2000,EasyLiving: Technologies for Intelligent Environments,"Brumitt, Barry and Meyers, Brian and Krumm, John and Kern, Amanda and Shafer, Steven",2000,,1287,62.8,EasyLiving,,,,,,,"WORKPLACE,HOME",,,,,,,,,,,,,,,,NO,,,,,,,,,,,,,,,,,
mjoymgyw7vj,1,muhlbacherAmbientAssistedLiving2010,Ambient Assisted Living in Der Gesundheitsversorgung: Strategien Und Nutzenpotentiale,"Mühlbacher, Axel C. and Langkafel, Peter and Juhnke, Christin",2010,,5,0.5,,,,,,ASSISTED_LIVING,,,,,,,,,,,,,,,,,,,,,,,,,,,,,,,,,,,
mk0npu8kmzg,1,oflynnWirelessBiomonitorAmbient2006,Wireless Biomonitor for Ambient Assisted Living,"O'Flynn, B and Angove, P and Barton, J",2006,,25,1.7,,,,,,ASSISTED_LIVING,,,,,,,,,,,,,,,,,,,,,,,,,,,,,,,,,,,
mlkkixh1n98,1,neftiCognitiveAgentBased2010,Cognitive Agent Based Intelligent Warning System to Monitor Patients Suffering from Dementia Using Ambient Assisted Living,"Nefti, Samia and Manzoor, Umar and Manzoor, Salman",2010,,30,2.9,,,,,,ASSISTED_LIVING,,,,,,,,,,,,,,,,,,,,,,,,,,,,,,,,,,,
mlvbu72aahd,1,butheleziZigBeeHealthcareMonitoring2019,ZigBee Healthcare Monitoring System for Ambient Assisted Living Environments,"Buthelezi, BE and Mphahlele, M and DuPlessis, D",2019,,2,1.3,,,,AS,,ASSISTED_LIVING,,,,,,,,,,,,,,,,,,,,,,,,,,,,,,,,,,,
mn63suf1bbo,1,heAuthenticationProtocolAmbient2015,Authentication Protocol for an Ambient Assisted Living System,"He, D and Zeadally, S",2015,,178,32.4,,,,,,ASSISTED_LIVING,,,,,,,,,,,,,,,,,,,,,,,,,,,,,,,,,,,
mo1qq20scq9,1,kestnerProximeterAmbientSocial,Proximeter: An Ambient Social Navigation Instrument,"Kestner, J",,,,0,Proximeter,A navigation-instrument-like ambient display that charts the past and future proximity of one's social group as glowing filaments to nurture social awareness,YES,ADAIS,"CONCEPT,PROTOTYPE,USECASE","INCREASE_AWARENESS,BEHAVIOURAL_CHANGE","SOCIAL,EVENTS",HOME,,,,,,,,,CONTINUOUS,CHANGE_BLIND,VISUAL,PERSONAL,HIGH,LED,"FAMILIAR,ART",NO,,,,,,,,,NONE,"PRESENCE,PULL",PERIPHERAL_PLACEMENT,YES,NONE,NOT_MENTIONED,,,
mp1xrd7pc5i,1,aartsNewEverydayViews2003,The New Everyday: Views on Ambient Intelligence,"Aarts, Emile and Marzano, Stefano",2003,,559,31.9,Easy Access,Speech recognition to find/play songs from music collection (either via title or humming),YES,"UI,AMI",USECASE,UNSTATED,OTHER,HOME,,,,,,,,,,,,,,,NA,NO,0,,,,,,,,NONE,,,NA,NA,NA,,,
mq4ngh3n8j,1,schmidtMobilePhonesTool2006,Mobile Phones as Tool to Increase Communication and Location Awareness of Users,"Schmidt, Albrecht and Holleis, Paul and Häkkilä, Jonna and Rukzio, Enrico and Atterer, Richard",2006,,8,0.6,Solar System,"Mobile phone screen saver visualising communication patterns where contacts are mapped to planets orbiting a sun, with size and velocity reflecting communication events",YES,ADAIS,"PROTOTYPE,USECASE,EVAL",BEHAVIOURAL_CHANGE,SOCIAL,OTHER,,,,,,,,,CONTINUOUS,USER_POLL,VISUAL,PERSONAL,MEDIUM,SCREEN,ART,NO,20,HOURS,IN_PRESENTATION,USERS,SIMULATION,"INTERVIEW,QUESTIONNAIRE",[NA],SUBJECTIVE,NONE,PRESENCE,CAMOUFLAGE,NO,NA,NOT_MENTIONED,,,
mq4pq3mj17,1,augustoNOCTURNALAmbientAssisted2011,NOCTURNAL Ambient Assisted Living,"Augusto, JC and Carswell, W and Zheng, H and Mulvenna, M",2011,,7,0.7,,,,,,ASSISTED_LIVING,,,,,,,,,,,,,,,,,,,,,,,,,,,,,,,,,,,
mq4qxr81bg,1,leonhardtIntegrativeImplementationAmbient2013,Integrative Implementation of Ambient Assisted Living Focused on Efficiency and Flexibility,"Leonhardt, S and Plorin, D and Teich, T and Müller, E",2013,,1,0.1,,,,,,ASSISTED_LIVING,,,,,,,,,,,,,,,,,,,,,,,,,,,,,,,,,,,
mqttfmtf1x,1,ferreiraARTHEExperiencingProjected2013,ARTHE: Experiencing Projected Augmented Reality with THings of the Everyday,"Ferreira, Antoine and Bernardos, Ana M and Bergesio, Luca and Casar, Jose R",2013,,3,0.4,ARTHE,,,,,,,,,,,,,,,,,,,,,,,,,,,,,,,,,,,,,,,,
ms4ym99abaj,1,kolevaChallengesDesigningImplementation2015,Challenges in Designing and Implementation of an Effective Ambient Assisted Living System,"Koleva, Pavlina and Tonchev, Krasimir and Balabanov, Georgi and Manolova, Agata and Poulkov, Vladimir",2015,,27,4.9,,,,,,ASSISTED_LIVING,,,,,,,,,,,,,,,,,,,,,,,,,,,,,,,,,,,
ms9l2c01qa,1,tentoriSmartEnvironmentChildren2015,A Smart Environment for Children with Autism,"Tentori, Monica and Escobedo, Lizbeth and Balderas, Gabriela",2015,,29,5.3,FroggyBobby,,,,,,HEALTH,"EDUCATION,MEDICAL",,,,,,,,,,,,,,,,YES,,,,,,INTERVIEW,,,,,,,,,,,
msgti0ymr3g,1,nascimentoQuadAALperambientAssistedLiving2015,QuadAALper-The Ambient Assisted Living Quadcopter,"Nascimento, RMG",2015,,3,0.5,,,,,,ASSISTED_LIVING,,,,,,,,,,,,,,,,,,,,,,,,,,,,,,,,,,,
mtw4sbd3uxg,1,heunSmarterObjectsUsing2013,Smarter Objects : Using AR Technology to Program Physical Objects and Their Interactions,"Heun, Valentin",2013,,109,14.5,,,,,,,,,,,,,,,,,,,,,,,,,,,,,,,,,,,,,,,,,
mu1w8tmg8rd,1,chenEnergyMEtertwostagedEcofeedbackAmbient2013,EnergyMEter-A Two-Staged Eco-Feedback Ambient Display Tool for Personal Energy Conservation,"Chen, PC and Sheng, YT and Jeng, TS",2013,,,0,,,,ADAIS,,,,,,,,,,,,,,,VISUAL,,,,,,,,,,,,,,,,,,,,,,
muiyn4x81f,1,yacchiremaEnableIoTInteroperability2017,Enable IoT Interoperability in Ambient Assisted Living: Active and Healthy Aging Scenarios,"Yacchirema, Diana C. and Palau, Carlos E. and Esteve, Manuel",2017,,14,4,,,,IOT,,ASSISTED_LIVING,,,,,,,,,,,,,,,,,,,,,,,,,,,,,,,,,,,
mveb4uspf38,1,willeTinySEPTinyPlatform2012,TinySEP–A Tiny Platform for Ambient Assisted Living,"Wille, S and Shcherbakov, I and de Souza, L and Wehn, N",2012,,12,1.4,,,,,,ASSISTED_LIVING,,,,,,,,,,,,,,,,,,,,,,,,,,,,,,,,,,,
mvengpkboit,1,altHowEvaluatePublic2012,How to Evaluate Public Displays,"Alt, Florian and Memarovic, Nemanja and Schneegass, Stefan and Schmidt, Albrecht",2012,,187,22,,,,,,,,,,,,,,,,,,,,,,,,YES,,,,,,"INTERVIEW,QUESTIONNAIRE",,,,,,,,,,,
mvrdyvltg3q,1,schrammelFOREWatchClockThat2011,FORE-Watch – The Clock That Tells You When to Use: Persuading Users to Align Their Energy Consumption with Green Power Availability,"Schrammel, Johann and Gerdenitsch, Cornelia and Weiss, Astrid and Kluckner, Patricia M. and Tscheligi, Manfred",2011,,36,3.8,FORE-Watch,A clock-based ambient display showing forecasted green energy availability and current household consumption via traffic-light colors,YES,ADAIS,"PROTOTYPE,USECASE","BEHAVIOURAL_CHANGE,INCREASE_AWARENESS",RESOURCES,HOME,,,,,,,,,CONTINUOUS,USER_POLL,VISUAL,HOUSEHOLD,MEDIUM,SCREEN,FAMILIAR,NO,,,,,,,,,NONE,"PRESENCE,PULL",AUGMENTATION,YES,NONE,NOT_MENTIONED,,,
mxg2fpdpxnp,1,fuVisualizationAnalysisEmail2007,Visualization and Analysis of Email Networks,"Fu, X. and Hong, S.-H. and Nikolov, N.S. and Shen, X. and Wu, Y. and Xu, K.",2007,,33,2.4,Ambient display of an email network,"A watercolor painting of stars in the sky shown on a monitor in a picture frame, representing email collaboration within a group",YES,ADAIS,"USECASE,PROTOTYPE",INCREASE_AWARENESS,SOCIAL,WORKPLACE,,,,,,,,,CONTINUOUS,USER_POLL,VISUAL,GROUP,HIGH,SCREEN,"ART,FAMILIAR",NO,,,,,,,,,NONE,PRESENCE,CAMOUFLAGE,NO,NA,NOT_MENTIONED,,,
mxigsod7sl,1,friedewaldPerspectivesAmbientIntelligence2005,Perspectives of Ambient Intelligence in the Home Environment,"Friedewald, Michael and Da Costa, Olivier and Punie, Yves and Alahuhta, Petteri and Heinonen, Sirkka",2005,,226,14.6,Ambient Intelligence in the Home Environment,"A vision/roadmap of ambient intelligence applications embedded in the home to support automation, communication, entertainment, work and independent living",NO,"ADAIS,AMI","CONCEPT,ISSUES","ASSISTED_LIVING,AID_IN_ACTIVITY,INCREASE_AWARENESS","SAFETY,SOCIAL,HEALTH,EVENTS,RESOURCES",HOME,,,,,,,,,,,[NA],,,,,NO,,,,,,,,,NONE,,,NA,NA,NA,,,
my0u9aly9ej,1,lynggaardHomeAwarenessConnecting2010,Home Awareness: Connecting People Sensuously to Places,"Lynggaard, Aviaja Borup and Petersen, M G and Gude, R and Mortensen, M",2010,,9,0.9,Home Awareness prototype,"A cone-shaped installation that reproduces the light, sound and temperature of a remote home in the primary home",YES,ADAIS,PROTOTYPE,INCREASE_AWARENESS,SOCIAL,"HOME,WORKPLACE",,,,,,,,,CONTINUOUS,MAKE_AWARE,"VISUAL,AUDIO,HEAT",FAMILY,MEDIUM,"MOTOR,SPEAKER",ART,NO,,,IN_SITU,USERS,PROTOTYPE,"INTERVIEW,COMMENTS,OBSERVATION",[NA],SUBJECTIVE,NONE,PRESENCE,"CAMOUFLAGE,MIMICRY",YES,NOISE,NOT_MENTIONED,,,
myaxt8w037,1,ghayvatAddressingInterferenceIssues2015,Addressing Interference Issues in a WSN Based Smart Home for Ambient Assisted Living,"Ghayvat, Hemant and Mukhopadhyay, S. C. and Gui, X.",2015,,4,0.7,,,,,,ASSISTED_LIVING,,,,,,,,,,,,,,,,,,,,,,,,,,,,,,,,,,,
myeke5i1bus,1,muhlhauserMultimodalInteractionAmbient2008,Multimodal Interaction for Ambient Assisted Living (Aal),"Mühlhäuser, M",2008,,2,0.2,,,,,,ASSISTED_LIVING,,,,,,,,,,,,,,,,,,,,,,,,,,,,,,,,,,,
myov5k5ldql,1,majchrzakBetterSocialIntegration2011,Towards Better Social Integration through Mobile Web 2.0 Ambient Assisted Living Devices,"Majchrzak, Tim A. and Jakubiec, Adalbert and Lablans, Martin and Ückert, Frank",2011,,9,0.9,,,,,PROTOTYPE,ASSISTED_LIVING,,,,,,,,,,,,,,,,,,,,,,,,,,,,,,,,,,,
mz984n1v2j,1,houbenPhysikitDataEngagement2016,Physikit: Data Engagement Through Physical Ambient Visualizations in the Home,"Houben, Steven and Golsteijn, Connie and Gallacher, Sarah and Johnson, Rose and Bakker, Saskia and Marquardt, Nicolai and Capra, Licia and Rogers, Yvonne",2016,,80,17.8,Physikit,"4 Cube that respond with Light,Vibration,Movement,AirFlow",YES,"IOT,ADAIS","PROTOTYPE,DEV,EVAL,USECASE",INCREASE_AWARENESS,HEALTH,HOME,,,,,,,,,CONTINUOUS,MAKE_AWARE,VISUAL,HOUSEHOLD,MEDIUM,"LED,MOTOR","ARTIFICIAL,ASSOCIATED",NO,5,WEEKS,IN_SITU,USERS,PROTOTYPE,"INTERVIEW,OBSERVATION,USAGE_STATISTIC,COMMENTS",[NA],SUBJECTIVE,NONE,"PUSH,PRESENCE","CAMOUFLAGE,PERIPHERAL_PLACEMENT",YES,NOISE,YES,,,
n0wdupu71r9,1,bilandzicGelatineMakingCoworking2013,Gelatine: Making Coworking Places Gel for Better Collaboration and Social Learning,"Bilandzic, Mark and Schroeter, Ronald and Foth, Marcus",2013,,35,4.7,Gelatine,"RFID check-in system that displays present coworkers' skills, interests and needs as a tag cloud on public screens plus thermal-printed profile tickets in a library coworking space",YES,ADAIS,"PROTOTYPE,EVAL,USECASE",INCREASE_AWARENESS,SOCIAL,WORKPLACE,,,,,,,,,CONTINUOUS,USER_POLL,VISUAL,PUBLIC,HIGH,SCREEN,ARTIFICIAL,YES,45,DAYS,IN_SITU,USERS,PROTOTYPE,INTERVIEW,[NA],"OBJECTIVE,SUBJECTIVE",NONE,"PRESENCE,PULL",PERIPHERAL_PLACEMENT,YES,NONE,NOT_MENTIONED,,,
n1v9oqusszi,1,vogelInteractivePublicAmbient2005,Interactive Public Ambient Displays,"Vogel, Daniel and Balakrishnan, Ravin",2005,,10,0.6,,,,ADAIS,PROTOTYPE,,,,,,,,,,,,,,VISUAL,,,,,,,,,,,,,,,,,,,,,,
n2f0lm2nd0g,1,shamiContextUseEvaluation2005,Context of Use Evaluation of Peripheral Displays (CUEPD),"Shami, N. Sadat and Leshed, Gilly and Klein, David",2005,,35,2.3,Stock Ticker,A scrolling stock ticker display located along the entrance corridor of a Business School showing stock information,NO,ADAIS,EVAL,INCREASE_AWARENESS,OTHER,"EDUCATION,WORKPLACE",,,,,,,,,CONTINUOUS,USER_POLL,VISUAL,PUBLIC,HIGH,SCREEN,ARTIFICIAL,YES,10,HOURS,IN_SITU,USERS,FINAL,"HEURISTIC_EVALUATION,QUESTIONNAIRE",[NA],[NA],NONE,PRESENCE,PERIPHERAL_PLACEMENT,NO,NA,NOT_MENTIONED,,,
n2gavl4957,1,kiyokawaOwensLuisContextaware2012,Owens Luis - A Context-aware Multi-modal Smart Ofﬁce Chair in an Ambient Environment,"Kiyokawa, Kiyoshi and Hatanaka, Masahide and Hosoda, Kazufumi and Okada, Masashi and Shigeta, Hironori and Ishihara, Yasunori and Ooshita, Fukuhito and Kakugawa, Hirotsugu and Kurihara, Satoshi and Moriyama, Koichi",2012,,8,0.9,Owens Luis,"A smart office chair that senses a worker's sleepiness and concentration and responds with motion, variable color-temperature LED light and directional audio to encourage rest or work",YES,ADAIS,"PROTOTYPE,DEV","BEHAVIOURAL_CHANGE,AID_IN_ACTIVITY",HEALTH,WORKPLACE,,,,,,,,,CONTINUOUS,MAKE_AWARE,"VISUAL,AUDIO,POS,HEAT",PERSONAL,MEDIUM,"LED,MOTOR,SPEAKER","FAMILIAR,ARTIFICIAL",NO,100,DAYS,"IN_LAB,IN_PRESENTATION",USERS,PROTOTYPE,"COMMENTS,OBSERVATION",[NA],[NA],NONE,PUSH,AUGMENTATION,YES,NONE,NOT_MENTIONED,,,
n2mimj9enws,1,netgearMeuralCanvasII2019,Meural Canvas II | Shop Digital Canvas | Digital Wall Art | Meural,NETGEAR,2019,,,0,Meural,,,,,,,,,,,,,,,,,,,,,,,,,,,,,,,,,,,,,,,,
n3rp6th4gxh,1,hartmannMaterializingAmbientDisplays,Materializing Ambient Displays,"Hartmann, F",,,,0,Materializing Ambient Displays,Non-pixel-based ambient displays that encode data into aesthetically designed tangible objects blending into their architectural environment,NO,ADAIS,"CONCEPT,DEFTAX",INCREASE_AWARENESS,OTHER,"HOME,WORKPLACE,URBAN",,,,,,,,,CONTINUOUS,MAKE_AWARE,"VISUAL,AUDIO,SHAPE,POS,AIRMOVE",PUBLIC,LOW,"MOTOR,LED","FAMILIAR,ART",NO,,,,,,,,,NONE,PRESENCE,"CAMOUFLAGE,AUGMENTATION,MIMICRY",YES,NONE,NOT_MENTIONED,,,
n4mabz222u,1,sukthankarAmbientProjectionIntelligent2005,Towards Ambient Projection for Intelligent Environments,"Sukthankar, R.",2005,,12,0.8,PhotoBoard,A multi-planar projected display that shows family photos or artwork on a wall and desk for environment customization,YES,ADAIS,"PROTOTYPE,USECASE",OTHER,"SOCIAL,OTHER",WORKPLACE,,,,,,,,,USER,USER_POLL,VISUAL,PERSONAL,HIGH,SCREEN,FAMILIAR,NO,,,,,,,,,NONE,PRESENCE,PERIPHERAL_PLACEMENT,YES,NONE,NOT_MENTIONED,,,
n9j8xvn5ci,1,hlubinkaAltarNationInterfaceDesign2002,AltarNation: Interface Design for Meditative Communities,"Hlubinka, Michelle and Beaudin, Jennifer and Tapia, Emmanuel Munguia and An, John S",2002,,27,1.5,AltarNation,An altar niche with a projected star-field display where lighting candles connects users to a virtual meditative community and candlelight shone on stars plays others' prayers and sounds,YES,ADAIS,"PROTOTYPE,USECASE,DEV","AID_IN_ACTIVITY,OTHER",HEALTH,MEDICAL,,,,,,,,,USER,USER_POLL,"VISUAL,AUDIO",PERSONAL,HIGH,"PROJECTION,SPEAKER","ART,ASSOCIATED",NO,,,,,,,,,NONE,"PRESENCE,PULL","PERIPHERAL_PLACEMENT,CAMOUFLAGE",YES,NONE,NOT_MENTIONED,,,
n9q7q1ibp2a,1,mullerAmbientNotifications2013,Towards Ambient Notifications,"Müller, Heiko and Pielot, Martin and de Oliveira, Rodrigo",2013,,,0,,,,,DEFTAX,,,,,,,,,,,,,,,,,,,,,,,,,,,,,,,,,,,,
n9r1jw7x1v,1,aartsNewEverydayViews2003,The New Everyday: Views on Ambient Intelligence,"Aarts, Emile and Marzano, Stefano",2003,,559,31.9,Untitled,Foveated high resolution display,YES,"UI,AMI",USECASE,UNSTATED,OTHER,HOME,,,,,,,,,,,,,,,NA,NO,0,,,,,,,,NONE,,,NA,NA,NA,,,
nag40simddg,1,pranteAmbientAgorasInfoRiver2004,"Ambient Agoras – InfoRiver, SIAM, Hello.Wall","Prante, Thorsten and Stenzel, Richard and Röcker, Carsten and Streitz, Norbert and Magerkurth, Carsten",2004,,38,2.3,InfoRiver,"A system implementing an information river metaphor presenting information items on multiple interactive displays (InforMall, GossiPlace, ViewPort, ConsulTable) to support information flow through an office building",YES,ADAIS,PROTOTYPE,"INCREASE_AWARENESS,NOTIFICATION","EVENTS,SOCIAL",WORKPLACE,,,,,,,,,USER,MAKE_AWARE,VISUAL,PUBLIC,HIGH,SCREEN,ARTIFICIAL,NO,,,,,,,,,NONE,"PUSH,PULL",PERIPHERAL_PLACEMENT,YES,NONE,NOT_MENTIONED,,,
nbmfjxo8t4e,1,demarchiTransitTraceExplorationVisual2015,TransitTrace: An Exploration of Visual Encoding for Effective Route Planning Using an Ambient Display,"MARCHI, M DE",2015,,,0,TransitTrace,An interaction-free web-based visualization for large ambient displays showing animated transit vehicle movements and transfers on an overview map to enable route planning,YES,ADAIS,"PROTOTYPE,USECASE,DEV","AID_IN_ACTIVITY,INCREASE_AWARENESS",OTHER,"URBAN,TRANSPORT",,,,,,,,,CONTINUOUS,USER_POLL,VISUAL,PUBLIC,HIGH,SCREEN,ARTIFICIAL,NO,,,,,,,,,NONE,PRESENCE,,NO,NA,NOT_MENTIONED,,,
ncagx1ur70r,1,zargham4streamsAmbientPhoto2015,4streams: An Ambient Photo Sharing Application for Extended Families,"Zargham, Sam and Ćalić, Janko and Frohlich, David M.",2015,,5,0.9,4streams,Photo display that shows slideshow from different users,YES,ADAIS,"PROTOTYPE,USECASE,EVAL","INCREASE_AWARENESS,NOTIFICATION",SOCIAL,HOME,,,,,,,,,CONTINUOUS,MAKE_AWARE,VISUAL,FAMILY,HIGH,SCREEN,FAMILIAR,NO,4,WEEKS,IN_SITU,USERS,PROTOTYPE,"INTERVIEW,USAGE_STATISTIC",[NA],"SUBJECTIVE,OBJECTIVE",NONE,"PUSH,PRESENCE,PULL",PERIPHERAL_PLACEMENT,NO,NA,NOT_MENTIONED,,,
nct3szhpkw,1,blaskoExploringInteractionSimulated2005,Exploring Interaction with a Simulated Wrist-Worn Projection Display,"Blasko, G. and Coriand, F. and Feiner, S.",2005,,86,5.5,,,,,,,,,,,,,,,,,,,,,,,,NO,,,,,,,,,,,,,,,,,
ndaq0voehrc,1,coronatoSituationAwarenessApplications2013,Situation Awareness in Applications of Ambient Assisted Living for Cognitive Impaired People,"Coronato, A and Pietro, G De",2013,,26,3.5,,,,,,ASSISTED_LIVING,,,,,,,,,,,,,,,,,,,,,,,,,,,,,,,,,,,
ndnr3v9fuop,1,kristalyASolutionMobile2018,A Solution for Mobile Computing in a Cloud Environment for Ambient Assisted Living,"Kristály, DM and Moraru, SA and Petre, VS",2018,,1,0.4,,,,,,ASSISTED_LIVING,,,,,,,,,,,,,,,,,,,,,,,,,,,,,,,,,,,
ndqhhzpp7p8,1,consolvoEvaluatingAmbientDisplay2005,Evaluating an Ambient Display for the Home,"Consolvo, Sunny and Towle, Jeffrey",2005,,52,3.4,CareNet Display,Interactive digital picture frame augmenting an elder's photo with status icons about her daily care for family caregivers,YES,ADAIS,EVAL,"INCREASE_AWARENESS,ASSISTED_LIVING",HEALTH,"HOME,MEDICAL",,,,,,,,,CONTINUOUS,USER_POLL,VISUAL,FAMILY,HIGH,SCREEN,FAMILIAR,YES,21,WEEKS,"IN_SITU,IN_PRESENTATION","USERS,EXPERTS",WOZ,"HEURISTIC_EVALUATION,INTERVIEW,QUESTIONNAIRE",[NA],[NA],NONE,"PRESENCE,PULL","PERIPHERAL_PLACEMENT,CAMOUFLAGE",YES,NOISE,YES,,,
nf0y8dhd8u,1,martinsDevelopmentAmbientAssisted2017,"Development of Ambient Assisted Living Products and Services: The Role of International Classification of Functioning, Disability, and Health","Martins, AI and Queirós, A and Rocha, NP",2017,,1,0.3,,,,,,ASSISTED_LIVING,,,,,,,,,,,,,,,,,,,,,,,,,,,,,,,,,,,
ngct2o5fyyi,1,pepitaCreationRetrievalUser2018,"… Creation and Retrieval of User Health Information with Google Firebase, and Delivery of Automatic Emergency SMS for Ambient Assisted Living System: Monitoring of …","Pepita, AG and Juhana, T",2018,,1,0.4,,,,AS,,ASSISTED_LIVING,,,,,,,,,,,,,,,,,,,,,,,,,,,,,,,,,,,
nggpj3hp14b,1,dealbaTalkingAgentsAmbientassisted2010,Talking Agents in Ambient-Assisted Living,"de Alba, José M. Fernández and Pavón, Juan",2010,,2,0.2,,,,,,ASSISTED_LIVING,,,,,,,,,,,,,,,,,,,,,,,,,,,,,,,,,,,
ngru4bqz55,1,stephanidisUniversalAccessHumancomputer2007,Universal Access in Human-Computer Interaction. Ambient Interaction: 4th International Conference on Universal Access in Human-Computer Interaction …,"Stephanidis, C",2007,,31,2.3,,,,,,,,,,,,,,,,,,,,,,,,,,,,,,,,,,,,,,,,,
ngwerbgeci,1,mcconalogueDisseminationStrategyAmbient2017,Dissemination Strategy of Ambient Assisted Living Project Experience.,"McConalogue, E and Davis, P and Connolly, R",2017,,1,0.3,,,,,,ASSISTED_LIVING,,,,,,,,,,,,,,,,,,,,,,,,,,,,,,,,,,,
nh5b08r0x9a,1,fernandezUbikMultiagentBased2009,Ubik: A Multi-Agent Based Simulator for Ubiquitous Computing Applications,"Fernández, Emilio Serrano and Blaya, Juan Antonio Botía and Figueredo, José Manuel Cadenas",2009,,19,1.7,,,,,,,,,,,,,,,,,,,,,,,,,,,,,,,,,,,,,,,,,
nhniot4g44r,1,mancaDetectingAnomalousElderly2017,Detecting Anomalous Elderly Behaviour in Ambient Assisted Living,"Manca, Marco and Parvin, Parvaneh and Paternò, Fabio and Santoro, Carmen",2017,,5,1.4,,,,,,ASSISTED_LIVING,,,,,,,,,,,,,,,,,,,,,,,,,,,,,,,,,,,
ni570918mir,1,demirisSmartHomesAmbient2011,Smart Homes and Ambient Assisted Living Applications: From Data to KnowledgeEmpowering or Overwhelming Older Adults?,"Demiris, G and Thompson, H",2011,,38,4,,,,,,ASSISTED_LIVING,,,,,,,,,,,,,,,,,,,,,,,,,,,,,,,,,,,
nicfzhdumy,1,davisActivityRecognitionBased2016,Activity Recognition Based on Inertial Sensors for Ambient Assisted Living,"Davis, Kadian and Owusu, Evans and Bastani, Vahid and Marcenaro, Lucio and Hu, Jun and Regazzoni, Carlo and Feijs, Loe",2016,,37,8.2,,,,AS,,ASSISTED_LIVING,HEALTH,MEDICAL,,,,,,,,,,,,,,,,YES,,,,,,,,,,,,,,,,,
nihe8x19g7m,1,kandaAIRAmbientAbstract2005,AIR: Ambient/Abstract/Atmosphere-like Information Representator (日韓合同ワークショップ 1st Korea-Japan Joint Workshop on Ubiquitous Computing and Networking Systems (ubiCNS 2005)),"Kanda, A and Kawahara, Y and Morikawa, H and Aoyama, T",,,,0,AIR,Ambient display framework that maps information sources onto abstract atmosphere-like representations delivered via agents to displays,NO,ADAIS,"CONCEPT,DEV,PROTOTYPE",INCREASE_AWARENESS,"EVENTS,ENVIRONMENT","HOME,WORKPLACE",,,,,,,,,CONTINUOUS,,VISUAL,PUBLIC,MEDIUM,LED,ART,NO,,,,,,,,,NONE,PRESENCE,PERIPHERAL_PLACEMENT,YES,NONE,NOT_MENTIONED,,,
niroif8z9pd,1,goetzeAcousticUserInterfaces2010,Acoustic User Interfaces for Ambient-Assisted Living Technologies,"Goetze, Stefan and Moritz, Niko and Appell, Jens-E and Meis, Markus and Bartsch, Christian and Bitzer, Jörg",2010,,34,3.2,,,,,,ASSISTED_LIVING,,,,,,,,,,,,,,,,,,,,,,,,,,,,,,,,,,,
njajezu5fg9,1,tentoriSmartEnvironmentChildren2015,A Smart Environment for Children with Autism,"Tentori, Monica and Escobedo, Lizbeth and Balderas, Gabriela",2015,,29,5.3,BxBalloons,An ambient display showing aircraft/balloons that inflate or deflate based on children's behavior to encourage positive behavior in a classroom,YES,ADAIS,"PROTOTYPE,USECASE,EVAL","INCREASE_AWARENESS,BEHAVIOURAL_CHANGE",HEALTH,"EDUCATION,MEDICAL",,,,,,,,,EVENT,MAKE_AWARE,VISUAL,GROUP,MEDIUM,SCREEN,ASSOCIATED,YES,24,MONTHS,IN_SITU,USERS,PROTOTYPE,INTERVIEW,[NA],"OBJECTIVE,SUBJECTIVE",NONE,PRESENCE,PERIPHERAL_PLACEMENT,NO,NA,NOT_MENTIONED,,,
njzyeyqmdzk,1,pogorelcSemanticAmbientMedia2012,Semantic Ambient Media: From Ambient Advertising to Ambient-Assisted Living,"Pogorelc, Bogdan and Vatavu, Radu-Daniel and Lugmayr, Artur and Stockleben, Björn and Risse, Thomas and Kaario, Juha and Lomonaco, Estefania Constanza and Gams, Matjaž",2012,,26,3.1,,,,,,ASSISTED_LIVING,HEALTH,MEDICAL,,,,,,,,,,,,,,,,NO,,,,,,,,,,,,,,,,,
nkrhd79kcj,1,bohnDisappearingComputersEverywhere2003,Disappearing Computers Everywhere - Living in a World of Smart Everyday Objects,"Bohn, Jürgen and Coroamă, Vlad and Langheinrich, Marc and Mattern, Friedemann and Rohs, Michael",2003,,35,2,,,,,PROTOTYPE,INCREASE_AWARENESS,"RESOURCES,HEALTH","MEDICAL,HOME",,,,,,,,,,,,,,,,NO,,,,,,,,,,,,,,,,,
nlfegr4tnr,1,endterAssistiertAlternEntwicklung2017,Assistiert Altern. Die Entwicklung Eines Sturzsensors Im Kontext von Ambient Assisted Living,"Endter, C",2017,,4,1.1,,,,AS,,ASSISTED_LIVING,,,,,,,,,,,,,,,,,,,,,,,,,,,,,,,,,,,
nnza5ehl6z,1,prekopActivitiesContextUbiquitous2003,"Activities, Context and Ubiquitous Computing","Prekop, Paul and Burnett, Mark",2003,,325,18.6,,,,,,,,,,,,,,,,,,,,,,,,,,,,,,,,,,,,,,,,,
nobmy4deme,1,leoneFieldCommunicationbasedPlatform2015,A near Field Communication-Based Platform for Mobile Ambient Assisted Living Applications,"Leone, A and Rescio, G and Siciliano, P",2015,,3,0.5,,,,,,ASSISTED_LIVING,,,,,,,,,,,,,,,,,,,,,,,,,,,,,,,,,,,
nolbvwbu8o,1,kunnappillyAModelchecking-basedFramework2019,A Model-Checking-Based Framework for Analyzing Ambient Assisted Living Solutions,"Kunnappilly, A and Marinescu, R and Seceleanu, C",2019,,2,1.3,,,,,,ASSISTED_LIVING,,,,,,,,,,,,,,,,,,,,,,,,,,,,,,,,,,,
nonf22n4k5,1,davisEffectsAmbientLighting2017,Effects of Ambient Lighting Displays on Peripheral Activity Awareness,"Davis, Kadian and Owusu, Evans B. and Marcenaro, Lucio and Feijs, Loe and Regazzoni, Carlo and Hu, Jun",2017,,8,2.3,Activity-based ambient lighting display (COL ONLY),A Philips Hue desk lamp that changes colour to convey an elderly person's activity levels to caregivers,YES,ADAIS,"EVAL,PROTOTYPE,USECASE","INCREASE_AWARENESS,ASSISTED_LIVING","SOCIAL,EVENTS,HEALTH","HOME,WORKPLACE,MEDICAL",,,,,,,,,CONTINUOUS,CHANGE_BLIND,VISUAL,PERSONAL,MEDIUM,LED,FAMILIAR,YES,56,HOURS,IN_LAB,USERS,WOZ,"QUESTIONNAIRE,INTERVIEW,HEURISTIC_EVALUATION,TASK_PERFORMANCE,OBSERVATION",[NA],SUBJECTIVE,MEMORY_OTHER,PRESENCE,"PERIPHERAL_PLACEMENT,AUGMENTATION",NO,NA,NOT_MENTIONED,,,
notwdhghtz,1,Winter_2014,Social Object Labels: Supporting Social Object Annotation with Small Pervasive Displays,"Winter, Marcus",2014,,10,1.5,Social Object Labels,,,,,,SOCIAL,,,,,,,,,,,,,,,,,NO,,,IN_SITU,,,,,,,,,,,,,,
npoq103qif9,1,hermannTangibleReminder2007,The Tangible Reminder,"Hermann, Marc and Mahler, Thorsten and De Melo, Guido and Weber, Michael",2007,,5,0.4,Tangible reminder,"A wooden case with trays holding user-chosen objects associated with appointments, each backed by an ambient light display that changes color to indicate appointment urgency.",YES,"TUI,ADAIS","PROTOTYPE,USECASE","NOTIFICATION,ASSISTED_LIVING",HEALTH,"HOME,WORKPLACE",,,,,,,,,OBJECT,MAKE_AWARE,"HAPTIC,VISUAL",PERSONAL,MEDIUM,LED,ARTIFICIAL,YES,11,HOURS,IN_LAB,"USERS,EXPERTS",PROTOTYPE,HEURISTIC_EVALUATION,[NA],[NA],SPATIAL_OBJECT_BINDING,"PRESENCE,PUSH",PERIPHERAL_PLACEMENT,YES,NONE,NOT_MENTIONED,,,
nqs5g4my76,1,amaralAModelHuman2019,A Model for Human Activity Recognition in Ambient Assisted Living,"do Amaral, Wagner D. and Dantas, Mario A. R. and Campos, Fernanda",2019,,,0,,,,,,ASSISTED_LIVING,,,,,,,,,,,,,,,,,,,,,,,,,,,,,,,,,,,
nsjdyty6jo,1,chiangInducingSubConscious2014,Inducing [Sub]Conscious Energy Behaviour through Visually Displayed Energy Information: A Case Study in University Accommodation,"Chiang, Teresa and Mevlevioglu, Gokhan and Natarajan, Sukumar and Padget, Julian and Walker, Ian",2014,,48,7.4,Numerical display,Android tablet display showing energy consumption as numerical kWh values with colour-coded ranges,YES,ADAIS,"EVAL,USECASE",INCREASE_AWARENESS,RESOURCES,"EDUCATION,HOME",,,,,,,,,CONTINUOUS,USER_POLL,VISUAL,GROUP,HIGH,SCREEN,ARTIFICIAL,YES,42,WEEKS,IN_SITU,USERS,PROTOTYPE,"QUESTIONNAIRE,USAGE_STATISTIC",[NA],"OBJECTIVE,SUBJECTIVE",NONE,PRESENCE,PERIPHERAL_PLACEMENT,YES,NONE,YES,,,
nsr9vxz6ny8,1,garcesReferenceArchitecturesReference2017,Reference Architectures and Reference Models for Ambient Assisted Living Systems: A Systematic Literature Review.,"Garcés, L and Ampatzoglou, A and Oquendo, F and Nakagawa, EY",2017,,3,0.9,,,,,,ASSISTED_LIVING,,,,,,,,,,,,,,,,,,,,,,,,,,,,,,,,,,,
ntzkefs9s1,1,jimenez-mixcoApplicationVirtualReality2009,Application of Virtual Reality Technologies in Rapid Development and Assessment of Ambient Assisted Living Environments,"Jiménez-Mixco, Viveca and González, Juan Luis Villalar and Arca, Antonella and Cabrera-Umpierrez, María Fernanda and Arredondo, María Teresa and Manchado, Pablo and García-Robledo, María",2009,,10,0.9,,,,,,ASSISTED_LIVING,,,,,,,,,,,,,,,,,,,,,,,,,,,,,,,,,,,
nu9kckrpjz,1,schmidt2005interactive,Interactive Context-Aware Systems Interacting with Ambient Intelligence,"Schmidt, Albrecht",2005,,215,13.9,Implicit Human Computer Interaction (iHCI),"A conceptual interaction model for context-aware systems in ambient intelligence that uses the user's context to create implicit, invisible user interfaces",NO,"ADAIS,AMI","CONCEPT,ISSUES",UNSTATED,OTHER,OTHER,,,,,,,,,,,[NA],,,,NA,NO,,,,,,,,,NONE,,,NA,NA,NA,,,
nugn24agfks,1,searchMultisensoryPhysicalEnvironments2016,Multisensory Physical Environments for Data Representation,"Search, Patricia",2016,,,0,,,,AS,,,,,,,,,,,,,,,,,,,,NO,,,,,,,,,,,,,,,,,
nurhocrutt,1,blumPseudoAmbienceFillingGap2018,Pseudo-Ambience: Filling the Gap Between Notifications and Continuous Information Displays,"Blum, Jeffrey R. and Cooperstock, Jeremy R. and Cauchard, Jessica",2018,,3,1.2,Pseudo-Ambient Displays (SenseProxy),Smartwatch-based haptic display that delivers periodic vibration summaries representing a partner's leg movement/activity,YES,ADAIS,"CONCEPT,USECASE","INCREASE_AWARENESS,NOTIFICATION",SOCIAL,OTHER,,,,,,,,,CONTINUOUS,MAKE_AWARE,HAPTIC,PERSONAL,MEDIUM,MOTOR,ARTIFICIAL,NO,,DAYS,IN_SITU,USERS,PROTOTYPE,QUESTIONNAIRE,[NA],SUBJECTIVE,SALIENCE,"PUSH,PRESENCE",PERIPHERAL_PLACEMENT,NO,NA,NOT_MENTIONED,,,
nv0ilxqiyn,1,malekmohamadiLowCostAutomaticAmbient2018,Low-Cost Automatic Ambient Assisted Living System,"Malekmohamadi, Hossein and Moemeni, Armaghan and Orun, Ahmet and Purohit, Jayendra Kumar",2018,,5,2,,,,,,ASSISTED_LIVING,,,,,,,,,,,,,,,,,,,,,,,,,,,,,,,,,,,
nvz9qycml5,1,gencHowelSoftWearable2019,Howel: A Soft Wearable with Dynamic Textile Patterns as an Ambient Display for Cardio Training,"Genç, Çağlar and Ekmekçioğlu, Yavuz Ali and Balci, Fuat and Ūrey, Hakan and Özcan, Oguzhan",2019,,,0,Howel,Textile that covers lower arm and show colors depending on heartrate target zone during workout,YES,ADAIS,PROTOTYPE,"AID_IN_ACTIVITY,INCREASE_AWARENESS",HEALTH,EXERCISE,,,,,,,,,CONTINUOUS,CHANGE_BLIND,"VISUAL,HEAT",PERSONAL,MEDIUM,OTHER,ASSOCIATED,YES,3,HOURS,IN_SITU,USERS,WOZ,INTERVIEW,[NA],[NA],NONE,PRESENCE,"PERIPHERAL_PLACEMENT,AUGMENTATION",YES,NONE,NO,,,
nwutoainhmq,1,romanowskiDesignImplementationPervasive2013,Design and Implementation of a Pervasive Occupancy Displaying System in an Academic Environment,"Romanowski, Andrzej and Chaniecki, Zbigniew and Grudzien, Krzysztof and Garbaa, Hela and Jackowska-Strumillo, Lidia and Sankowski, Dominik and Wozniak, Pawel",2013,,1,0.1,OccuDisp,Camera-based system that detects study room occupancy and displays it as colored bars on public LCD screens in a university building,YES,ADAIS,"PROTOTYPE,USECASE,DEV","INCREASE_AWARENESS,AID_IN_ACTIVITY","EVENTS,OTHER",EDUCATION,,,,,,,,,CONTINUOUS,USER_POLL,VISUAL,PUBLIC,MEDIUM,SCREEN,ARTIFICIAL,YES,52,WEEKS,"IN_SITU,IN_LAB",USERS,PROTOTYPE,INTERVIEW,[NA],SUBJECTIVE,NONE,"PRESENCE,PULL",PERIPHERAL_PLACEMENT,NO,NA,NOT_MENTIONED,,,
nxc6rmcpxo,1,alemanAmbientDisplaysAssist2016,Ambient Displays to Assist Caregivers Monitoring the Sleep of People with Dementia,"Alemán, Carlos A. and Favela, Jesús",2016,,1,0.2,Light path,Light patterns and colors that indicate the path to a current event of interest,YES,"ADAIS,AS","USECASE,PROTOTYPE",INCREASE_AWARENESS,HEALTH,MEDICAL,,,,,,,,,EVENT,MAKE_AWARE,VISUAL,GROUP,MEDIUM,LED,ARTIFICIAL,YES,5,HOURS,IN_PRESENTATION,"USERS,EXPERTS",SIMULATION,INTERVIEW,[NA],[NA],NONE,PUSH,PERIPHERAL_PLACEMENT,NA,NA,NOT_MENTIONED,,,
nxh6hh6ddwb,1,wangStylizedAmbientDisplays2011,Stylized Ambient Displays of Digital Media Collections,"Wang, Tinghuai",2011,,15,1.6,Digital Ambient Display,"An always-on digital photo frame that automatically selects, artistically stylizes and transitions between a user's personal photo and video collection, adapting to user attention detected via webcam gaze detection",YES,ADAIS,"DEV,PROTOTYPE,USECASE",OTHER,"SOCIAL,EVENTS",HOME,,,,,,,,,CONTINUOUS,MAKE_AWARE,VISUAL,HOUSEHOLD,HIGH,SCREEN,"FAMILIAR,ART",YES,10,HOURS,IN_SITU,USERS,PROTOTYPE,"QUESTIONNAIRE,USAGE_STATISTIC",[NA],[NA],NONE,PRESENCE,AUGMENTATION,NO,NA,NOT_MENTIONED,,,
nxk7sprjos,1,adamiAmbientAssistedLiving2014,Ambient Assisted Living for People with Motor Impairments,"Adami, Ilia and Antona, Margherita and Stephanidis, Constantine",2014,,4,0.6,,,,,,ASSISTED_LIVING,,,,,,,,,,,,,,,,,,,,,,,,,,,,,,,,,,,
nyiywjau1f,1,hongActivityRecognitionSystem2012,An Activity Recognition System for Ambient Assisted Living Environments,"Hong, Jin-Hyuk and Ramos, Julian and Shin, Choonsung and Dey, Anind K.",2012,,10,1.2,,,,,,ASSISTED_LIVING,,,,,,,,,,,,,,,,,,,,,,,,,,,,,,,,,,,
nzr06shq8gg,1,savageExplorationNeedsConcerns2010,An Exploration of the Needs and Concerns of Potential Ambient Assisted Living Users within the Context of the Meaning of Home,"Savage, R.M.",2010,,1,0.1,,,,,,ASSISTED_LIVING,,,,,,,,,,,,,,,,,,,,,,,,,,,,,,,,,,,
o0he0tsyqlg,1,burnsActivMONWearableAmbient2011,ActivMON: A Wearable Ambient Activity Display,"Burns, Patrick and Lueg, Christopher and Berkovsky, Shlomo",2011,,4,0.4,ActivMON,A wrist-worn wearable device with an RGB LED that changes colour to show a user's daily activity level and pulses to indicate group activity level,YES,ADAIS,"PROTOTYPE,DEV,USECASE",BEHAVIOURAL_CHANGE,HEALTH,"EXERCISE,OTHER",,,,,,,,,CONTINUOUS,USER_POLL,VISUAL,PERSONAL,MEDIUM,LED,ARTIFICIAL,NO,1,HOURS,IN_SITU,USERS,PROTOTYPE,[NA],[NA],[NA],NONE,PRESENCE,PERIPHERAL_PLACEMENT,YES,NONE,NOT_MENTIONED,,,
o230dd7a79,1,rizzonCWalkerCyberphysicalSystem2016,C-Walker: A Cyber-Physical System for Ambient Assisted Living,"Rizzon, Luca and Moro, Federico and Passerone, Roberto and Macii, David and Fontanelli, Daniele and Nazemzadeh, Payam and Corrà, Michele and Palopoli, Luigi and Prattichizzo, Domenico",2016,,2,0.4,C-Walker,,,,,ASSISTED_LIVING,,,,,,,,,,,,,,,,,,,,,,,,,,,,,,,,,,,
o3aruqx0h9s,1,khawajaUWBRadarBased2017,UWB Radar Based beyond Wall Sensing and Tracking for Ambient Assisted Living,"Khawaja, Wahab and Koohifar, Farshad and Guvenc, Ismail",2017,,4,1.1,,,,,,ASSISTED_LIVING,,,,,,,,,,,,,,,,,,,,,,,,,,,,,,,,,,,
o3uyvt21kvf,1,kuznetsovUpStreamMotivatingWater2010,UpStream: Motivating Water Conservation with Low-Cost Water Flow Sensing and Persuasive Displays,"Kuznetsov, Stacey and Paulos, Eric",2010,,142,13.5,UpStream: Public Faucet Display,A faucet-mounted ambient display using a traffic-light colored light and an LED bar graph to show individual and collective water usage at public bathroom faucets,YES,ADAIS,PROTOTYPE,"INCREASE_AWARENESS,BEHAVIOURAL_CHANGE","RESOURCES,HEALTH","URBAN,EDUCATION",,,,,,,,,USER,MAKE_AWARE,VISUAL,PUBLIC,MEDIUM,LED,"ASSOCIATED,ARTIFICIAL",YES,11,DAYS,IN_SITU,USERS,PROTOTYPE,"INTERVIEW,QUESTIONNAIRE",[NA],"OBJECTIVE,SUBJECTIVE",NONE,PRESENCE,AUGMENTATION,YES,POWER,NOT_MENTIONED,,,
o48iw7tvlak,1,atesDesignScienceResearch2018,Design Science Research Für Ambient Assisted Living Systeme (AAL),"Ates, N and Piazolo, F and Kathrein, J and Förster, K",2018,,1,0.4,,,,,,ASSISTED_LIVING,,,,,,,,,,,,,,,,,,,,,,,,,,,,,,,,,,,
o4o53mthbtb,1,bektemirovaAmbientAssistedLiving2015,Ambient Assisted Living Systems and Platforms,"Bektemirova, A",2015,,1,0.2,,,,,,ASSISTED_LIVING,,,,,,,,,,,,,,,,,,,,,,,,,,,,,,,,,,,
o5gvptw5tfg,1,brewsterTactonsStructuredTactile2004,Tactons: Structured Tactile Messages for Non-Visual Information Display,"Brewster, Stephen A and Brown, Lorna M",2004,,689,41.8,Tactons,"Structured, abstract tactile messages (tactile icons) delivered via vibrotactile actuators to communicate information non-visually",NO,"TUI,ADAIS","CONCEPT,DEV","NOTIFICATION,AID_IN_ACTIVITY,ASSISTED_LIVING","EVENTS,OTHER",WORKPLACE,,,,,,,,,EVENT,MAKE_AWARE,HAPTIC,PERSONAL,MEDIUM,SPEAKER,ARTIFICIAL,NO,0,,,,,,,,COGNITIVE_LOAD,PUSH,PERIPHERAL_PLACEMENT,NO,NA,NOT_MENTIONED,,,
o6sxo73a19,1,ostensenEvaluationAmbientAssisted2014,Evaluation of Ambient Assisted Living Interventions-Which Tool to Choose?,"Østensen, E and Svagård, I and Fossberg, AB",2014,,3,0.5,,,,,,ASSISTED_LIVING,,,,,,,,,,,,,,,,,,,,,,,,,,,,,,,,,,,
o6x6rif8hm,1,fortmannSupportingSituationAwareness2014,Supporting Situation Awareness with Peripheral Feedback on Monitoring Behavior,"Fortmann, Florian and Müller, Heiko and Brauer, Dierk and Boll, Susanne",2014,,2,0.3,,,,AS,,INCREASE_AWARENESS,,,,,,,,,,,,,,,,,,NO,,,,,,,,,,,,,,,,,
o98inar902,1,olivierAmbientKitchenDesigning2009,Ambient Kitchen: Designing Situated Services Using a High Fidelity Prototyping Environment,"Olivier, Patrick and Xu, Guangyou and Monk, Andrew and Hoey, Jesse",2009,,126,11,Ambient Kitchen,"Prototyping environment with projectors, cameras, sensors in a kitchen. Senses if ingredients for recipies are available and displays traffic light next to ingredients in projection.",,,"DEV,PROTOTYPE",,HEALTH,"MEDICAL,HOME",,,,,,,,,,,,,,,,NO,0,,,,,INTERVIEW,,,,,,,,,,,
o9moywvkpe,1,martinhoEvaluatingReliabilityAmbientassisted2016,Evaluating the Reliability of Ambient-Assisted Living Business Processes.,"Martinho, R and Domingos, D and Respício, A",2016,,6,1.3,,,,,,ASSISTED_LIVING,,,,,,,,,,,,,,,,,,,,,,,,,,,,,,,,,,,
o9x1ap7m2zr,1,gellersenAmbientMediaPeripheral1999,Ambient Media for Peripheral Information Display,"Gellersen, Hans-W. and Schmidt, Albrecht and Beigl, Michael",1999,,43,2,Ambient Lamp,"Lamps illuminating posters and pictures, changing light level to display web activity",YES,ADAIS,"PROTOTYPE,USECASE,DEV","INCREASE_AWARENESS,NOTIFICATION","EVENTS,SOCIAL",WORKPLACE,,,,,,,,,EVENT,CHANGE_BLIND,POS,GROUP,MEDIUM,LED,FAMILIAR,NO,,MONTHS,IN_SITU,USERS,PROTOTYPE,"OBSERVATION,COMMENTS",[NA],SUBJECTIVE,NONE,PRESENCE,"AUGMENTATION,PERIPHERAL_PLACEMENT",YES,NONE,NOT_MENTIONED,,,
oac8avr44c,1,fanActivityRecognitionService2017,Activity Recognition as a Service for Smart Home: Ambient Assisted Living Application via Sensing Home,"Fan, Xiaohu and Xie, Qubo and Li, Xuebin and Huang, Hao and Wang, Jian and Chen, Si and Xie, Changsheng and Chen, Jiajing",2017,,16,4.6,,,,,,ASSISTED_LIVING,,,,,,,,,,,,,,,,,,,,,,,,,,,,,,,,,,,
oav8wsr9uu,1,marincInteractivePersonalizationAmbient2011,Interactive Personalization of Ambient Assisted Living Environments,"Marinc, A and Stocklöw, C and Braun, A and Limberger, C",2011,,16,1.7,,,,,,ASSISTED_LIVING,,,,,,,,,,,,,,,,,,,,,,,,,,,,,,,,,,,
oc1c4omq7ff,1,shkilniukAnalysisSurveyTools2020,Analysis of Survey Tools for Recommender Systems in the Selection of Ambient Assisted Living Technologies,"Shkilniuk, Yurii and Alarcón, Ángel Serrano and Gaiduk, Maksym and Seepold, Ralf and Madrid, Natividad Martínez",2020,,,0,,,,,,ASSISTED_LIVING,,,,,,,,,,,,,,,,,,,,,,,,,,,,,,,,,,,
oc5gw25r4m,1,messeterEvaluatingAmbientDisplays2012,Evaluating Ambient Displays in the Wild: Highlighting Social Aspects of Use in Public Settings,"Messeter, Jörn and Molenaar, Daryn",2012,,19,2.2,Untitled,Semi-transparent plastic cylinder with RGB LED strips that shifts colour to indicate expected bus arrival times at a bus terminal,YES,ADAIS,"EVAL,ISSUES","INCREASE_AWARENESS,NOTIFICATION",SOCIAL,"TRANSPORT,URBAN",,,,,,,,,EVENT,CHANGE_BLIND,VISUAL,PUBLIC,MEDIUM,LED,ARTIFICIAL,YES,20,DAYS,IN_SITU,USERS,WOZ,"HEURISTIC_EVALUATION,INTERVIEW",[NA],"OBJECTIVE,SUBJECTIVE",NONE,PRESENCE,PERIPHERAL_PLACEMENT,YES,NONE,NOT_MENTIONED,,,
ocld5cr3kg,1,shenIssuesEvaluationAmbient2009,Issues for the Evaluation of Ambient Displays,"Shen, X and Moere, AV and Eades, P and Hong, SH",2009,,1,0.1,,,,ADAIS,,,,,,,,,,,,,,,[NA],,,,,,,,,,,,,,,,,,,,,,
ocmny1t49jo,1,bakkerDesignPeripheralInteraction2013,Design for Peripheral Interaction,"Bakker, S",2013,,29,3.9,,,,,,,,EDUCATION,,,,,,,,,,,,,,,,NO,,,,,,,,,,,,,,,,,
odnnkkcm94a,1,beckerAmbientAssistedLiving2007,Ambient Assisted Living Systems – Notes on a Plenary Discussion,"Becker, Martin and Floeck, Martin and Fuhrmann, Thomas",2007,,1,0.1,,,,,,ASSISTED_LIVING,,,,,,,,,,,,,,,,,,,,,,,,,,,,,,,,,,,
odshbo8o07,1,costinTelemonitoringVitalSigns2011,Telemonitoring of Vital Signs – an Effective Tool for Ambient Assisted Living,"Costin, H. and Rotariu, C. and Adochiei, F. and Ciobotariu, R. and Andruseac, G. and Corciova, F.",2011,,8,0.8,,,,AS,,ASSISTED_LIVING,,,,,,,,,,,,,,,,,,,,,,,,,,,,,,,,,,,
ofa10kk2wnl,1,vulpeIoTSecurityApproaches2019,IoT Security Approaches in Social Robots for Ambient Assisted Living Scenarios,"Vulpe, Alexandru and Paikan, Ali and Craciunescu, Razvan and Ziafati, Pouyan and Kyriazakos, Sofoklis and Hemmer, Adrien and Badonnel, Remi",2019,,,0,,,,IOT,,ASSISTED_LIVING,,,,,,,,,,,,,,,,,,,,,,,,,,,,,,,,,,,
oga1dypn49,1,tazariUnifiedAmbientAssisted2011,Towards a Unified Ambient Assisted Living and Personal Health Environment,"Tazari, MR and Wichert, R and Norgall, T",2011,,13,1.4,,,,,,ASSISTED_LIVING,,,,,,,,,,,,,,,,,,,,,,,,,,,,,,,,,,,
ogcixavbuq,1,serranoValidatingAmbientIntelligence2013,Validating Ambient Intelligence Based Ubiquitous Computing Systems by Means of Artificial Societies,"Serrano, Emilio and Botia, Juan",2013,,47,6.3,,,,,,,,,,,,,,,,,,,,,,,,,,,,,,,,,,,,,,,,,
ogmmg60jv6,1,torresLiveObjectsLeveragingTheatricality2016,LiveObjects: Leveraging Theatricality for an Expressive Internet of Things,"Torres, Cesar and O'Leary, Jasper and Paulos, Eric",2016,,2,0.4,GorgeBox,A soft-actuated IoT object with a rubber balloon inside a wood frame that inflates as Twitter mentions of a user accumulate,YES,"IOT,ADAIS","PROTOTYPE,CONCEPT","NOTIFICATION,INCREASE_AWARENESS","SOCIAL,EVENTS",OTHER,,,,,,,,,EVENT,MAKE_AWARE,POS,PUBLIC,MEDIUM,MOTOR,ART,NO,,,,,,,,,NONE,"PRESENCE,PUSH",AUGMENTATION,YES,NONE,NOT_MENTIONED,,,
oh71e6mw1hl,1,phelanAmbientCalendar2008,The Ambient Calendar,"Phelan, Owen and Coyle, Lorcan and Stevenson, Graeme and Neely, Steve",2008,,5,0.4,,,,,,,HEALTH,"WORKPLACE,HOME",,,,,,,,,,,,,,,,YES,,,,,,"HEURISTIC_EVALUATION,INTERVIEW,QUESTIONNAIRE",,,,,,,,,,,
ohes64vxyok,1,otjacquesRedesignClassicInformation2007,Redesign of Classic Information Visualization Techniques in an Artistic Computing Perspective,"Otjacques, Benoît and Feltz, Fernand",2007,,3,0.2,,,,,DEFTAX,,,,,,,,,,,,,,VISUAL,,,,ART,NO,,,,,,,,,,,,,,,,,
oiyueapkv1,1,mcdonaldProactiveDisplaysSupporting2008,Proactive Displays: Supporting Awareness in Fluid Social Environments,"McDonald, David W. and McCarthy, Joseph F. and Soroczak, Suzanne and Nguyen, David H. and Rashid, Al M.",2008,,90,7.2,Proactive displays,Shows similarities of interest between people in front of display,,,,,SOCIAL,,,,,,,,,,,,,,,,,YES,,,,,,INTERVIEW,,,,,,,,,,,
ojcmjmv97kq,1,wichertAmbientAssistedLiving2013,"Ambient Assisted Living: 6. AAL-Kongress 2013 Berlin, Germany, January 22.-23., 2013","Wichert, R and Klausing, H",2013,,3,0.4,,,,,,ASSISTED_LIVING,,,,,,,,,,,,,,,,,,,,,,,,,,,,,,,,,,,
ojdkj58vj1s,1,minutoFollowGrassSmart2012,Follow the Grass: A Smart Material Interactive Pervasive Display,"Minuto, Andrea and Huisman, Gijs and Nijholt, Anton",2012,,4,0.5,Follow the grass,Artificial blades of grass actuated by nitinol muscle wires that bend in eight directions to display animations and guide users in public spaces,YES,ADAIS,"CONCEPT,PROTOTYPE,DEV","BEHAVIOURAL_CHANGE,AID_IN_ACTIVITY,OTHER",HEALTH,MEDICAL,,,,,,,,,USER,MAKE_AWARE,POS,PUBLIC,MEDIUM,MOTOR,FAMILIAR,NO,,,,,,,,,NONE,"PUSH,PRESENCE","MIMICRY,CAMOUFLAGE",YES,"FABRICATION,OTHER",NOT_MENTIONED,,,
ok8yfv357x,1,alemanAmbientDisplaysAssist2016,Ambient Displays to Assist Caregivers Monitoring the Sleep of People with Dementia,"Alemán, Carlos A. and Favela, Jesús",2016,,1,0.2,Vibration morse code,Haptic interface delivering morse code vibration patterns where each pattern indicates the type or location of a nighttime event involving a person with dementia,YES,"ADAIS,AS","USECASE,PROTOTYPE",INCREASE_AWARENESS,HEALTH,MEDICAL,,,,,,,,,EVENT,MAKE_AWARE,HAPTIC,PERSONAL,MEDIUM,MOTOR,ARTIFICIAL,YES,5,HOURS,IN_PRESENTATION,USERS,SIMULATION,INTERVIEW,[NA],[NA],NONE,PUSH,PERIPHERAL_PLACEMENT,NA,NA,NOT_MENTIONED,,,
okbt1hpt43,1,fulopSemanticIntelligentSpace2012,Semantic Intelligent Space for Ambient Assisted Living,"Fülöp, István Marcell and Galambos, Péter and Baranyi, Péter",2012,,4,0.5,,,,,,ASSISTED_LIVING,,,,,,,,,,,,,,,,,,,,,,,,,,,,,,,,,,,
okh2ygg3n6b,1,garciaCrowdBasedAmbientAssisted2017,Crowd-Based Ambient Assisted Living to Monitor the Elderly’s Health Outdoors,"Garcia, Ana Cristina Bicharra and Vivacqua, Adriana Santarosa and Sanchez-Pi, Nayat and Marti, Luis and Molina, Jose M.",2017,,12,3.4,,,,,,ASSISTED_LIVING,,,,,,,,,,,,,,,,,,,,,,,,,,,,,,,,,,,
oktlrwst1q9,1,bachourLowresolutionAmbientAwareness2010,Low-Resolution Ambient Awareness Tools for Educational Support,"Bachour, K and Alavi, H Seiied and Kaplan, F",2010,,5,0.5,Lantern,A portable lamp with a column of LEDs that shows a team's current exercise and help-request status during recitation sections,YES,ADAIS,"PROTOTYPE,USECASE,EVAL","INCREASE_AWARENESS,AID_IN_ACTIVITY","SOCIAL,EVENTS",EDUCATION,,,,,,,,,USER,MAKE_AWARE,VISUAL,GROUP,MEDIUM,LED,FAMILIAR,YES,,WEEKS,IN_SITU,USERS,PROTOTYPE,OBSERVATION,[NA],OBJECTIVE,NONE,PRESENCE,PERIPHERAL_PLACEMENT,YES,NONE,NOT_MENTIONED,,,
okyf785lw9,1,mccarthyProactiveDisplaysExperience2002,Proactive Displays \& the Experience UbiComp Project,"McCarthy, Joseph F. and Nguyen, David H. and Rashid, Al Mamunur and Soroczak, Suzanne",2002,,69,3.7,Ticket2Talk,A large plasma display in a coffee break area that cycles through visual 'tickets to talk' contributed by attendees whose RFID tags are detected nearby,YES,ADAIS,"PROTOTYPE,USECASE","INCREASE_AWARENESS,OTHER",SOCIAL,SOCIAL,,,,,,,,,OBJECT,USER_POLL,VISUAL,PUBLIC,HIGH,SCREEN,ARTIFICIAL,NO,,,,,,,,,NONE,PRESENCE,PERIPHERAL_PLACEMENT,NO,NA,NOT_MENTIONED,,,
olaxwf5trl,1,kimSeenMusicAmbient2015,Seen Music: Ambient Music Data Visualization for Children with Hearing Impairments,"Kim, Jeeeun and Ananthanarayan, Swamy and Yeh, Tom",2015,,3,0.5,Colored Frame,A transparent standing acrylic frame with five colored LEDs that light up to visualize music tune and rhythm for children with hearing impairments,YES,ADAIS,PROTOTYPE,"ASSISTED_LIVING,AID_IN_ACTIVITY",OTHER,EDUCATION,,,,,,,,,EVENT,MAKE_AWARE,VISUAL,PUBLIC,MEDIUM,LED,"FAMILIAR,ART",NO,,,,,,,,,NONE,PRESENCE,AUGMENTATION,YES,NONE,NOT_MENTIONED,,,
olkm6hil2o,1,matthewsToolkitManagingUser2004,A Toolkit for Managing User Attention in Peripheral Displays,"Matthews, Tara and Dey, Anind K. and Mankoff, Jennifer and Carter, Scott and Rattenbury, Tye",2004,,211,12.8,Social Guitar,A guitar-like device that plucks a string via servomotors to provide awareness of audio activity levels in a remote space,YES,ADAIS,"DEV,PROTOTYPE",INCREASE_AWARENESS,SOCIAL,WORKPLACE,,,,,,,,,EVENT,MAKE_AWARE,AUDIO,GROUP,MEDIUM,"MOTOR,SPEAKER",ARTIFICIAL,NO,,,,,,,,,"PERIPHERAL_ATTENTION,AWARENESS_CONSCIOUSNESS",PUSH,PERIPHERAL_PLACEMENT,YES,NONE,NOT_MENTIONED,,,
ommby7rs16r,1,kimInflatableMouseVolumeadjustable2008,Inflatable Mouse: Volume-Adjustable Mouse with Air-Pressure-Sensitive Input and Haptic Feedback,"Kim, Seoktae and Kim, Hyunjung and Lee, Boram and Nam, Tek-Jin and Lee, Woohun",2008,,99,7.9,Inflatable Mouse,Inflate casing,YES,ADAIS,"PROTOTYPE,DEV,USECASE","AID_IN_ACTIVITY,NOTIFICATION","SOCIAL,SAFETY,HEALTH","WORKPLACE,HOME",,,,,,,,,EVENT,MAKE_AWARE,HAPTIC,PERSONAL,LOW,MOTOR,FAMILIAR,NO,20,HOURS,IN_LAB,USERS,PROTOTYPE,"COMMENTS,OBSERVATION,TASK_PERFORMANCE",[NA],[NA],NONE,PUSH,AUGMENTATION,YES,OTHER,NOT_MENTIONED,,,
onc0hlrqubn,1,yaoIncentiveMechanismParticipatory2018,Incentive Mechanism in Participatory Sensing for Ambient Assisted Living.,"Yao, H and Muqing, W and Tianze, L",2018,,1,0.4,,,,,,ASSISTED_LIVING,,,,,,,,,,,,,,,,,,,,,,,,,,,,,,,,,,,
onofwazvwx9,1,ducatelScenariosAmbientIntelligence2001,Scenarios for Ambient Intelligence in 2010,"Ducatel, Ken",2001,,787,40.4,,,,,,,,,,,,,,,,,,,,,,,,,,,,,,,,,,,,,,,,,
oofx8g1gmj,1,mikalsenInteroperabilityServicesMPOWER2009,Interoperability Services in the MPOWER Ambient Assisted Living Platform.,"Mikalsen, M and Hanke, S and Fuxreiter, T and Walderhaug, S",2009,,41,3.6,,,,,,ASSISTED_LIVING,,,,,,,,,,,,,,,,,,,,,,,,,,,,,,,,,,,
oojo05826of,1,aztiriaUserBehaviorShift2013,User Behavior Shift Detection in Ambient Assisted Living Environments,"Aztiria, A and Farhadi, G and Aghajan, H",2013,,12,1.6,,,,,,ASSISTED_LIVING,,,,,,,,,,,,,,,,,,,,,,,,,,,,,,,,,,,
opa1utd39mp,1,lockenExploringDesignSpace2014,Exploring the Design Space of Ambient Light Displays,"Löcken, Andreas and Müller, Heiko and Heuten, Wilko and Boll, Susanne CJ",2014,,11,1.7,Sparkle,Ambient light display embedded with a tablet PC using LEDs to show dynamic off-screen points of interest,YES,ADAIS,PROTOTYPE,INCREASE_AWARENESS,OTHER,OTHER,,,,,,,,,EVENT,MAKE_AWARE,VISUAL,PERSONAL,MEDIUM,"LED,SCREEN",ARTIFICIAL,NO,,HOURS,IN_LAB,USERS,PROTOTYPE,TASK_PERFORMANCE,[NA],[NA],NONE,PRESENCE,PERIPHERAL_PLACEMENT,YES,NONE,NOT_MENTIONED,,,
oppu10wp9rp,1,weiserDesigningCalmTechnology1996,Designing Calm Technology,"Weiser, Mark and Brown, John Seely",1996,,1230,50.2,Dangling String / Live Wire,Visualizing network activity,YES,ADAIS,USECASE,INCREASE_AWARENESS,OTHER,WORKPLACE,YES,Bits Network traffic,LOCAL,Movement Cable,Measured Network Traffic,Moving Cable,Sense of Network Activity,INDEXICAL,CONTINUOUS,MAKE_AWARE,"AUDIO,VISUAL",GROUP,LOW,MOTOR,ARTIFICIAL,NO,0,,,,,,,,SPATIAL_OBJECT_BINDING,PRESENCE,"PERIPHERAL_PLACEMENT,MIMICRY",YES,NONE,NOT_MENTIONED,,,
opr13moaggg,1,coughlinMonitoringManagingMotivating2011,"Monitoring, Managing, and Motivating Driver Safety and Well-Being","Coughlin, J. F. and Reimer, B. and Mehler, B.",2011,,107,11.3,AwareCar,"In-vehicle platform that detects driver state (stress, fatigue, inattention) and displays it via a color-changing ambient device to help drivers reach an optimal arousal state",YES,"AS,ADAIS","CONCEPT,PROTOTYPE,USECASE",INCREASE_AWARENESS,HEALTH,MEDICAL,,,,,,,,,CONTINUOUS,MAKE_AWARE,VISUAL,PERSONAL,MEDIUM,LED,ARTIFICIAL,NO,,HOURS,"IN_SITU,IN_LAB",USERS,PROTOTYPE,TASK_PERFORMANCE,PHYSIOLOGICAL,[NA],COGNITIVE_LOAD,PRESENCE,PERIPHERAL_PLACEMENT,YES,NONE,NOT_MENTIONED,,,
oqaidgzneqf,1,teixeiraSilentSpeechInteraction2017,Silent Speech Interaction for Ambient Assisted Living Scenarios,"Teixeira, António and Vitor, Nuno and Freitas, João and Silva, Samuel",2017,,2,0.6,,,,,,ASSISTED_LIVING,,,,,,,,,,,,,,,,,,,,,,,,,,,,,,,,,,,
or19xvoiov,1,mullerReflectiveSignsDigitalSigns2009,ReflectiveSigns: Digital Signs That Adapt to Audience Attention,"Müller, Jörg and Exeler, Juliane and Buzeck, Markus and Krüger, Antonio",2009,,231,20.1,ReflectiveSigns,Public Displays that shows personalized content by using face detection,,UI,,,,,,,,,,,,,,,,,,,,YES,15,,,USERS,,INTERVIEW,,,,,,,,,,,
or5djuc0qon,1,boughtonHome2HomeLightweightGiftgiving2012,"Home2Home: A ""Lightweight"" Gift-Giving Portal between Homes","Boughton, Alexandra and Gopalakrishna, Arjun and Udayashankar, Bhavya and Morgan, Alexandra",2012,,1,0.1,Home2Home,Shared smartboard between remote homes,YES,ADAIS,"PROTOTYPE,USECASE","AID_IN_ACTIVITY,NOTIFICATION",SOCIAL,HOME,,,,,,,,,EVENT,MAKE_AWARE,"VISUAL,AUDIO",FAMILY,HIGH,"SCREEN,SPEAKER",FAMILIAR,NO,10,HOURS,"IN_SITU,IN_LAB",USERS,SIMULATION,"COMMENTS,OBSERVATION,TASK_PERFORMANCE",[NA],[NA],NONE,"PUSH,PRESENCE",AUGMENTATION,NO,NA,NOT_MENTIONED,,,
orbr4dxkhim,1,billinghurstTangibleInterfacesAmbient2010,Tangible Interfaces for Ambient Augmented Reality Applications,"Billinghurst, Mark and Grasset, Raphaël and Seichter, Hartmut",2010,,11,1,,,,TUI,,INCREASE_AWARENESS,,,,,,,,,,,,,HAPTIC,,,,,NO,,,,,,,,,,,,,,,,,
os6zyi54g5e,1,edgePeripheralTangibleInteraction2009,Peripheral Tangible Interaction by Analytic Design,"Edge, Darren and Blackwell, Alan F.",2009,,59,5.1,,,,TUI,,,,WORKPLACE,,,,,,,,,,,HAPTIC,,,,,NO,,,,,,,,,,,,,,,,,
osz6vu15ob,1,morandellResultsWorkshopSeries2010,Results of a Workshop Series on Ambient Assisted Living,"Morandell, Martin M. and Fugger, Erwin",2010,,1,0.1,,,,,,ASSISTED_LIVING,,,,,,,,,,,,,,,,,,,,,,,,,,,,,,,,,,,
ot38q87szjq,1,kurschlSituationawareAmbientAssisted2012,Situation-Aware Ambient Assisted Living and Ambient Intelligence Data Integration for Efficient Eldercare,"Kurschl, Werner and Buchmayr, Mario and Franz, Barbara and Mayr, Margit",2012,,1,0.1,,,,,,ASSISTED_LIVING,,,,,,,,,,,,,,,,,,,,,,,,,,,,,,,,,,,
otel4q9r1gi,1,alvarez-garciaEvaluationLocalizationActivity2013,Evaluation of Localization and Activity Recognition Systems for Ambient Assisted Living: The Experience of the 2012 EvAAL Competition,"Álvarez-García, Juan Antonio and Barsocchi, Paolo and Chessa, Stefano and Salvi, Dario",2013,,52,6.9,,,,,,ASSISTED_LIVING,,,,,,,,,,,,,,,,,,,,,,,,,,,,,,,,,,,
ouuddss5yy,1,burnsColoursThatMove2013,Colours That Move You: Persuasive Ambient Activity Displays,"Burns, Patrick and Lueg, Christopher and Berkovsky, Shlomo",2013,,5,0.7,ActivMON,Wrist-based wearable ambient display that detects user activity with a motion sensor and represents it with a coloured light changing from red to green,YES,ADAIS,"PROTOTYPE,USECASE",BEHAVIOURAL_CHANGE,HEALTH,EXERCISE,,,,,,,,,CONTINUOUS,USER_POLL,VISUAL,PERSONAL,MEDIUM,LED,ARTIFICIAL,YES,5,WEEKS,IN_SITU,USERS,PROTOTYPE,"INTERVIEW,QUESTIONNAIRE",[NA],SUBJECTIVE,NONE,PRESENCE,PERIPHERAL_PLACEMENT,YES,NONE,NOT_MENTIONED,,,
ovf6rgw6iwc,1,chernyshovWearableAmbientSound2016,Wearable Ambient Sound Display: Embedding Information in Personal Music,"Chernyshov, George and Tag, Benjamin and Chen, Jiajun and Noriyasu, Vontin and Lukowicz, Paul and Kunze, Kai",2016,,4,0.9,Wearable Ambient Sound Display,Encode traffic information in equalizer settings while listening to music,YES,ADAIS,"PROTOTYPE,EVAL,USECASE",INCREASE_AWARENESS,HEALTH,"WORKPLACE,EXERCISE",,,,,,,,,CONTINUOUS,CHANGE_BLIND,AUDIO,PERSONAL,MEDIUM,SPEAKER,NA,NO,10,HOURS,IN_LAB,USERS,REDUCED_PROTOTYPE,"QUESTIONNAIRE,TASK_PERFORMANCE,COMMENTS",DUAL_TASK,[NA],NONE,PRESENCE,AUGMENTATION,NO,NA,NOT_MENTIONED,,,
ox7wlhcnll,1,obermairCuesEnvironmentDesign2006,Cues in the Environment: A Design Principle for Ambient Intelligence,"Obermair, Christoph and Ploderer, Bernd and Reitberger, Wolfgang and Tscheligi, Manfred",2006,,16,1.1,,,,AMI,,,HEALTH,,,,,,,,,,,,,,,,,NO,,,,,,,,,,,,,,,,,
oxzlsvoh5ej,1,andradeWhatChangesUbiquitous2017,What Changes from Ubiquitous Computing to Internet of Things in Interaction Evaluation?,"Andrade, Rossana M. C. and Carvalho, Rainara M. and de Araújo, Italo Linhares and Oliveira, Káthia M. and Maia, Marcio E. F.",2017,,19,5.4,,,,,,,,,,,,,,,,,,,,,,,,,,,,,,,,,,,,,,,,,
oyevjs9yhs,1,mccarthyProactiveDisplaysExperience2002,Proactive Displays \& the Experience UbiComp Project,"McCarthy, Joseph F. and Nguyen, David H. and Rashid, Al Mamunur and Soroczak, Suzanne",2002,,69,3.7,AutoSpeakerID,"A proactive display that detects the RFID tag of a person approaching a microphone and shows their picture, name and affiliation on a display near the front of the room",YES,ADAIS,"PROTOTYPE,USECASE","INCREASE_AWARENESS,AID_IN_ACTIVITY",SOCIAL,"SOCIAL,EDUCATION",,,,,,,,,OBJECT,MAKE_AWARE,VISUAL,PUBLIC,MEDIUM,SCREEN,ARTIFICIAL,NO,,,,,,,,,NONE,PUSH,PERIPHERAL_PLACEMENT,NO,NA,NOT_MENTIONED,,,
oyieabxvrlp,1,chenRecentAdvancesAmbient2015,"Recent Advances in Ambient Assisted Living-Bridging Assistive Technologies, e-Health and Personalized Health Care","Chen, W and Augusto, JC and Seoane, F",2015,,2,0.4,,,,,,ASSISTED_LIVING,,,,,,,,,,,,,,,,,,,,,,,,,,,,,,,,,,,
p2a54rzwufa,1,wipfliSensitiveTapestryBuilt2009,The Sensitive Tapestry: Built Architecture as a Platform for Information Visualization and Interaction,"Wipfli, Sandra and Schneider, Christian",2009,,3,0.3,Sensitive Tapestry,Interactive installation projecting a dynamically generated tapestry pattern onto a building façade based on thermal imaging of pedestrian movement and building heat,YES,ADAIS,"PROTOTYPE,USECASE,DEV","INCREASE_AWARENESS,OTHER","SOCIAL,OTHER","URBAN,EDUCATION",,,,,,,,,USER,MAKE_AWARE,VISUAL,PUBLIC,HIGH,SCREEN,ART,NO,,,,,,,,,NONE,PRESENCE,AUGMENTATION,NO,NA,NOT_MENTIONED,,,
p2fapdcuu6j,1,kuijsContextawareIntelligentFlexible2015,"A Context-Aware, Intelligent and Flexible Ambient Assisted Living Platform Architecture","Kuijs, H and Rosencrantz, C and Reich, C",2015,,9,1.6,,,,,,ASSISTED_LIVING,,,,,,,,,,,,,,,,,,,,,,,,,,,,,,,,,,,
p4y9am1ryrd,1,limaQualityInformationContext2009,Quality of Information in the Context of Ambient Assisted Living,"Lima, Luís and Costa, Ricardo and Novais, Paulo and Analide, Cesar and Cruz, José Bulas and Neves, José",2009,,7,0.6,,,,,,ASSISTED_LIVING,,,,,,,,,,,,,,,,,,,,,,,,,,,,,,,,,,,
p616vlas4fh,1,qianCommunicationExchangeInformation2015,Communication and Exchange between Information Visualization and Industrial Design,"Qian, Zhenyu Cheryl and Chen, Yingjie Victor",2015,,1,0.2,,,,,,,HEALTH,MEDICAL,,,,,,,,,,,VISUAL,,,,,YES,,,,,,,,,,,,,,,,,
p6bxn4mcye,1,deyAwarenessConnectednessDesign2006,From Awareness to Connectedness: The Design and Deployment of Presence Displays,"Dey, Anind K and Guzman, Edward S De",2006,,154,10.6,InformationAppliance,Augmented displays of information such as thermometers or clocks that use color to reflect a loved one's online presence,YES,ADAIS,CONCEPT,INCREASE_AWARENESS,SOCIAL,HOME,,,,,,,,,EVENT,USER_POLL,"VISUAL,AUDIO",FAMILY,MEDIUM,LED,FAMILIAR,YES,,,,,,,,,NONE,PRESENCE,"AUGMENTATION,PERIPHERAL_PLACEMENT",NA,NA,NOT_MENTIONED,,,
p6ymew2yf7b,1,novaisGroupSupportCollaborative2008,Group Support in Collaborative Networks Organizations for Ambient Assisted Living,"Novais, Paulo and Costa, Ricardo and Carneiro, Davide and Machado, José and Lima, Luís and Neves, José",2008,,13,1,,,,,,ASSISTED_LIVING,,,,,,,,,,,,,,,,,,,,,,,,,,,,,,,,,,,
p7hppqm21yb,1,adeluyiMedicalVirtualInstrumentation2015,Medical Virtual Instrumentation for Ambient Assisted Living: Part 1 Concepts,"Adeluyi, O and Lee, JA",2015,,3,0.5,,,,,,ASSISTED_LIVING,,,,,,,,,,,,,,,,,,,,,,,,,,,,,,,,,,,
p84va11ffsp,1,cedilloAALADINAmbientAssisted2020,AALADIN: Ambient Assisted Living Assistive Device for Internet,"Cedillo, Priscila and Valdez, Wilson and Córdova, Andrés",2020,,,0,AALADIN,,,,,ASSISTED_LIVING,,,,,,,,,,,,,,,,,,,,,,,,,,,,,,,,,,,
p8gjnf6rzx,1,gronvallWiredRadioStudyLiving2018,WiredRadio: A Study of Living with Radio Awareness,"Grönvall, Erik",2018,,,0,WiredRadio,Dangling string but with 2.4Ghz radio activity,YES,ADAIS,USECASE,INCREASE_AWARENESS,"OTHER,SOCIAL",HOME,YES,Wireless network traffic,LOCAL,Movement Cable,Measured Network Traffic,Moving Cable,Sense of Network Activity,INDEXICAL,CONTINUOUS,MAKE_AWARE,"AUDIO,VISUAL",FAMILY,LOW,MOTOR,ARTIFICIAL,YES,3,WEEKS,IN_SITU,USERS,FINAL,INTERVIEW,[NA],SUBJECTIVE,NONE,PRESENCE,PERIPHERAL_PLACEMENT,YES,"NOISE,FAILURE",NOT_MENTIONED,,,
p8n001p5w7,1,mullerUnobtrusivelyRemindingUsers2012,Unobtrusively Reminding Users of Upcoming Tasks with Ambient Light: Ambient Timer,"Müller, Heiko and Pielot, Martin and Heuten, Wilko and Kazakova, Anastasia and Boll, Susanne",2012,,9,1.1,Ambient Timer,RGB-LED strips on a frame mounted behind a monitor that change light over time to indicate the time remaining until an upcoming event,YES,ADAIS,"PROTOTYPE,EVAL","NOTIFICATION,AID_IN_ACTIVITY",EVENTS,WORKPLACE,,,,,,,,,CONTINUOUS,MAKE_AWARE,VISUAL,PERSONAL,MEDIUM,LED,ARTIFICIAL,YES,7,HOURS,IN_LAB,USERS,PROTOTYPE,QUESTIONNAIRE,[NA],OBJECTIVE,NONE,PRESENCE,PERIPHERAL_PLACEMENT,YES,NONE,NOT_MENTIONED,,,
pa7hiewb94l,1,drossosConceptualModelSupporting2005,A Conceptual Model and the Supporting Middleware for Composing Ubiquitous Computing Applications,"Drossos, N.",2005,,25,1.6,,,,,,,,,,,,,,,,,,,,,,,,,,,,,,,,,,,,,,,,,
pao22zfb3ia,1,bolshutkinKnowledgeorientedApproachRequirements2012,Knowledge-Oriented Approach to Requirements Engineering in Ambient-Assisted Living Domain,"Bolshutkin, Volodymyr and Steinberger, Claudia and Tkachuk, Mykola",2012,,2,0.2,,,,,,ASSISTED_LIVING,,,,,,,,,,,,,,,,,,,,,,,,,,,,,,,,,,,
pav2ygyw1zh,1,lazaroAmbientAssistedNutritional2010,Ambient Assisted Nutritional Advisor for Elderly People Living at Home,"Lázaro, JP and Fides, A and Navarro, A",2010,,17,1.6,,,,,,ASSISTED_LIVING,,,,,,,,,,,,,,,,,,,,,,,,,,,,,,,,,,,
pbarp94zqz,1,zhaoWhatsHappeningPromoting2002,"What's Happening?: Promoting Community Awareness through Opportunistic, Peripheral Interfaces","Zhao, Qiang Alex and Stasko, John T.",2002,,58,3.1,What's Happening: Screen-saver,,,,,INCREASE_AWARENESS,,,,,,,,,,,,,,,,,,NO,,,,,,,,,,,,,,,,,
pbj6huajei,1,bonanniLivingHyperreality2006,Living with Hyper-reality,"Bonanni, Leonardo",2006,,13,0.9,SmartSink,,,,,,HEALTH,"WORKPLACE,HOME",,,,,,,,,,,,,,,,YES,,,,,,QUESTIONNAIRE,,,,,,,,,,,
pf30m0lq2b,1,rogeljCapacityPlanningAmbient2019,Capacity Planning for Ambient Assisted Living,"Rogelj, V and Drobež, E and Kavšek, M and Bogataj, D",2019,,,0,,,,,,ASSISTED_LIVING,,,,,,,,,,,,,,,,,,,,,,,,,,,,,,,,,,,
pg91munf15e,1,magnaniHumanActionRecognition2020,Human Action Recognition and Monitoring in Ambient Assisted Living Environments,"Magnani, A",2020,,,0,,,,AS,,ASSISTED_LIVING,,,,,,,,,,,,,,,,,,,,,,,,,,,,,,,,,,,
phuhd8m8oo,1,camposDontGoThere2017,Don’t Go in There! Using the APEX Framework in the Design of Ambient Assisted Living Systems,"Campos, José C. and Abade, Tiago and Silva, José Luís and Harrison, Michael D.",2017,,3,0.9,,,,,PROTOTYPE,ASSISTED_LIVING,,,,,,,,,,,,,,,,,,,,,,,,,,,,,,,,,,,
pi7nao1d04a,1,filhoMHARSMobileSystem2016,MHARS: A Mobile System for Human Activity Recognition and Inference of Health Situations in Ambient Assisted Living,"Filho, José Daniel Pereira Ribeiro and e Silva, Francisco José Da Silva and Coutinho, Luciano Reis and Gomes, Berto De Tácio Pereira",2016,,4,0.9,MHARS,,,,,ASSISTED_LIVING,,,,,,,,,,,,,,,,,,,,,,,,,,,,,,,,,,,
pis7g3roy8h,1,insuaUserGeneratedAmbient2008,User Generated Ambient Presence,"Insua, GL and Bennett, M and Nixon, P and Coyle, L",2008,,1,0.1,Ambient Jewelry,Small shaped desktop windows (Jewels) that change appearance based on remote friends' computer activity to convey presence,YES,ADAIS,"PROTOTYPE,CONCEPT",INCREASE_AWARENESS,SOCIAL,"WORKPLACE,HOME",,,,,,,,,EVENT,CHANGE_BLIND,VISUAL,PERSONAL,MEDIUM,SCREEN,ART,NO,,,,,,,,,NONE,PRESENCE,"CAMOUFLAGE,PERIPHERAL_PLACEMENT",NO,NA,NOT_MENTIONED,,,
pisb3mdsvi,1,tapiaUsingSmartTV2016,Using Smart TV Applications for Providing Interactive Ambient Assisted Living Services to Older Adults,"Tapia, José M. and Gutierrez, Francisco J. and Ochoa, Sergio F.",2016,,4,0.9,,,,,,ASSISTED_LIVING,,,,,,,,,,,,,,,,,,,,,,,,,,,,,,,,,,,
piszam8cr3f,1,ettehadiHeartWavesHeart2020,Heart Waves: A Heart Rate Feedback System Using Water Sounds,"Ettehadi, Omid and Jones, Lee and Hartman, Kate",2020,,,0,Heart Waves,A water fountain whose flow and falling-water sound changes based on the user's heart rate to create a relaxing atmosphere,YES,ADAIS,"PROTOTYPE,USECASE","BEHAVIOURAL_CHANGE,OTHER",HEALTH,"WORKPLACE,EDUCATION",,,,,,,,,CONTINUOUS,CHANGE_BLIND,AUDIO,PERSONAL,MEDIUM,MOTOR,FAMILIAR,NO,,,,,,,,,NONE,PRESENCE,"PERIPHERAL_PLACEMENT,MIMICRY",YES,"FABRICATION,OTHER",NOT_MENTIONED,,,
pitek2l6lmo,1,guldenpfennigWillItCatch2015,“Will It Catch Their Attention?” - Evaluating Situated and Peripheral Displays in a Personal Context,"Güldenpfennig, Florian and Ganhör, Roman and Fitzpatrick, Geraldine",2015,,1,0.2,,,,,,,,,,,,,,,,,,,,,,,,YES,,,IN_SITU,,,,,,,,,,,,,,
pivvu48lhcn,1,aartsNewEverydayViews2003,The New Everyday: Views on Ambient Intelligence,"Aarts, Emile and Marzano, Stefano",2003,,559,31.9,Little Red Riding Hood,Storybook tells room on which page it is. Room will create ambient atmosphere/play media accompanying the storyline.,YES,"ADAIS,AMI",USECASE,UNSTATED,OTHER,HOME,,,,,,,,,,,VISUAL,,,,NA,NO,0,,,,,,,,NONE,,,NA,NA,NA,,,
pjwffxqc7w,1,sousaComputersEverywhereTasks2001,From Computers Everywhere to Tasks Anywhere: The Aura Approach,"Sousa, João Pedro and Garlan, David",2001,,8,0.4,Aura,www-2.cs.cmu.edu/~aura/,,,,,,,,,,,,,,,,,,,,,,NO,,,,,,,,,,,,,,,,,
pkj1gfsx6o,1,friedewaldPrivacyIdentitySecurity2007,"Privacy, Identity and Security in Ambient Intelligence: A Scenario Analysis","Friedewald, Michael and Vildjiounaite, Elena and Punie, Yves and Wright, David",2007,,119,8.8,,,,AMI,,,HEALTH,MEDICAL,,,,,,,,,,,,,,,,NO,,,,,,,,,,,,,,,,,
pl2cha2gvma,1,leichsenringChallengesSmartEnvironments2016,Challenges for Smart Environments in Bathroom Contexts,"Leichsenring, Christian and Yang, Jiajun and Hammerschmidt, Jan and Hermann, Thomas",2016,,3,0.7,"""Bathrom Ambiances""",,,TUI,,INCREASE_AWARENESS,"RESOURCES,HEALTH",HOME,,,,,,,,,,,"VISUAL,AUDIO",,,"LED,SPEAKER",,,,,,,,,,,,,,,,,,,
plgo5979au,1,yohananRoleAffectiveTouch2012,The Role of Affective Touch in Human-Robot Interaction: Human Intent and Expectations in Touching the Haptic Creature,"Yohanan, Steve and MacLean, Karon E",2012,,179,21.1,Haptic Creature,Haptics,YES,"TUI,ADAIS","EVAL,PROTOTYPE",OTHER,SOCIAL,"HOME,MEDICAL",,,,,,,,,USER,,HAPTIC,PERSONAL,MEDIUM,"ROBOT,MOTOR",ASSOCIATED,YES,30,HOURS,IN_LAB,USERS,PROTOTYPE,QUESTIONNAIRE,[NA],[NA],NONE,PRESENCE,,YES,NONE,NOT_MENTIONED,,,
pmi86sjie2p,1,camarinha-matosCollaborativeServicesEcosystem2012,A Collaborative Services Ecosystem for Ambient Assisted Living,"Camarinha-Matos, LM and Rosas, J and Oliveira, AI",2012,,21,2.5,,,,,,ASSISTED_LIVING,,,,,,,,,,,,,,,,,,,,,,,,,,,,,,,,,,,
pmz20fytmih,1,lucaDesignMoodyKeyboard2010,"On the Design of a ""Moody"" Keyboard","Luca, Alexander De and Frauendienst, Bernhard and Maurer, Max and Hausen, Doris",2010,,4,0.4,MoodyBoard,,,,,,,,,,,,,,,,,,,,,,,NO,,,,,,,,,,,,,,,,,
pn0rz9xsa59,1,gushimaAmbientBotDelivering2017,Ambient Bot: Delivering Daily Casual Information through Eye Contact with an Intimate Virtual Creature,"Gushima, Kota and Akasaki, Hina and Nakajima, Tatsuo",2017,,6,1.7,Ambient Bot,VR HMD Avatar that visualizes daily information,,,PROTOTYPE,,,WORKPLACE,,,,,,,,,,,,,,,,NO,,,,,,,,,,,,,,,,,
powol53c3an,1,fortmannExpertbasedDesignEvaluation2015,Expert-Based Design and Evaluation of an Ambient Light Display to Improve Monitoring Performance during Multi-UAV Supervisory Control,"Fortmann, Florian and Muller, Heiko and Ludtke, Andreas and Boll, Susanne",2015,,2,0.4,Ambient Light Display,LED frame mounted behind a monitor that changes color and brightness to externalize a UAV commander's monitoring performance in the peripheral field,YES,"AS,ADAIS",PROTOTYPE,"INCREASE_AWARENESS,BEHAVIOURAL_CHANGE,AID_IN_ACTIVITY","SAFETY,OTHER","WORKPLACE,OTHER",,,,,,,,,CONTINUOUS,MAKE_AWARE,VISUAL,PERSONAL,MEDIUM,LED,ARTIFICIAL,YES,7,HOURS,IN_LAB,EXPERTS,PROTOTYPE,QUESTIONNAIRE,QUESTIONNAIRE,SUBJECTIVE,"PERIPHERAL_ATTENTION,COGNITIVE_LOAD","PRESENCE,PUSH","PERIPHERAL_PLACEMENT,AUGMENTATION",YES,OTHER,NOT_MENTIONED,,,
pp30re44qe,1,andoMeasurementTechnologiesSense2012,"Measurement Technologies to Sense"" Users in the Environment"" for Ambient Assisted Living","Ando, B",2012,,4,0.5,,,,,,ASSISTED_LIVING,,,,,,,,,,,,,,,,,,,,,,,,,,,,,,,,,,,
pqrcypqhoi,1,altakrouriAmbientAssistedLiving2014,Ambient Assisted Living with Dynamic Interaction Ensembles,"Altakrouri, Bashar",2014,,5,0.8,,,,,,ASSISTED_LIVING,HEALTH,,,,,,,,,,,,,,,,,,,,IN_SITU,,,,,,,,,,,,,,
pqyumk90w7,1,nakamuraAmbientBrowserWebBrowser2006,AmbientBrowser: Web Browser in Everyday Life,"Nakamura, Satoshi and Minakuchi, Mitsuru and Tanaka, Katsumi",2006,,8,0.6,AmbientBrowser,,,,,,,HOME,,,,,,,,,,,,,,,,NO,,,,,,,,,,,,,,,,,
pr0fwgdxi5s,1,renhakConceptCommunicationMiddleware2010,Concept of a Communication Middleware for Ambient Assisted Living Environments,"Renhak, K and Federspiel, M and Seitz, J",2010,,1,0.1,,,,,,ASSISTED_LIVING,,,,,,,,,,,,,,,,,,,,,,,,,,,,,,,,,,,
pr8igkjwf1a,1,navarroRealtimeDistributedArchitecture2018,Real-Time Distributed Architecture for Remote Acoustic Elderly Monitoring in Residential-Scale Ambient Assisted Living Scenarios,"Navarro, J and Vidaña-Vila, E and Alsina-Pagès, RM and Hervás, M",2018,,10,4,,,,AS,,ASSISTED_LIVING,,,,,,,,,,,,,,,,,,,,,,,,,,,,,,,,,,,
psdz8nsdab,1,anlauffVibeWalkFootbasedTactons2017,VibeWalk: Foot-based Tactons during Walking and Quiet Stance,"Anlauff, Jan and Fung, Joyce and Cooperstock, Jeremy R.",2017,,9,2.6,VibeWalk,A custom instrumented haptic insole with four actuators that renders vibrotactile patterns (tactons) to the sole of the foot during walking and standing,YES,"AS,ADAIS","PROTOTYPE,DEV,EVAL","NOTIFICATION,AID_IN_ACTIVITY",HEALTH,MEDICAL,,,,,,,,,USER,MAKE_AWARE,HAPTIC,PERSONAL,LOW,MOTOR,ARTIFICIAL,YES,8,HOURS,IN_LAB,USERS,PROTOTYPE,"QUESTIONNAIRE,TASK_PERFORMANCE",[NA],[NA],NONE,PUSH,AUGMENTATION,YES,NOISE,NOT_MENTIONED,,,
psm36voagr,1,bornerLeadMeGently2014,Lead Me Gently: Facilitating Knowledge Gain through Attention-Aware Ambient Learning Displays,"Börner, Dirk and Kalz, Marco and Specht, Marcus",2014,,13,2,Untitled,An iMac-based display presenting a first-responder slideshow that uses a webcam attention sensor to trigger audio/visual notifications and gamified feedback to attract and retain user attention,YES,ADAIS,PROTOTYPE,"AID_IN_ACTIVITY,INCREASE_AWARENESS",HEALTH,EDUCATION,,,,,,,,,USER,INTERRUPT,VISUAL,PERSONAL,HIGH,SCREEN,ARTIFICIAL,YES,52,HOURS,IN_LAB,USERS,PROTOTYPE,QUESTIONNAIRE,QUESTIONNAIRE,[NA],COGNITIVE_LOAD,"PUSH,PRESENCE",PERIPHERAL_PLACEMENT,NO,NA,NOT_MENTIONED,,,
ptdcu5mmul,1,oslGuidelineDesignCollaborative2008,A Guideline for the Design of Collaborative Business Models in the Field of Ambient Assisted Living,"Osl, P and Sassen, E",2008,,2,0.2,,,,,PROTOTYPE,ASSISTED_LIVING,,,,,,,,,,,,,,,,,,,,,,,,,,,,,,,,,,,
ptg02x3wcr,1,garcia-perateAmbientRecommendationsPopshop2013,Ambient Recommendations in the Pop-up Shop,"Garcia-Perate, Gonzalo and Dalton, Nicholas and Conroy-Dalton, Ruth and Wilson, Duncan",2013,,13,1.7,Pop-up wine shop,,,,,,HEALTH,,,,,,,,,,,,,,,,,NO,,,,,,,,,,,,,,,,,
ptm6n3vmu3j,1,paradaUsingRFIDDetect2015,Using RFID to Detect Interactions in Ambient Assisted Living Environments,"Parada, Raul and Melia-Segui, Joan and Morenza-Cinos, Marc and Carreras, Anna and Pous, Rafael",2015,,41,7.5,,,,,,ASSISTED_LIVING,,,,,,,,,,,,,,,,,,,,,,,,,,,,,,,,,,,
puzlcvq1xi,1,isaiMeetEaterAffectionate2010,"Meet Eater: Affectionate Computing, Social Networks and Human-Plant Interaction","Isai, Bashkim and Viller, Stephen",2010,,5,0.5,Meet Eater,A real garden of plants with a synthetic ecosystem that triggers a water pump based on social interaction received on its Facebook page,YES,ADAIS,"PROTOTYPE,USECASE","INCREASE_AWARENESS,OTHER",SOCIAL,"SOCIAL,HOME",,,,,,,,,EVENT,CHANGE_BLIND,"VISUAL,POS",PUBLIC,MEDIUM,"MOTOR,SPEAKER",FAMILIAR,NO,,,,,,,,,NONE,PRESENCE,"AUGMENTATION,MIMICRY",YES,NONE,NOT_MENTIONED,,,
pvfn243evrc,1,balesCoupleVIBEMobileImplicit2011,CoupleVIBE: Mobile Implicit Communication to Improve Awareness for (Long-Distance) Couples,"Bales, Elizabeth and Li, Kevin A. and Griwsold, William",2011,,63,6.6,CoupleVIBE,,,,,INCREASE_AWARENESS,RESOURCES,"WORKPLACE,HOME",,,,,,,,,,,,,,,,YES,,,,,,INTERVIEW,,,,,,,,,,,
pyj97ixh4p,1,de2010using,Using Tag Clouds to Promote Community Awareness in Research Environments,"De Spindler, Alexandre and Leone, Stefania and Geel, Matthias and Norrie, Moira C",2010,,6,0.6,AwareNews,Ambient information system using secondary and wall-mounted public screens that displays news feeds and tag clouds summarising researchers' reading and writing activities to promote community awareness,YES,ADAIS,"USECASE,PROTOTYPE,EVAL",INCREASE_AWARENESS,"SOCIAL,EVENTS","WORKPLACE,EDUCATION",,,,,,,,,CONTINUOUS,USER_POLL,VISUAL,"GROUP,PUBLIC",HIGH,SCREEN,ARTIFICIAL,YES,9,HOURS,IN_PRESENTATION,USERS,PRESENTATION,"TASK_PERFORMANCE,COMMENTS",[NA],[NA],NONE,"PUSH,PRESENCE","PERIPHERAL_PLACEMENT,CAMOUFLAGE",NO,NA,NOT_MENTIONED,,,
q08n98ytjof,1,alemanDataFusionModel2016,A Data Fusion Model for Ambient Assisted Living,"Alemán, JJ and Sánchez-Pi, N and Marti, L and Molina, JM",2016,,2,0.4,,,,,,ASSISTED_LIVING,,,,,,,,,,,,,,,,,,,,,,,,,,,,,,,,,,,
q0rmvyzhh4,1,sayutiSmartHomeAmbient2017,Smart Home and Ambient Assisted Living Based on the Internet of Things,"Sayuti, H. and Rashid, R. A. and Latiff, N. M. Abdul and Rahim, M. R. Abdul and Hamid, A. H. F. Abdul and Sarijari, M. A. and Ghazali, N. E.",2017,,6,1.7,,,,IOT,,ASSISTED_LIVING,,,,,,,,,,,,,,,,,,,,,,,,,,,,,,,,,,,
q1i3vqgm1eq,1,hillAmbientAssistedLiving2013,Ambient Assisted Living Technology,"Hill, CJ and Raymond, GM and Yeung, I",2013,,8,1.1,,,,,,ASSISTED_LIVING,,,,,,,,,,,,,,,,,,,,,,,,,,,,,,,,,,,
q2k8rvq6imm,1,mowafeyAmbientIntelligenceAssisted2013,Towards Ambient Intelligence in Assisted Living: The Creation of an Intelligent Home Care,"Mowafey, S and Gardner, S",2013,,8,1.1,,,,,,ASSISTED_LIVING,,,,,,,,,,,,,,,,,,,,,,,,,,,,,,,,,,,
q4lw6ukxoen,1,benghaziEnablingCorrectDesign2012,Enabling Correct Design and Formal Analysis of Ambient Assisted Living Systems,"Benghazi, Kawtar and Hurtado, María V. and Hornos, Miguel J. and Rodríguez, María L. and Rodríguez-Domínguez, Carlos and Pelegrina, Ana B. and Rodríguez-Fórtiz, María J.",2012,,33,3.9,,,,,,ASSISTED_LIVING,,,,,,,,,,,,,,,,,,,,,,,,,,,,,,,,,,,
q5eprjn5rwp,1,bledaSmartSensoryFurniture2017,Smart Sensory Furniture Based on WSN for Ambient Assisted Living,"Bleda, Andres L. and Fernandez-Luque, Francisco J. and Rosa, Antonio and Zapata, Juan and Maestre, Rafael",2017,,20,5.7,,,,AS,,ASSISTED_LIVING,,,,,,,,,,,,,,,,,,,,,,,,,,,,,,,,,,,
q6i1st15vge,1,kummerfeldSALSmallSimple2015,"SAL: A Small, Simple, Situated, Ambient Logger","Kummerfeld, Bob and Tang, Lie Ming and Kay, Judy and Yekeh, Farahnaz",2015,,1,0.2,SAL,,,,,,HEALTH,HOME,,,,,,,,,,,,,,,,NO,,,,,,,,,,,,,,,,,
q6o7i3xe83,1,memonAmbientAssistedLiving2013,Ambient Assisted Living Ecosystems of Personal Healthcare Systems; Applications; and Devices,"Memon, M and Wagner, S and Hansen, FO",2013,,6,0.8,,,,,,ASSISTED_LIVING,,,,,,,,,,,,,,,,,,,,,,,,,,,,,,,,,,,
q6oez7mdzt,1,kyazzeConceptualFrameworkDesigning2019,A Conceptual Framework for Designing Ambient Assisted Living Services for Individuals with Disabilities in Uganda and South Africa,"Kyazze, M and Wesson, J and Naudé, K",2019,,,0,,,,,,ASSISTED_LIVING,,,,,,,,,,,,,,,,,,,,,,,,,,,,,,,,,,,
q922hqsfg49,1,kohlmannMethodologicalFrameworkAnalysis2014,"A Methodological Framework for the Analysis of Highly Intensive, Multimodal and Heterogeneous Data in the Context of Health-Enabling Technologies and Ambient-Assisted Living","Kohlmann, Martin and Gietzelt, Matthias and Haux, Reinhold and Song, Bianying and Wolf, Klaus-Hendrik and Marschollek, Michael",2014,,10,1.5,,,,,,ASSISTED_LIVING,,,,,,,,,,,,,,,,,,,,,,,,,,,,,,,,,,,
q9dcv00uyb,1,espositoRITAProjectAmbient2014,RITA Project: An Ambient Assisted Living Solution for Independent and Safely Living of Aging Population,"Esposito, Raffaele and Bonaccorsi, Manuele and Esposito, Dario and Filippi, Massimo and Rovini, Erika and Aquilano, Michela and Cavallo, Filippo and Dario, Paolo",2014,,6,0.9,RITA,,,,,ASSISTED_LIVING,,,,,,,,,,,,,,,,,,,,,,,,,,,,,,,,,,,
q9y25kg4w0j,1,monekossoAmbientAssistedLiving2015,Ambient Assisted Living [Guest Editors' Introduction],"Monekosso, Dorothy and Florez-Revuelta, Francisco and Remagnino, Paolo",2015,,44,8,,,,,,ASSISTED_LIVING,,,,,,,,,,,,,,,,,,,,,,,,,,,,,,,,,,,
qa87b96mr,1,wagnerCommonAmbientAssisted2014,Common Ambient Assisted Living Home Platform for Seamless Care,"Wagner, Stefan and Stenner, Rene and Memon, Mukhtiar and Beevi, Femina and Pedersen, Christian",2014,,2,0.3,,,,,,ASSISTED_LIVING,,,,,,,,,,,,,,,,,,,,,,,,,,,,,,,,,,,
qad4oa4b4r,1,hausenComparingInputModalities2013,Comparing Input Modalities for Peripheral Interaction: A Case Study on Peripheral Music Control,"Hausen, Doris and Richter, Hendrik and Hemme, Adalie and Butz, Andreas",2013,,16,2.1,,,,UI,,,,WORKPLACE,,,,,,,,,,,,,,,,YES,,,IN_SITU,,,"INTERVIEW,QUESTIONNAIRE",,,,,,,,,,,
qaihnk0xnz,1,rehrlMultimodaleMenschroboterinteraktionFur2013,Multimodale Mensch-Roboter-Interaktion Für Ambient Assisted Living,"Rehrl, T",2013,,2,0.3,,,,,,ASSISTED_LIVING,,,,,,,,,,,,,,,,,,,,,,,,,,,,,,,,,,,
qaij1rvygn,1,marquesAmbientAssistedLiving2019,Ambient Assisted Living and Internet of Things,"Marques, Gonçalo",2019,,28,18.7,,,,IOT,,ASSISTED_LIVING,,,,,,,,,,,,,,,,,,,,,,,,,,,,,,,,,,,
qb5voxpe4g,1,vandenbroekAALIANCEAmbientAssisted2010,AALIANCE Ambient Assisted Living Roadmap,"Cavallo, F and van den Broek, G and Wehrmann, C",2010,,2,0.2,,,,,,ASSISTED_LIVING,,,,,,,,,,,,,,,,,,,,,,,,,,,,,,,,,,,
qbtazfzovke,1,a.DataMiningTechnique2020,Data Mining Technique Based Ambient Assisted Living for Elderly People,"A., Surendra Kumar and Yogesh, T. and Prithiv, M. and Q., Sohel Alam and A.B., Mohammed Hashim and Amutha, R.",2020,,,0,,,,,,ASSISTED_LIVING,,,,,,,,,,,,,,,,,,,,,,,,,,,,,,,,,,,
qbvq60hbm,1,mhetreTrustManagementModel2016,Trust Management Model Based on Fuzzy Approach for Ubiquitous Computing,"Mhetre, Nalini A. and Deshpande, Arvind V. and Mahalle, Parikshit Narendra",2016,,27,6,,,,,,,,,,,,,,,,,,,,,,,,,,,,,,,,,,,,,,,,,
qch6eimp9ib,1,zavadskasMulticriteriaDecisionSupport2008,Multi-Criteria Decision Support System of Intelligent Ambient Assisted Living Environment,"Zavadskas, E. K. and Naimaviciene, J. and Kaklauskas, A. and Krutinis, M. and Vainiunas, P.",2008,,7,0.6,,,,,,ASSISTED_LIVING,,,,,,,,,,,,,,,,,,,,,,,,,,,,,,,,,,,
qcsnou8oyd,1,terkenMultimodalSupportSocial2010,Multimodal Support for Social Dynamics in Co-Located Meetings,"Terken, Jacques and Sturm, Janienke",2010,,39,3.7,Untitled,turn-taking patterns,,,,,SOCIAL,,,,,,,,,,,,,,,,,YES,,,,,,"INTERVIEW,QUESTIONNAIRE",,,,,,,,,,,
qd968n8tubh,1,hausenPeripheralInteractionPerforming2012,Peripheral Interaction : Performing Secondary Tasks with Less Attention,"Hausen, Doris",2012,,10,1.2,,,,,,,,,,,,,,,,,,,,,,,,,,,,,,,,,,,,,,,,,
qdu6x1mvyk,1,alemanAmbientDisplaysAssist2016,Ambient Displays to Assist Caregivers Monitoring the Sleep of People with Dementia,"Alemán, Carlos A. and Favela, Jesús",2016,,1,0.2,Tempescope,A sound and light awareness display where the color of the light and a water display indicate the type of event related to a PwD at night.,YES,"ADAIS,AS","USECASE,PROTOTYPE",INCREASE_AWARENESS,HEALTH,MEDICAL,,,,,,,,,EVENT,MAKE_AWARE,"VISUAL,AUDIO",GROUP,MEDIUM,"LED,SPEAKER,MOTOR",ART,YES,5,HOURS,IN_PRESENTATION,"USERS,EXPERTS",SIMULATION,INTERVIEW,[NA],[NA],NONE,"PUSH,PRESENCE",MIMICRY,YES,NONE,NOT_MENTIONED,,,
qduyrgxhpd,1,palumboReliabilityHumanFactors2017,Reliability and Human Factors in Ambient Assisted Living Environments,"Palumbo, Filippo and Rosa, Davide La and Ferro, Erina and Bacciu, Davide and Gallicchio, Claudio and Micheli, Alessio and Chessa, Stefano and Vozzi, Federico and Parodi, Oberdan",2017,,8,2.3,,,,,,ASSISTED_LIVING,,,,,,,,,,,,,,,,,,,,,,,,,,,,,,,,,,,
qe0c9och9hs,1,sulisMonitoringPatientsFragilities2019,Monitoring Patients with Fragilities in the Context of De-Hospitalization Services: An Ambient Assisted Living Healthcare Framework for e-Health Applications,"Sulis, E and Amantea, IA and Boella, G",2019,,,0,,,,AS,,ASSISTED_LIVING,,,,,,,,,,,,,,,,,,,,,,,,,,,,,,,,,,,
qgqmlnqee99,1,pedersenAROMAAbstractRepresentation1997,AROMA: Abstract Representation of Presence Supporting Mutual Awareness,"Pedersen, Elin Rønby and Sokoler, Tomas",1997,,308,13.1,AROMA,,,,,INCREASE_AWARENESS,SOCIAL,WORKPLACE,,,,,,,,,,,,,,,,NO,,,,,,,,,,,,,,,,,
qhj60r0uetj,1,burnsActivmonEncouragingPhysical2012,Activmon: Encouraging Physical Activity through Ambient Social Awareness,"Burns, Patrick and Lueg, Christopher and Berkovsky, Shlomo",2012,,35,4.1,Activmon,"Wearable watch with LEDs, accelerometer, maps achievement of daily activity goals to LED color",YES,ADAIS,"PROTOTYPE,EVAL,ISSUES",INCREASE_AWARENESS,"SOCIAL,HEALTH","EXERCISE,WORKPLACE",,,,,,,,,CONTINUOUS,MAKE_AWARE,VISUAL,GROUP,MEDIUM,LED,ARTIFICIAL,YES,5,WEEKS,IN_SITU,USERS,PROTOTYPE,"INTERVIEW,QUESTIONNAIRE",[NA],"SUBJECTIVE,OBJECTIVE",NONE,"PUSH,PRESENCE",PERIPHERAL_PLACEMENT,YES,"POWER,FAILURE,FABRICATION",NOT_MENTIONED,,,
qiyh8h59xt,1,lopezHumanAspectsUbiquitous2017,Human Aspects of Ubiquitous Computing: A Study Addressing Willingness to Use It and Privacy Issues,"López, Gustavo and Marín, Gabriela and Calderón, Marta",2017,,13,3.7,,,,,,,,,,,,,,,,,,,,,,,,,,,,,,,,,,,,,,,,,
qj42zgtf3vl,1,radziszewskiAmbientAssistedLiving2016,An Ambient Assisted Living Nighttime Wandering System for Elderly,"Radziszewski, Robert and Ngankam, Hubert and Pigot, Helene and Grégoire, Vincent and Lorrain, Dominique and Giroux, Sylvain",2016,,11,2.4,,,,,,ASSISTED_LIVING,,,,,,,,,,,,,,,,,,,,,,,,,,,,,,,,,,,
qjslgyd30v,1,zachUsingProxyReencryption2015,Using Proxy Re-Encryption for Secure Data Management in an Ambient Assisted Living Application,"Zach, H and Peinsold, P and Winter, J and Danner, P and Hatzl, J",2015,,1,0.2,,,,,,ASSISTED_LIVING,,,,,,,,,,,,,,,,,,,,,,,,,,,,,,,,,,,
qjvy8x5st9,1,fujinamiCaseStudyAmbient2008,A Case Study on an Ambient Display as a Persuasive Medium for Exercise Awareness,"Fujinami, Kaori and Riekki, Jukka",2008,,25,2,Boid Mirror,An augmented mirror (semi-transparent board on a monitor) displaying a flock of life-like boid characters representing daily walking history,YES,ADAIS,"PROTOTYPE,USECASE",INCREASE_AWARENESS,HEALTH,"HOME,WORKPLACE",,,,,,,,,CONTINUOUS,USER_POLL,VISUAL,HOUSEHOLD,HIGH,SCREEN,FAMILIAR,NO,6,WEEKS,IN_SITU,USERS,PROTOTYPE,"INTERVIEW,COMMENTS",[NA],SUBJECTIVE,NONE,PRESENCE,AUGMENTATION,YES,NONE,NOT_MENTIONED,,,
qkt3tpznzt,2,aartsNewEverydayViews2003,The New Everyday: Views on Ambient Intelligence,"Aarts, Emile and Marzano, Stefano",2003,,559,31.9,Nebula: Games,Projector aimed at ceiling. Pebbles select game once you and your partner have assumed particular combination of sleeping position. Activate the game by holding top section of duvet cover. Pulling the duvet to left or right controls the game. (p 292),YES,"UI,AMI",USECASE,UNSTATED,OTHER,HOME,,,,,,,,,,,,,,,NA,NO,0,,,,,,,,NONE,,,NA,NA,NA,,,
ql1jdeim8dr,1,lockenAutoAmbiCarUsingAmbient2016,AutoAmbiCar: Using Ambient Light to Inform Drivers About Intentions of Their Automated Cars,"Löcken, Andreas and Heuten, Wilko and Boll, Susanne",2016,,9,2,AutoAmbiCar,"LED stripes in car central console and between A- and B- pillars on both sides indicating driving maneuvers (turning,changing lanes, breaking,overtaking, accelrarintg, adaptic cruise control)",YES,ADAIS,"PROTOTYPE,USECASE,EVAL","INCREASE_AWARENESS,AID_IN_ACTIVITY","EVENTS,SAFETY",TRANSPORT,,,,,,,,,EVENT,MAKE_AWARE,VISUAL,GROUP,MEDIUM,LED,ARTIFICIAL,NO,12,HOURS,IN_LAB,USERS,PROTOTYPE,"INTERVIEW,OBSERVATION,TASK_PERFORMANCE",[NA],[NA],NONE,PUSH,"PERIPHERAL_PLACEMENT,AUGMENTATION",YES,NONE,NOT_MENTIONED,,,
ql2hz6abs9h,1,calvaresiGoalorientedRequirementsEngineering2014,A Goal-Oriented Requirements Engineering Approach for the Ambient Assisted Living Domain,"Calvaresi, Davide and Claudi, Andrea and Dragoni, Aldo Franco and Yu, Eric and Accattoli, Daniele and Sernani, Paolo",2014,,22,3.4,,,,,,ASSISTED_LIVING,,,,,,,,,,,,,,,,,,,,,,,,,,,,,,,,,,,
qm575y833n,1,geyerAmbientAssistedLiving2011,Ambient Assisted Living–in Österreich Und Europa,"Geyer, G and Zimmermann, K",2011,,2,0.2,,,,,,ASSISTED_LIVING,,,,,,,,,,,,,,,,,,,,,,,,,,,,,,,,,,,
qmpm4o0hrw,1,mynattDesigningAudioAura1998,Designing Audio Aura,"Mynatt, Elizabeth D. and Back, Maribeth and Want, Roy and Baer, Michael and Ellis, Jason B.",1998,,312,13.9,Audio Aura,Background auditory cues delivered via wireless headphones tied to a person's physical location and actions in the workplace,YES,ADAIS,PROTOTYPE,INCREASE_AWARENESS,"SOCIAL,EVENTS",WORKPLACE,,,,,,,,,USER,CHANGE_BLIND,AUDIO,PERSONAL,MEDIUM,SPEAKER,NA,NO,,,,,,,,,NONE,PUSH,PERIPHERAL_PLACEMENT,YES,NONE,NOT_MENTIONED,,,
qob9anaiqr,1,strengMetaphorDiagramComparing2009,Metaphor or Diagram?: Comparing Different Representations for Group Mirrors,"Streng, Sara and Stegmann, Karsten and Hußmann, Heinrich and Fischer, Frank",2009,,24,2.1,Diagram group mirror,"Projected column chart showing each participant's argumentation quality rating with numbers and countdown timers, plus a flashing red circle for interruptions",YES,ADAIS,"EVAL,PROTOTYPE","BEHAVIOURAL_CHANGE,INCREASE_AWARENESS",SOCIAL,EDUCATION,,,,,,,,,CONTINUOUS,MAKE_AWARE,VISUAL,GROUP,MEDIUM,SCREEN,ARTIFICIAL,YES,27,HOURS,IN_LAB,USERS,WOZ,QUESTIONNAIRE,[NA],"OBJECTIVE,SUBJECTIVE",NONE,"PRESENCE,PUSH",PERIPHERAL_PLACEMENT,NO,NA,NOT_MENTIONED,,,
qpcqiszpx4,1,strombergInteractiveScenariosBuilding2004,Interactive Scenarios—Building Ubiquitous Computing Concepts in the Spirit of Participatory Design,"Strömberg, H and Pirttilä, V and Ikonen, V",2004,,83,5,,,,,,,,,,,,,,,,,,,,,,,,,,,,,,,,,,,,,,,,,
qppiuln2a5,1,teixeiraWebSystemManagement2016,Web System for Management and Tracking of the Use of Medication in Ambient Assisted Living,"Teixeira, MS and Freitas, LO and Gubiani, JS",2016,,1,0.2,,,,,,ASSISTED_LIVING,,,,,,,,,,,,,,,,,,,,,,,,,,,,,,,,,,,
qpu6xo33o1p,1,morkenBlendingMobileAmbient2005,Blending Mobile and Ambient Technologies to Support Mobility in Practice Based Education: The Case of Teacher Education,"Morken, Eli M and Divitini, Monica",2005,,14,0.9,,,,,,,HEALTH,"WORKPLACE,HOME,EDUCATION",,,,,,,,,,,,,,,,NO,,,,,,,,,,,,,,,,,
qqblb1s3x0d,1,salviFrameworkEvaluatingAmbient2015,A Framework for Evaluating Ambient Assisted Living Technologies and the Experience of the universAAL Project,"Salvi, Dario and Colomer, Juan Bautista Montalvá and Arredondo, Maria Teresa and Prazak-Aram, Barbara and Mayer, Christopher",2015,,18,3.3,,,,,,ASSISTED_LIVING,,,,,,,,,,,,,,,,,,,,,,,,,,,,,,,,,,,
qqg8kbfugb8,1,aarts2004ambient,Ambient Intelligence: A Multimedia Perspective,"Aarts, Emile",2004,,318,19.3,,,NO,AMI,,INCREASE_AWARENESS,,,,,,,,,,,,,,,,,,NO,,,,,,,,,,,,,,,,,
qqzw6vu2t9a,1,rogersAmbientInfluenceCan2010,Ambient Influence: Can Twinkly Lights Lure and Abstract Representations Trigger Behavioral Change?,"Rogers, Yvonne and Hazlewood, William R. and Marshall, Paul and Dalton, Nick and Hertrich, Susanna",2010,,169,16.1,The Clouds,Set of coloroued spheres suspended from ceiling shows amount of people who take stairs vs elevator,YES,ADAIS,"PROTOTYPE,EVAL,USECASE",BEHAVIOURAL_CHANGE,HEALTH,WORKPLACE,,,,,,,,,CONTINUOUS,CHANGE_BLIND,"VISUAL,POS",PUBLIC,MEDIUM,MOTOR,ART,YES,149,WEEKS,IN_SITU,USERS,PROTOTYPE,INTERVIEW,[NA],"SUBJECTIVE,OBJECTIVE",AWARENESS_CONSCIOUSNESS,PRESENCE,CAMOUFLAGE,YES,FAILURE,NOT_MENTIONED,,,
qrpag9u1cr,1,mullerEnergyHarvestingIm2008,Energy Harvesting Im Ambient Assisted Living Sector,"Müller, M and Freunek, M and Reindl, LM",2008,,1,0.1,,,,,,ASSISTED_LIVING,,,,,,,,,,,,,,,,,,,,,,,,,,,,,,,,,,,
qse2sh20u4o,1,goshornEnhancementLowlevelClassifications2008,The Enhancement of Low-Level Classifications for Ambient Assisted Living.,"Goshorn, RE and Goshorn, D and Kölsch, M",2008,,12,1,,,,,,ASSISTED_LIVING,,,,,,,,,,,,,,,,,,,,,,,,,,,,,,,,,,,
qstactrv7fe,1,costaIntelligentMixedReality2007,Intelligent Mixed Reality for the Creation of Ambient Assisted Living,"Costa, Ricardo and Neves, José and Novais, Paulo and Machado, José and Lima, Luís and Alberto, Carlos",2007,,28,2.1,,,,,,ASSISTED_LIVING,,,,,,,,,,,,,,,,,,,,,,,,,,,,,,,,,,,
qtal2ytfyx8,1,mikalsenKeyTechnologicalSuccess2012,Key Technological Success Features for a Domain Specific Open Software Ecosystem for Ambient Assisted Living,"Mikalsen, M and Walderhaug, S and Salvi, D",2012,,3,0.4,,,,,,ASSISTED_LIVING,,,,,,,,,,,,,,,,,,,,,,,,,,,,,,,,,,,
qtkx4lhmoy,1,xingSmartRobotControl2016,Smart Robot Control via Novel Computational Intelligence Methods for Ambient Assisted Living,"Xing, B",2016,,1,0.2,,,,,,ASSISTED_LIVING,,,,,,,,,,,,,,,,,,,,,,,,,,,,,,,,,,,
qty0z26xiyn,1,metcalfExaminingPresenceLightweight2008,Examining Presence and Lightweight Messaging in a Social Television Experience,"Metcalf, Crysta and Harboe, Gunnar and Tullio, Joe and Massey, Noel and Romano, Guy and Huang, Elaine M and Bentley, Frank",2008,,62,5,Chumby,WiFi-enabled Internet appliance with a 3.5 inch LCD color display running a Flash widget that mirrors the Ambient Orb's color to show the number of buddies watching TV,YES,ADAIS,PROTOTYPE,INCREASE_AWARENESS,SOCIAL,HOME,,,,,,,,,CONTINUOUS,MAKE_AWARE,VISUAL,HOUSEHOLD,MEDIUM,SCREEN,ARTIFICIAL,NO,10,WEEKS,IN_SITU,USERS,PROTOTYPE,"INTERVIEW,COMMENTS,USAGE_STATISTIC",[NA],"SUBJECTIVE,OBJECTIVE",NONE,"PRESENCE,PUSH",PERIPHERAL_PLACEMENT,NO,NA,NOT_MENTIONED,,,
qtyhjtmjq,1,panasonicEmoBracelet2007,Emo Bracelet,Panasonic,2007,,2,0.1,Panasonic's Emo Bracelet,Haptics,,,,,,,,,,,,,,,,,,,,,,,,,,,,,,,,,,,,,,,
qust05tg7b,1,chowdhuryEnergyEfficientCommunication2017,Energy Efficient Communication in Ambient Assisted Living,"Chowdhury, Chandreyee and Aslam, Nauman and Spinsante, Susanna and Perla, Davide and Campo, Antonio Del and Gambi, Ennio",2017,,1,0.3,,,,,,ASSISTED_LIVING,,,,,,,,,,,,,,,,,,,,,,,,,,,,,,,,,,,
qvrt3cb8h1,1,poupyrev2012botanicus,Botanicus Interacticus: Interactive Plants Technology,"Poupyrev, Ivan and Schoessler, Philipp and Loh, Jonas and Sato, Munehiko",2012,,47,5.5,Botanicus Interacticus,Technology that turns living and artificial plants into interactive touch- and gesture-sensitive interfaces that respond with visuals and audio,YES,ADAIS,"DEV,PROTOTYPE,USECASE","AID_IN_ACTIVITY,OTHER","ENVIRONMENT,OTHER","HOME,SOCIAL,EDUCATION",,,,,,,,,USER,MAKE_AWARE,VISUAL,PUBLIC,HIGH,"SCREEN,SPEAKER",FAMILIAR,NO,,,,,,,,,NONE,PULL,AUGMENTATION,YES,NONE,NOT_MENTIONED,,,
qvyg30lpl2l,1,habaDevelopingEmbeddedPlatforms2017,Developing Embedded Platforms for Ambient Assisted Living,"Haba, Cristian-Győző and Breniuc, Liviu and David, Valeriu",2017,,4,1.1,,,,,,ASSISTED_LIVING,,,,,,,,,,,,,,,,,,,,,,,,,,,,,,,,,,,
qvyh27lyawh,1,iyunjinDevelopmentEvaluationNovel2017,Development and Evaluation of a Novel Ergonomic Ambient Display for Rectifying Poor Sitting Postural Behaviors,이윤진,2017,,,0,Ergonomic Ambient Display,Ambient light in the peripheral visual area conveying sitting posture feedback to seated computer users,YES,ADAIS,"PROTOTYPE,EVAL,USECASE","INCREASE_AWARENESS,BEHAVIOURAL_CHANGE",HEALTH,WORKPLACE,,,,,,,,,EVENT,MAKE_AWARE,VISUAL,PERSONAL,LOW,LED,ARTIFICIAL,YES,,HOURS,IN_LAB,USERS,PROTOTYPE,"QUESTIONNAIRE,TASK_PERFORMANCE",QUESTIONNAIRE,"OBJECTIVE,SUBJECTIVE",PERIPHERAL_ATTENTION,PUSH,PERIPHERAL_PLACEMENT,YES,NONE,NOT_MENTIONED,,,
qwddow9l2ir,1,kimSeenMusicAmbient2015,Seen Music: Ambient Music Data Visualization for Children with Hearing Impairments,"Kim, Jeeeun and Ananthanarayan, Swamy and Yeh, Tom",2015,,3,0.5,Blooming Flower,A servo-driven artificial flower whose petals bloom and close in sync with violin playing to visualize music for children with hearing impairments,YES,ADAIS,PROTOTYPE,"AID_IN_ACTIVITY,ASSISTED_LIVING",OTHER,EDUCATION,,,,,,,,,EVENT,,VISUAL,GROUP,MEDIUM,"MOTOR,LED",FAMILIAR,NO,,,,,,,,,NONE,PRESENCE,CAMOUFLAGE,YES,NONE,NOT_MENTIONED,,,
qx5flzy1umq,1,riegerAmbientAssistedLiving2019,Ambient Assisted Living,"Rieger, S",2019,,25,16.7,,,,,,ASSISTED_LIVING,,,,,,,,,,,,,,,,,,,,,,,,,,,,,,,,,,,
qxr0otht4u,1,ProjectOverviewRelational2004,Project Overview ‹ Relational Pillow,,2004,,,0,Relational Pillow,,,,,,,,,,,,,,,,,,,,,,,,,,,,,,,,,,,,,,,,
qxwar5ap33s,1,vatavuSmartPocketsBodydeicticGestures2017,Smart-Pockets: Body-deictic Gestures for Fast Access to Personal Data during Ambient Interactions,"Vatavu, Radu-Daniel",2017,,17,4.9,Smart-Pockets,Whole-body body-deictic gesture technique where users reach into pockets to access personal digital content visualized on ambient displays,YES,ADAIS,"CONCEPT,DEV,EVAL",AID_IN_ACTIVITY,"EVENTS,OTHER","URBAN,TRANSPORT,WORKPLACE",,,,,,,,,USER,USER_POLL,VISUAL,PUBLIC,HIGH,SCREEN,ARTIFICIAL,YES,10,HOURS,IN_LAB,USERS,PROTOTYPE,"QUESTIONNAIRE,TASK_PERFORMANCE",[NA],[NA],NONE,PULL,,NO,NA,NOT_MENTIONED,,,
qy8gqjnb33e,1,wichertAmbientAssistedLiving2014,"Ambient Assisted Living: 7. AAL-Kongress 2014 Berlin, Germany, January 21-22, 2014","Wichert, R and Klausing, H",2014,,2,0.3,,,,,,ASSISTED_LIVING,,,,,,,,,,,,,,,,,,,,,,,,,,,,,,,,,,,
qybfdex18we,1,hausenExploringDesignCombination2012,Exploring Design and Combination of Ambient Information and Peripheral Interaction,"Hausen, Doris and Boring, Sebastian and Polleti, Julia and Butz, Andreas",2012,,5,0.6,,,,,,,,,,,,,,,,,,,,,,,,,,,,,,,,,,,,,,,,,
qzgbipebnc,1,fuentes-fernandezDevelopmentSimulationsAmbient2017,Development of Simulations for Ambient Assisted Living through Pattern Repositories,"Fuentes-Fernández, Rubén and Sanz, Jorge Gomez",2017,,,0,,,,,,ASSISTED_LIVING,,,,,,,,,,,,,,,,,,,,,,,,,,,,,,,,,,,
qzu3k49nla,1,villacortaConfigurableSensorNetwork2011,A Configurable Sensor Network Applied to Ambient Assisted Living,"Villacorta, JJ and Jiménez, MI and Val, L and Izquierdo, A",2011,,31,3.3,,,,AS,,ASSISTED_LIVING,,,,,,,,,,,,,,,,,,,,,,,,,,,,,,,,,,,
r04mc1qlxi,1,mautschAmbientAssistedLiving2014,Ambient Assisted Living vs. Ambient Assisted Working–Gesundheitliche Und Pflegerische Versorgung Auf Smarte Art,"Mautsch, E and Schubert, J and Mautsch, N",2014,,2,0.3,,,,,,ASSISTED_LIVING,,,,,,,,,,,,,,,,,,,,,,,,,,,,,,,,,,,
r0bzasvxqzc,1,occhialiniDesignEvaluationAmbient2011,Design and Evaluation of an Ambient Display to Support Time Management during Meetings,"Occhialini, Valentina and van Essen, Harm and Eggen, Berry",2011,,36,3.8,Halogen Spots,Eight halogen spots with color filters projecting colored light beams on a meeting room wall to visualize meeting time progress,YES,ADAIS,PROTOTYPE,"INCREASE_AWARENESS,AID_IN_ACTIVITY",EVENTS,WORKPLACE,,,,,,,,,CONTINUOUS,MAKE_AWARE,VISUAL,GROUP,MEDIUM,LED,FAMILIAR,YES,10,HOURS,IN_LAB,USERS,REDUCED_PROTOTYPE,"INTERVIEW,QUESTIONNAIRE",[NA],[NA],"SALIENCE,SPATIAL_OBJECT_BINDING","PRESENCE,PUSH","PERIPHERAL_PLACEMENT,CAMOUFLAGE,AUGMENTATION",YES,FABRICATION,NOT_MENTIONED,,,
r1a2nx0jdog,1,matthewsClippingListsChange2006,Clipping Lists and Change Borders: Improving Multitasking Efficiency with Peripheral Information Design,"Matthews, Tara and Czerwinski, Mary and Robertson, George and Tan, Desney",2006,,40,2.8,Change Borders,Colored borders that appear around peripheral windows or clippings to signal when content within a window has changed,YES,ADAIS,"EVAL,PROTOTYPE","INCREASE_AWARENESS,NOTIFICATION,AID_IN_ACTIVITY",EVENTS,WORKPLACE,,,,,,,,,EVENT,MAKE_AWARE,VISUAL,PERSONAL,MEDIUM,SCREEN,ARTIFICIAL,YES,26,HOURS,IN_LAB,USERS,PROTOTYPE,"QUESTIONNAIRE,COMMENTS,OBSERVATION,USAGE_STATISTIC,TASK_PERFORMANCE",QUESTIONNAIRE,OBJECTIVE,MEMORY_OTHER,PRESENCE,PERIPHERAL_PLACEMENT,NO,NA,NOT_MENTIONED,,,
r1l2wnebvd,1,spinsanteHumanFactorDesign2017,The Human Factor in the Design of Successful Ambient Assisted Living Technologies,"Spinsante, Susanna and Stara, Vera and Felici, Elisa and Montanini, Laura and Raffaeli, Laura and Rossi, Lorena and Gambi, Ennio",2017,,9,2.6,,,,,,ASSISTED_LIVING,,,,,,,,,,,,,,,,,,,,,,,,,,,,,,,,,,,
r1usunjc8pt,1,bisioSmartphonecentricAmbientAssisted2015,Smartphone-Centric Ambient Assisted Living Platform for Patients Suffering from Co-Morbidities Monitoring,"Bisio, Igor and Lavagetto, Fabio and Marchese, Mario and Sciarrone, Andrea",2015,,55,10,,,,AS,,ASSISTED_LIVING,,,,,,,,,,,,,,,,,,,,,,,,,,,,,,,,,,,
r2jj4rldkq9,1,favelaSpecialThemeAmbient2013,"Special Theme: Ambient Assisted Living for Mobility: Safety, Well-Being and Inclusion","Favela, Jesús and Alamán, Xavier",2013,,5,0.7,,,,,,ASSISTED_LIVING,,,,,,,,,,,,,,,,,,,,,,,,,,,,,,,,,,,
r38amvuwnt,1,maskeliunasAReviewInternet2019,A Review of Internet of Things Technologies for Ambient Assisted Living Environments,"Maskeliūnas, R and Damaševičius, R and Segal, S",2019,,9,6,,,,IOT,,ASSISTED_LIVING,,,,,,,,,,,,,,,,,,,,,,,,,,,,,,,,,,,
r3ptvjrow48,1,prescherUbiquitousAmbientAssisted2012,Ubiquitous Ambient Assisted Living Solution to Promote Safer Independent Living in Older Adults Suffering from Co-Morbidity,"Prescher, S. and Bourke, A. K. and Koehler, F. and Martins, A. and Ferreira, Hugo Sereno and Sousa, Tiago Boldt and Castro, Rui Nuno and Santos, A. and Torrent, M. and Gomis, S. and Hospedales, M. and Nelson, J.",2012,,27,3.2,,,,,,ASSISTED_LIVING,,,,,,,,,,,,,,,,,,,,,,,,,,,,,,,,,,,
r4dyrqzg3bb,1,desousaAdvisoryAmbientAssisted2019,Advisory on Ambient Assisted Living Solutions: Towards an Advisor Concept and Training Curriculum,"de Sousa, Rita Tavares and Teles, Soraia and Bertel, Diotima and Schmitter, Paul and Abrantes, Diogo",2019,,,0,,,,,,ASSISTED_LIVING,,,,,,,,,,,,,,,,,,,,,,,,,,,,,,,,,,,
r5bfp31258f,1,geyerEvaluierungOsterreichischenBeteiligung2016,Evaluierung Der Österreichischen Beteiligung Am Ambient Assisted Living Joint Programme (AAL JP 2008-2013) Endbericht.,"Geyer, Anton and Good, Barbara",2016,,2,0.4,,,,,,ASSISTED_LIVING,,,,,,,,,,,,,,,,,,,,,,,,,,,,,,,,,,,
r5br0trzemk,1,al-jumailyAmbientAssistedLiving2019,Ambient Assisted Living Technologies for Older Adults with Cognitive and Physical Impairments: A Review,"Al-Jumaily, A and Ganesan, B and Gowda, T",2019,,1,0.7,,,,,,ASSISTED_LIVING,,,,,,,,,,,,,,,,,,,,,,,,,,,,,,,,,,,
r5t3l241ds,1,haimesFujichanUniqueIoT2017,Fuji-Chan: A Unique IoT Ambient Display for Monitoring Mount Fuji's Conditions,"Haimes, Paul and Baba, Tetsuaki and Suda, Hiroya and Kushiyama, Kumiko",2017,,1,0.3,Fuji-Chan,Mt Fuji miniature model illuminated based on weather + eruption risk,YES,"IOT,ADAIS,AS","PROTOTYPE,USECASE","INCREASE_AWARENESS,NOTIFICATION","ENVIRONMENT,SAFETY","HOME,OTHER",,,,,,,,,CONTINUOUS,MAKE_AWARE,"VISUAL,AUDIO",PUBLIC,MEDIUM,"LED,SPEAKER","ART,ASSOCIATED",NO,,,,,,,,,NONE,"PRESENCE,PUSH",CAMOUFLAGE,YES,NONE,NOT_MENTIONED,,,
r60ntughni,1,weiserComingAgeCalm1997,The Coming Age of Calm Technology,"Weiser, Mark and Brown, John Seely",1997,,1484,63.1,Internet Multicast,,,,,,,WORKPLACE,,,,,,,,,,,,,,,,NO,,,,,,,,,,,,,,,,,
r96013h0dt,1,spanoudakisUsingAgentTechnology2013,Using Agent Technology for Ambient Assisted Living,"Spanoudakis, Nikolaos I. and Moraitis, Pavlos",2013,,1,0.1,,,,,,ASSISTED_LIVING,,,,,,,,,,,,,,,,,,,,,,,,,,,,,,,,,,,
rb4m09juq8,1,terryAmbientDisplaysDesigners2001,Ambient Displays: A Designer’s Synopsis,"Terry, MA and Tran, QT and Mankoff, J",2001,,5,0.3,Ambient Displays: A Designer's Synopsis,A conceptual synopsis of key design dimensions for ambient displays based on a survey of existing systems,NO,ADAIS,"CONCEPT,DEFTAX,ISSUES",INCREASE_AWARENESS,OTHER,"WORKPLACE,HOME",,,,,,,,,,,[NA],,,,,NO,,,,,,,,,NONE,,,NA,NA,NA,,,
rc0h3g9xqmg,1,pereiraMiddlewareIntelligentEnvironments2014,A Middleware for Intelligent Environments in Ambient Assisted Living,"Pereira, R. and Barros, C. and Pereira, S. and Mendes, P. M. and Silva, C. A.",2014,,3,0.5,,,,,,ASSISTED_LIVING,,,,,,,,,,,,,,,,,,,,,,,,,,,,,,,,,,,
rcl282a0dgk,1,hazlewoodAmbientInformationSystems,Ambient Information Systems 2008,"Hazlewood, WR and Coyle, L and Pousman, Z and Lim, YK",,,,0,,,,ADAIS,,,,,,,,,,,,,,,[NA],,,,,,,,,,,,,,,,,,,,,,
rdd9euei4f,1,liuPrototypingInteractionEveryday2012,Prototyping Interaction with Everyday Artifacts : Training and Recognizing 3D Objects via Kinects,"Liu, Kexi and Kaleas, Dimosthenis and Ruuspakka, Roger",2012,,5,0.6,,,,,"DEV,PROTOTYPE",,,HOME,,,,,,,,,,,,,,,,NO,,,,,,,,,,,,,,,,,
reqzh8lscp,1,hurtiennePIBADIBAHowBlend2013,PIBA-DIBA or How to Blend the Digital with the Physical,"Hurtienne, Jörn and Israel, Johann Habakuk",2013,,5,0.7,,,,,,,,,,,,,,,,,,,,,,,,,,,,,,,,,,,,,,,,,
rfbmayrcazn,1,queirosICFInspiredPersonas2014,ICF Inspired Personas to Improve Development for Usability and Accessibility in Ambient Assisted Living,"Queirós, Alexandra and Cerqueira, Margarida and Martins, Ana Isabel and Silva, Anabela G. and Alvarelhão, Joaquim and Teixeira, António and Rocha, Nelson Pacheco",2014,,26,4,,,,,,ASSISTED_LIVING,,,,,,,,,,,,,,,,,,,,,,,,,,,,,,,,,,,
rfk2wiernu,1,mccannBuildingAmbientIntelligence2004,Building Ambient Intelligence into a Ubiquitous Computing Management System,"McCann, J and Kristofferson, P and Alonso, E",2004,,15,0.9,,,,,,,,,,,,,,,,,,,,,,,,,,,,,,,,,,,,,,,,,
rftv583t04n,1,venkateshPragmaticNoteKnopflerfishbased2011,A Pragmatic Note on Knopflerfish-Based Ambient Assisted Living (AAI) Systems Engineering,"Venkatesh, V and Raj, P and Vaithayanathan, V",2011,,4,0.4,,,,,,ASSISTED_LIVING,,,,,,,,,,,,,,,,,,,,,,,,,,,,,,,,,,,
rgx45ydgq2,1,lindgrenAgentsupportedAssessmentAdaptive2012,Agent-Supported Assessment for Adaptive and Personalized Ambient Assisted Living,"Lindgren, Helena and Surie, Dipak and Nilsson, Ingeborg",2012,,5,0.6,,,,,,ASSISTED_LIVING,,,,,,,,,,,,,,,,,,,,,,,,,,,,,,,,,,,
rhhab6mghf,1,Perteneder_2016,Glowworms and Fireflies: Ambient Light on Large Interactive Surfaces,"Perteneder, Florian and Grossauer, Eva-Maria Beatrix and Leong, Joanne and Stuerzlinger, Wolfgang and Haller, Michael",2016,,12,2.7,Firefly,Ambient light technique using LED strips around an interactive whiteboard that maps off-screen object distance to the size of the light spot,YES,ADAIS,"PROTOTYPE,EVAL,USECASE","INCREASE_AWARENESS,AID_IN_ACTIVITY",EVENTS,WORKPLACE,,,,,,,,,CONTINUOUS,MAKE_AWARE,VISUAL,GROUP,HIGH,LED,ARTIFICIAL,YES,10,HOURS,IN_LAB,USERS,PROTOTYPE,"INTERVIEW,QUESTIONNAIRE",QUESTIONNAIRE,[NA],PERIPHERAL_ATTENTION,PRESENCE,PERIPHERAL_PLACEMENT,YES,FABRICATION,NOT_MENTIONED,,,
rhnnogw19gc,1,mottaAmbientAssistedLiving2016,Ambient Assisted Living: Indicatori Quantitativi per Monitorare La Routine Di Una Persona,"Motta, T",2016,,1,0.2,,,,,,ASSISTED_LIVING,,,,,,,,,,,,,,,,,,,,,,,,,,,,,,,,,,,
rig4vwtzfp,1,greenbergNotificationCollagePosting2001,The Notification Collage: Posting Information to Public and Personal Displays,"Greenberg, Saul and Rounding, Michael",2001,,467,23.9,Notification Collage,Virtual Bulleton Board that allows members of  a group to post content.,,UI,,,,"WORKPLACE,HOME",,,,,,,,,,,,PUBLIC,,,,YES,,,IN_LAB,EXPERTS,,COMMENTS,,,,,,,,,,,
rlhzgkib7fn,1,wealAmbientWoodJournals2003,The Ambient Wood Journals : Replaying the Experience,"Weal, Mark J. and Michaelides, Danius T. and Thompson, Mark K. and DeRoure, David C.",2003,,60,3.4,,,,,,,,,,,,,,,,,,,,,,,,,,,,,,,,,,,,,,,,,
rlr0c6xlvum,1,pinskeMetaphoricalDesignFeedback2012,Metaphorical Design of Feedback Interfaces in Activity-Aware Ambient Assisted-Living Applications,"Pinske, Daniel and Weyers, Benjamin and Luther, Wolfram and Stevens, Torsten",2012,,2,0.2,,,,,,ASSISTED_LIVING,,,,,,,,,,,,,,,,,,,,,,,,,,,,,,,,,,,
rmefe1bt448,1,rogersMovingWeisersVision2006,Moving on from Weiser’s Vision of Calm Computing: Engaging UbiComp Experiences,"Rogers, Yvonne",2006,,536,37,,,NO,,,"INCREASE_AWARENESS,BEHAVIOURAL_CHANGE","RESOURCES,HEALTH","MEDICAL,EDUCATION",,,,,,,,,,,,,,,,NO,,,,,,,,,,,,,,,,,
rn7ruyx4vwe,1,dermodyMultimodalPositiveComputing2016,Multimodal Positive Computing System for Public Speaking with Real-Time Feedback,"Dermody, Fiona",2016,,8,1.8,Prototype with Peripheral Real-time Feedback,Kinect-based system displaying real-time speaking feedback as text and icons around the periphery of the screen during public speaking,YES,ADAIS,PROTOTYPE,INCREASE_AWARENESS,HEALTH,EDUCATION,,,,,,,,,CONTINUOUS,USER_POLL,VISUAL,PUBLIC,HIGH,SCREEN,ARTIFICIAL,YES,7,HOURS,IN_LAB,USERS,PROTOTYPE,QUESTIONNAIRE,[NA],SUBJECTIVE,NONE,PRESENCE,PERIPHERAL_PLACEMENT,NO,NA,NOT_MENTIONED,,,
rnewiwx1x2n,1,richterPoseEstimationMovement2015,Pose Estimation and Movement Detection for Mobility Assessment of Elderly People in an Ambient Assisted Living Application,"Richter, J and Wiede, C and Hirtz, G",2015,,3,0.5,,,,,,ASSISTED_LIVING,,,,,,,,,,,,,,,,,,,,,,,,,,,,,,,,,,,
rrkdtstzzq,1,gronbInfoGalleryInformativeArt2006,InfoGallery: Informative Art Services for Physical Library Spaces,"Grønb, Kaj and Rohde, Anne and Sundararajah, BalaSuthas and Bech-Petersen, Sidsel",2006,,25,1.7,InfoGallery,"Web-based informative art infrastructure displaying digital library material and RSS feeds as animated objects on large surfaces, columns, and floors in physical library spaces",YES,ADAIS,"DEV,PROTOTYPE,USECASE",INCREASE_AWARENESS,"EVENTS,OTHER",WORKPLACE,,,,,,,,,CONTINUOUS,MAKE_AWARE,VISUAL,PUBLIC,HIGH,SCREEN,ART,NO,,WEEKS,IN_SITU,USERS,PROTOTYPE,"INTERVIEW,OBSERVATION",[NA],[NA],NONE,"PRESENCE,PULL","CAMOUFLAGE,PERIPHERAL_PLACEMENT",YES,FABRICATION,YES,,,
rrpqq84yh0f,1,hedinIndoorTemperatureAwareness2018,Indoor Temperature Awareness Using an Ambient Information Display - a Semi-Longitudinal Study of One Household,"Hedin, Björn and Larsson, Victor and Artman, Henrik",2018,,,0,Indoor Temperature AID,Philips Hue LED lightbulb that changes color (blue/green/red) to visualize indoor temperature in a household,YES,ADAIS,PROTOTYPE,INCREASE_AWARENESS,"RESOURCES,HEALTH,SOCIAL",HOME,,,,,,,,,CONTINUOUS,USER_POLL,VISUAL,FAMILY,MEDIUM,LED,FAMILIAR,YES,5,MONTHS,IN_SITU,USERS,PROTOTYPE,INTERVIEW,[NA],SUBJECTIVE,SALIENCE,PRESENCE,"AUGMENTATION,PERIPHERAL_PLACEMENT",NO,NA,NOT_MENTIONED,,,
rsl3khfxlos,1,hanakMobileApproachAmbient2007,A Mobile Approach to Ambient Assisted Living,"Hanak, D and Szijarto, G and Takacs, B",2007,,17,1.3,,,,,,ASSISTED_LIVING,,,,,,,,,,,,,,,,,,,,,,,,,,,,,,,,,,,
rsmlatr99gd,1,rodgersAmbientArtisticVisualization2010,Ambient and Artistic Visualization of Residential Resource Use,"Rodgers, J and Bartram, L",2010,,7,0.7,,,,,,,,,,,,,,,,,,,,,,,,,,,,,,,,,,,,,,,,,
rt8j9dvlci,1,schwarzerAmbientSurfacesInteractive2016,Ambient Surfaces: Interactive Displays in the Informative Workspace of Co-located Scrum Teams,"Schwarzer, Jan and Draheim, Susanne and von Luck, Kai and Wang, Qi and Casaseca, Pablo and Grecos, Christos",2016,,9,2,Ambient Surfaces,Two large interactive touch displays in a team's informative workspace showing project information from various intranet data sources,YES,ADAIS,"EVAL,USECASE",INCREASE_AWARENESS,"EVENTS,OTHER",WORKPLACE,,,,,,,,,CONTINUOUS,USER_POLL,VISUAL,GROUP,HIGH,SCREEN,"ARTIFICIAL,ASSOCIATED",YES,28,MONTHS,IN_SITU,USERS,PROTOTYPE,INTERVIEW,[NA],"SUBJECTIVE,OBJECTIVE",NONE,"PRESENCE,PULL",PERIPHERAL_PLACEMENT,NO,NA,NOT_MENTIONED,,,
rtrid3bbae,1,nakayasuLuminescentTentaclesScalable2016,Luminescent Tentacles: A Scalable SMA Motion Display,"Nakayasu, Akira",2016,,11,2.4,Luminescent Tentacles,"256 tentacles that resemble grass or sea anemones, movement + color",YES,ADAIS,"DEV,PROTOTYPE",OTHER,OTHER,OTHER,,,,,,,,,USER,,"VISUAL,AUDIO,SHAPE,POS",PUBLIC,HIGH,"LED,MOTOR","ART,ASSOCIATED",NO,,,,,,,,,NONE,PRESENCE,MIMICRY,YES,FABRICATION,NOT_MENTIONED,,,
rtst0n1o92,1,mayerExamplesMultimodalUser2012,Examples of Multimodal User Interfaces for Socially Assistive Robots in Ambient Assisted Living Environments,"Mayer, P. and Beck, C. and Panek, P.",2012,,27,3.2,,,,,,ASSISTED_LIVING,,,,,,,,,,,,,,,,,,,,,,,,,,,,,,,,,,,
rtuu01sio59,1,bornerAmbientLearningDisplays2012,Ambient Learning Displays: Lecture Series and Results from a Participatory Design Study,"Börner, Dirk and Kalz, Marco and Specht, Marcus",2012,,1,0.1,Ambient Learning Displays,A conceptual framework and participatory design study exploring ambient displays presenting contextualised information in the user's periphery to support learning,YES,ADAIS,"CONCEPT,EVAL,ISSUES",INCREASE_AWARENESS,"RESOURCES,HEALTH","EDUCATION,HOME,WORKPLACE,URBAN,EXERCISE",,,,,,,,,,,"VISUAL,AUDIO,SMELL,AIRMOVE,HEAT",,,"SCREEN,LED,SPEAKER",NA,YES,28,HOURS,IN_PRESENTATION,"USERS,EXPERTS",PRESENTATION,QUESTIONNAIRE,[NA],[NA],NONE,,PERIPHERAL_PLACEMENT,NA,NA,NA,,,
rtyulreilg,1,leeUsingLightSound,"Using Light, Sound, and Ripple Motion to Design the Ambient Display Environment","Lee, YH and Wang, CM",,,,0,"Ambient Display Environment (Ripple motion, Cheers!, Rainbow Recorder)","Three ambient display demonstrators using light, sound, and ripple motion with tangible interaction to connect digital information with the physical environment",YES,ADAIS,"PROTOTYPE,USECASE,CONCEPT",OTHER,SOCIAL,"URBAN,SOCIAL,HOME",,,,,,,,,USER,MAKE_AWARE,"VISUAL,AUDIO,POS",PUBLIC,MEDIUM,"PROJECTION,SPEAKER",ART,NO,,,,,,,,,SPATIAL_OBJECT_BINDING,PRESENCE,"MIMICRY,PERIPHERAL_PLACEMENT",YES,NONE,NOT_MENTIONED,,,
ruhn0e6wbi,1,gandaraIntelliHomeFrameworkDevelopment2015,IntelliHome: A Framework for the Development of Ambient Assisted Living Applications Based in Low-Cost Technology,"Gándara, CV and Bauza, CG",2015,,3,0.5,IntelliHome,,,,,ASSISTED_LIVING,,,,,,,,,,,,,,,,,,,,,,,,,,,,,,,,,,,
rvdrhjryb,1,ishiiAmbientROOMIntegratingAmbient1998,ambientROOM: Integrating Ambient Media with Architectural Space,"Ishii, Hiroshi and Wisneski, Craig and Brave, Scott and Dahley, Andrew and Gorbet, Matt and Ullmer, Brygg and Yarin, Paul",1998,,412,18.3,ambientROOM,Increase people's feeling of being connected to others,YES,ADAIS,"PROTOTYPE,CONCEPT",BEHAVIOURAL_CHANGE,"SOCIAL,EVENTS,ENVIRONMENT,OTHER",WORKPLACE,,,,,,,,,CONTINUOUS,MAKE_AWARE,"VISUAL,AUDIO,HAPTIC,POS",PERSONAL,MEDIUM,"PROJECTION,MOTOR,SPEAKER","ART,FAMILIAR",NO,,,,,,,,,NONE,PRESENCE,"PERIPHERAL_PLACEMENT,MIMICRY",YES,NOISE,NOT_MENTIONED,,,
rvm1k2z4pmp,1,juniorAFailureDetector2018,A Failure Detector for Ambient Assisted Living,"Junior, Airton Jesus and da Rocha, Tarcisio and Moreno, Edward David",2018,,1,0.4,,,,,,ASSISTED_LIVING,,,,,,,,,,,,,,,,,,,,,,,,,,,,,,,,,,,
rvmolk1ocah,1,streitzDesigningPeopleAmbient2008,Designing for People in Ambient Intelligence Environments,"Streitz, Norbert",2008,,5,0.4,,,,AMI,DEFTAX,,,WORKPLACE,,,,,,,,,,,,,,,,YES,,,,,,,,,,,,,,,,,
rvszn5m0zq,1,kuijsPrivacyEnhancingData2019,Privacy Enhancing Data Access Control for Ambient Assisted Living.,"Kuijs, H and Bayer, T and Reich, C and Knahl, M and Clarke, NL",2019,,,0,,,,,,ASSISTED_LIVING,,,,,,,,,,,,,,,,,,,,,,,,,,,,,,,,,,,
rwi7bce7p6,1,pedrazaLegalViewAmbient2010,A Legal View of Ambient Assisted Living Developments,"Pedraza, J. P. and Patricio, M. A. and Asís, A. De and Molina, J. M.",2010,,2,0.2,,,,,,ASSISTED_LIVING,,,,,,,,,,,,,,,,,,,,,,,,,,,,,,,,,,,
rxqx8fb6dy,1,zhangAnInterpretableFuzzy2019,An Interpretable Fuzzy DBN-Based Classifier for Indoor User Movement Prediction in Ambient Assisted Living Applications,"Zhang, Xiongtao and Chung, Fu-Lai and Wang, Shitong",2019,,4,2.7,,,,,,ASSISTED_LIVING,,,,,,,,,,,,,,,,,,,,,,,,,,,,,,,,,,,
rxwwmg7jpcf,1,cunhaAmbLEDsImplicitAAL2015,AmbLEDs : Implicit I / O for AAL Systems,"Cunha, Marcio",2015,,2,0.4,AmbLEDs,,,,,ASSISTED_LIVING,SOCIAL,HOME,,,,,,,,,,,,FAMILY,,,,,,,,,,,,,,,,,,,,,
ry2lq5jonip,1,kimuraExtractingKeyFactors2008,Extracting Key Factors to Design Applications in Ambient Intelligence Environment,"Kimura, Hiroaki and Nakajima, Tatsuo",2008,,4,0.3,Mona Lisa Bookshelf,"A flat display near a shared bookshelf shows a Mona Lisa image whose pieces are linked to book positions, distorting or aging when the shelf is disorganized or unused",YES,"AMI,ADAIS","USECASE,EVAL,ISSUES",BEHAVIOURAL_CHANGE,HEALTH,HOME,,,,,,,,,EVENT,CHANGE_BLIND,VISUAL,GROUP,HIGH,SCREEN,ART,YES,,WEEKS,IN_SITU,USERS,PROTOTYPE,"INTERVIEW,QUESTIONNAIRE",[NA],"OBJECTIVE,SUBJECTIVE",NONE,PRESENCE,CAMOUFLAGE,NO,NA,NOT_MENTIONED,,,
s11i18iag0p,1,jetterBlendedInteractionUnderstanding2014,Blended Interaction: Understanding Natural Human-Computer Interaction in Post-WIMP Interactive Spaces,"Jetter, Hans Christian and Reiterer, Harald and Geyer, Florian",2014,,98,15.1,,,,,,,,,,,,,,,,,,,,,,,,NO,,,,,,,,,,,,,,,,,
s196kiqcxyh,1,balAmbientAssistedLiving2010,Ambient Assisted Living for Type 2 Diabetic Patients,"Bal, N. and Schwarz, M.",2010,,1,0.1,,,,,,ASSISTED_LIVING,,,,,,,,,,,,,,,,,,,,,,,,,,,,,,,,,,,
s1d1boly1tq,1,boccaRadioTomographicImaging2012,Radio Tomographic Imaging for Ambient Assisted Living,"Bocca, Maurizio and Kaltiokallio, Ossi and Patwari, Neal",2012,,85,10,,,,,,ASSISTED_LIVING,,,,,,,,,,,,,,,,,,,,,,,,,,,,,,,,,,,
s1rzr8bgvzc,1,suciuBigDataFusion2015,Big Data Fusion for eHealth and Ambient Assisted Living Cloud Applications,"Suciu, George and Vulpe, Alexandru and Craciunescu, Razvan and Butca, Cristina and Suciu, Victor",2015,,16,2.9,,,,,,ASSISTED_LIVING,,,,,,,,,,,,,,,,,,,,,,,,,,,,,,,,,,,
s211my7ya6,1,iwaiParavisionEntertainingVisualizer2006,Paravision: The Entertaining Visualizer in Public Space,"Iwai, Takafumi and Kitada, Sohei and Higaki, Mariko and Deguchi, Mizuki and Kaijima, Kazuya and Wakita, Akira",2006,,2,0.1,Paravision,A dynamic sign system that projects entertaining navigation signs onto a transparent screen based on RFID tag data from visitors in public exhibition space,YES,ADAIS,"PROTOTYPE,USECASE","AID_IN_ACTIVITY,INCREASE_AWARENESS",EVENTS,URBAN,,,,,,,,,USER,USER_POLL,VISUAL,PUBLIC,HIGH,SCREEN,ARTIFICIAL,NO,,HOURS,IN_SITU,USERS,PROTOTYPE,"COMMENTS,USAGE_STATISTIC",[NA],[NA],NONE,PULL,PERIPHERAL_PLACEMENT,YES,NONE,NOT_MENTIONED,,,
s23f2bs3q5,1,khakpourExploringGamificationAmbient,Exploring Gamification and Ambient Technology to Support Students' Physical Activity in between Lectures,"Khakpour, A and Jirhandeh, MA and Kalashak, E",,,,0,Digital Flower,Interactive tangible flower with an emoji display that withers during lectures and is revived by students feeding it NFC-tagged marbles collected during breaks.,YES,ADAIS,PROTOTYPE,"BEHAVIOURAL_CHANGE,INCREASE_AWARENESS",HEALTH,EDUCATION,,,,,,,,,CONTINUOUS,MAKE_AWARE,"VISUAL,SHAPE",GROUP,MEDIUM,SCREEN,FAMILIAR,YES,,HOURS,IN_SITU,USERS,PROTOTYPE,OBSERVATION,[NA],OBJECTIVE,NONE,PRESENCE,CAMOUFLAGE,YES,NONE,NOT_MENTIONED,,,
s2dqpw4x5rn,1,hagerCooperativeInfotainmentServices2011,Cooperative Infotainment Services Platform for Ambient Assisted Living,"Hager, M and Hasan, M and Renhak, K and Debes, M",2011,,1,0.1,,,,,,ASSISTED_LIVING,,,,,,,,,,,,,,,,,,,,,,,,,,,,,,,,,,,
s2ouyom4dcf,1,gustafssonPowerawareCordEnergy2005,The Power-Aware Cord: Energy Awareness through Ambient Information Display,"Gustafsson, Anton and Gyllenswärd, Magnus",2005,,318,20.5,Power-Aware Cord,A re-designed electrical power strip whose transparent cord glows with dynamic patterns of electroluminescent light representing the electricity passing through it,YES,"TUI,ADAIS",PROTOTYPE,"BEHAVIOURAL_CHANGE,INCREASE_AWARENESS",RESOURCES,HOME,YES,Power Consumption,LOCAL,Glowing Patterns,Power Usage,Glowing Pattern,Power Usage,INDEXICAL,CONTINUOUS,MAKE_AWARE,VISUAL,HOUSEHOLD,LOW,LED,ASSOCIATED,YES,15,HOURS,IN_LAB,USERS,WOZ,"QUESTIONNAIRE,COMMENTS",[NA],[NA],NONE,PRESENCE,"AUGMENTATION,MIMICRY",YES,FAILURE,NOT_MENTIONED,,,
s4pcf8ykih,1,sokulluTheRoleDrones2019,The Role of Drones in Ambient Assisted Living Systems for the Elderly,"Sokullu, R and Balcı, A and Demir, E",2019,,3,2,,,,,,ASSISTED_LIVING,,,,,,,,,,,,,,,,,,,,,,,,,,,,,,,,,,,
s5hiofhzqip,1,kochEvaluationAmbientColor2010,Evaluation of an Ambient Color Coded Display to Communicate Changes in the Patient’s Condition to ICU Nurses and Improve the Therapeutic Environment,"Koch, S H and Görges, M and Weir, C",2010,,,0,Ambient far-view display,A wall-mounted tree picture that changes its background and leaf colors to communicate changes in a patient's vital signs to ICU nurses,YES,ADAIS,"PROTOTYPE,EVAL,USECASE","INCREASE_AWARENESS,NOTIFICATION","HEALTH,SOCIAL","MEDICAL,HOME",,,,,,,,,EVENT,MAKE_AWARE,VISUAL,FAMILY,MEDIUM,SCREEN,"FAMILIAR,ART",YES,16,HOURS,IN_PRESENTATION,"USERS,EXPERTS",SIMULATION,"HEURISTIC_EVALUATION,QUESTIONNAIRE",[NA],[NA],NONE,PRESENCE,CAMOUFLAGE,NO,NA,NOT_MENTIONED,,,
s5lvu24nci,1,dinglerMemoryDisplaysInvestigating2016,Memory Displays: Investigating the Effects of Learning in the Periphery,"Dingler, Tilman and Giebler, Corinna and Kunze, Ulf and Wűrtele, Tim and Henze, Niels and Schmidt, Albrecht",2016,,2,0.4,Memory Displays,,,,,,,HOME,,,,,,,,,,,,,,,,YES,,,,,,"INTERVIEW,QUESTIONNAIRE",,,,,,,,,,,
s5ymvjv3i8,1,rodriguezSemanticFuzzyModelling2016,Semantic and Fuzzy Modelling for Human Behaviour Recognition in Smart Spaces: A Case Study on Ambient Assisted Living,"Rodríguez, ND",2016,,10,2.2,,,,,,ASSISTED_LIVING,,,,,,,,,,,,,,,,,,,,,,,,,,,,,,,,,,,
s66pwfuk9f,1,wolfOpenAALopenSourceMiddleware2010,openAAL-the Open Source Middleware for Ambient-Assisted Living (AAL),"Wolf, P and Schmidt, A and Otte, JP and Klein, M",2010,,66,6.3,,,,,,ASSISTED_LIVING,,,,,,,,,,,,,,,,,,,,,,,,,,,,,,,,,,,
s69resorfx,1,shenIntrusiveEvaluationPeripheral2005,An Intrusive Evaluation of Peripheral Display,"Shen, Xiaobin and Moere, Andrew Vande and Eades, Peter",2005,,17,1.1,Stock Chart,"A traditional financial visualization using three colours for three stock quotes, a linear curve for trade price and a bar chart for trade volume, shown on a peripheral screen",NO,ADAIS,EVAL,INCREASE_AWARENESS,OTHER,WORKPLACE,,,,,,,,,CONTINUOUS,USER_POLL,VISUAL,PERSONAL,HIGH,SCREEN,ASSOCIATED,YES,16,HOURS,IN_LAB,USERS,PROTOTYPE,"HEURISTIC_EVALUATION,INTERVIEW,QUESTIONNAIRE",DUAL_TASK,[NA],"COGNITIVE_LOAD,PERIPHERAL_ATTENTION",PRESENCE,PERIPHERAL_PLACEMENT,NO,NA,NOT_MENTIONED,,,
s71ftksot5r,1,pereiraAmbientAssistedLiving2015,Ambient Assisted Living Platform for Remote Monitoring of Bedridden People,"Pereira, F. and Barros, C. and Carvalho, V. and Machado, J. and Leão, C. P. and Soares, F. and Bezerra, K. and Matos, D.",2015,,2,0.4,,,,AS,,ASSISTED_LIVING,,,,,,,,,,,,,,,,,,,,,,,,,,,,,,,,,,,
s7ajzr7ai3r,1,decurtinsAwareNewsContextawareAmbient2008,"AwareNews: A Context-Aware, Ambient News Service","Decurtins, C. and Norrie, M.C. and Reuss, E. and Weibel, N.",2008,,5,0.4,AwareNews,,,,PROTOTYPE,INCREASE_AWARENESS,,,,,,,,,,,,,,,,,,YES,,,,,,,,,,,,,,,,,
s7saa3sxbxa,1,salimUrbanComputingWild2015,"Urban Computing in the Wild: A Survey on Large Scale Participation and Citizen Engagement with Ubiquitous Computing, Cyber Physical Systems, and Internet of Things","Salim, Flora and Haque, Usman",2015,,117,21.3,,,,,,,,URBAN,,,,,,,,,,,,,,,,,,,,,,,,,,,,,,,,,
s83zh793jfi,1,soarHumanInterfaceConsiderations2010,Human Interface Considerations for Ambient Assisted Living Systems,"Soar, J and Symonds, J",2010,,1,0.1,,,,,,ASSISTED_LIVING,,,,,,,,,,,,,,,,,,,,,,,,,,,,,,,,,,,
s8x33cqtt5,1,rodriguezComparativeAnalysisReference2015,A Comparative Analysis of Reference Architectures for Healthcare in the Ambient Assisted Living Domain,"Rodríguez, LMG and Ampatzoglou, A",2015,,11,2,,,,,,ASSISTED_LIVING,,,,,,,,,,,,,,,,,,,,,,,,,,,,,,,,,,,
s8zeinzmv5,1,kuriharaPrototypingAmbientMedia2019,Prototyping of Ambient Media Using Shameplants,"Kurihara, Wataru and Nakano, Akito and Kushiyama, Kumiko and Hada, Hisakazu",2019,,1,0.7,Shameplants,Movement of twigs to indicate new information,YES,ADAIS,"DEV,PROTOTYPE","INCREASE_AWARENESS,OTHER",HEALTH,WORKPLACE,,,,,,,,,CONTINUOUS,CHANGE_BLIND,VISUAL,PUBLIC,LOW,MOTOR,FAMILIAR,NO,,,,,,,,,NONE,PRESENCE,"AUGMENTATION,MIMICRY",YES,NONE,NOT_MENTIONED,,,
s969i3oclyi,1,voitExploringNotificationsSmart2016,Exploring Notifications in Smart Home Environments,"Voit, Alexandra and Machulla, Tonja and Weber, Dominik and Schwind, Valentin and Schneegass, Stefan and Henze, Niels",2016,,19,4.2,,,,,,INCREASE_AWARENESS,,HOME,,,,,,,,,,,,,,,,NO,,,,,,,,,,,,,,,,,
s9snzlp0wl,1,sicilianoNetworkedMultisensorSystem2009,A Networked Multisensor System for Ambient Assisted Living Application,"Siciliano, P. and Leone, A. and Diraco, G. and Distante, C. and Malfatti, M. and Gonzo, L. and Grassi, M. and Lombardi, A. and Rescio, G. and Malcovati, P.",2009,,22,1.9,,,,AS,,ASSISTED_LIVING,,,,,,,,,,,,,,,,,,,,,,,,,,,,,,,,,,,
s9trdy8o7r,1,parkMultipurposeAmbientDisplay2009,Multi-Purpose Ambient Display System Supporting Various Media Objects,"Park, Chan-Yong and Park, Soo-Jun",2009,,,0,Multi-purpose Ambient Display System,"A multi-purpose ambient display system that renders various media objects (images, videos, agents, voices, sounds, scripts) on various display hardware using a Scene Description Language",YES,ADAIS,"DEV,PROTOTYPE","NOTIFICATION,ASSISTED_LIVING","HEALTH,EVENTS","HOME,MEDICAL",,,,,,,,,EVENT,MAKE_AWARE,"VISUAL,AUDIO",HOUSEHOLD,HIGH,"SCREEN,SPEAKER",ARTIFICIAL,NO,,,,,,,,,NONE,PUSH,AUGMENTATION,NO,NA,NOT_MENTIONED,,,
saf0she6tx,1,patelRealtimeHumanBehaviour2020,Real-Time Human Behaviour Monitoring Using Hybrid Ambient Assisted Living Framework,"Patel, A and Shah, J",2020,,1,2,,,,AS,,ASSISTED_LIVING,,,,,,,,,,,,,,,,,,,,,,,,,,,,,,,,,,,
satlfg3gdh,1,hindusCasablancaDesigningSocial2001,Casablanca: Designing Social Communication Devices for the Home,"Hindus, Debby and Mainwaring, Scott D. and Leduc, Nicole and Hagström, Anna Elizabeth and Bayley, Oliver",2001,,378,19.4,CommuteBoard,"Shared whiteboard for handwritten notes between two households, supplemented by an audio-based activity sensor showing remote noise level",YES,ADAIS,PROTOTYPE,"INCREASE_AWARENESS,OTHER",SOCIAL,HOME,,,,,,,,,CONTINUOUS,USER_POLL,VISUAL,FAMILY,LOW,SCREEN,ARTIFICIAL,NO,2,MONTHS,IN_SITU,USERS,PROTOTYPE,INTERVIEW,[NA],SUBJECTIVE,NONE,PRESENCE,PERIPHERAL_PLACEMENT,NO,NA,NOT_MENTIONED,,,
savkhhg5aw,1,moereAmbientDisplayContextual2009,Beyond Ambient Display: A Contextual Taxonomy of Alternative Information Display,"Moere, AV and Offenhuber, D",2009,,15,1.3,Beyond Ambient Display (Contextual Taxonomy),"A conceptual taxonomy classifying alternative information displays into translation, augmentation and embodiment based on context",NO,ADAIS,DEFTAX,UNSTATED,OTHER,"URBAN,OTHER",,,,,,,,,,,[NA],,,,,NO,,,,,,,,,NONE,,,NA,NA,NA,,,
sbph7lxxbtn,1,palRealtimeRecognitionActivity2015,Real-Time Recognition of Activity Levels for Ambient Assisted Living,"Pal, Sandipan and Feng, Tian and Abhayaratne, Charith",2015,,6,1.1,,,,,,ASSISTED_LIVING,,,,,,,,,,,,,,,,,,,,,,,,,,,,,,,,,,,
sbw3bq6ysy,1,fujitaAmbientSuiteRoomshaped2012,Ambient Suite: Room-shaped Information Environment for Interpersonal Communication,"Fujita, Kazuyuki and Itoh, Yuichi and Ohsaki, Hiroyuki and Ono, Naoaki and Kagawa, Keiichiro and Takashima, Kazuki and Tsugawa, Sho and Nakajima, Kosuke and Hayashi, Yusuke and Kishino, Fumio",2012,,1,0.1,Ambient Suite,,,,,,,,,,,,,,,,,,,,,,,NO,,,,,,,,,,,,,,,,,
sc6iast8dg,1,ziefleWhyTraditionalUsability2014,Why Traditional Usability Criteria Fall Short in Ambient Assisted Living Environments,"Ziefle, Martina and Wilkowska, Wiktoria",2014,,6,0.9,,,,,,ASSISTED_LIVING,,,,,,,,,,,,,,,,,,,,,,,,,,,,,,,,,,,
sc9weda2c2,1,wallyAmbientFacades2008,Ambient Façades,"Wally, Bernhard and Ferscha, Alois",2008,,1,0.1,Ambient Facades,"A projection-based framework that displays fragmented dynamic visuals on building façades, adapting content to structural features without modifying the building",YES,ADAIS,"DEV,PROTOTYPE,USECASE",INCREASE_AWARENESS,OTHER,URBAN,,,,,,,,,CONTINUOUS,USER_POLL,VISUAL,PUBLIC,HIGH,SCREEN,ART,NO,,HOURS,IN_SITU,EXPERTS,PROTOTYPE,COMMENTS,[NA],[NA],NONE,PRESENCE,AUGMENTATION,NO,NA,NOT_MENTIONED,,,
sgujawqv6pp,1,hammerschmidtInfoPlantMultimodalAugmentation2015,InfoPlant: Multimodal Augmentation of Plants for Enhanced Human-Computer Interaction,"Hammerschmidt, Jan and Hermann, Thomas and Walender, Alex and Kromker, Niels",2015,,9,1.6,InfoPlant,"A living plant augmented with watering control, rotation, RGB-LED illumination, capacitive touch, leaf-rustling fans, and servo-controlled posture to display information ambiently",YES,ADAIS,"USECASE,PROTOTYPE","BEHAVIOURAL_CHANGE,INCREASE_AWARENESS",RESOURCES,HOME,YES,Energy Consumption,LOCAL,"Plant's apparent health (Leaf position, movement)",,,,,CONTINUOUS,MAKE_AWARE,"VISUAL,AUDIO,POS",HOUSEHOLD,LOW,"SPEAKER,MOTOR",ASSOCIATED,YES,15,HOURS,IN_LAB,USERS,PROTOTYPE,"INTERVIEW,QUESTIONNAIRE",[NA],SUBJECTIVE,NONE,"PRESENCE,PUSH,PULL","AUGMENTATION,MIMICRY",YES,NOISE,NOT_MENTIONED,,,
shhv1mbzuoj,1,linSpirographDesignsAmbient2013,Spirograph Designs for Ambient Display of Tweets,"Lin, Y and Vuillemot, R",2013,,7,0.9,SpiroViz,Spirograph-based casual visualization that displays tweets as particles decorating flower-like patterns segmenting time into petals,YES,ADAIS,"PROTOTYPE,USECASE,DEV",INCREASE_AWARENESS,"SOCIAL,EVENTS",OTHER,,,,,,,,,CONTINUOUS,USER_POLL,VISUAL,PUBLIC,HIGH,SCREEN,ART,NO,,,,,,,,,NONE,PRESENCE,CAMOUFLAGE,NO,NA,NOT_MENTIONED,,,
si5npqlwa8j,1,bornerTheyWantTell2015,They Want to Tell Us: Attention-aware Design and Evaluation of Ambient Displays for Learning,"Börner, Dirk and Kalz, Marco and Specht, Marcus",2015,,1,0.2,Untitled,Laptop screen with speakers and webcam in building entrances showing energy consumption information with attention sensing,YES,ADAIS,PROTOTYPE,INCREASE_AWARENESS,RESOURCES,"WORKPLACE,EDUCATION",,,,,,,,,CONTINUOUS,"CHANGE_BLIND,INTERRUPT","VISUAL,AUDIO",PUBLIC,HIGH,SCREEN,ARTIFICIAL,YES,94,WEEKS,IN_SITU,USERS,PROTOTYPE,"HEURISTIC_EVALUATION,QUESTIONNAIRE",[NA],[NA],NONE,"PUSH,PRESENCE",PERIPHERAL_PLACEMENT,YES,NONE,NOT_MENTIONED,,,
sj1akt4fcbf,1,maimoneIFlitAmbientDisplay2014,iFlit: An Ambient Display to Induce Cognitive Dissonance and Behaviour Change,"Maimone, R. and Zavala, I. and Quintana, E. and Favela, J. and Tentori, M. and Mayora, O.",2014,,,0,iFlit,"A collective ambient display showing a garden with birds whose movement and background reflect students' activity, sleep, and burnout to induce cognitive dissonance",YES,ADAIS,"PROTOTYPE,USECASE,DEV",BEHAVIOURAL_CHANGE,HEALTH,"EDUCATION,SOCIAL",,,,,,,,,CONTINUOUS,USER_POLL,VISUAL,GROUP,HIGH,SCREEN,"ART,ASSOCIATED",NO,,,,,,,,,NONE,"PRESENCE,PULL",CAMOUFLAGE,NO,NA,NOT_MENTIONED,,,
skdeopmbxcn,1,schiavoAmbientInfluencePromoting2014,Ambient Influence for Promoting Balanced Participation in Group Brainstorming,"Schiavo, Gianluca and Mencarini, Eleonora and Cappelletti, Alessandro and Stock, Oliviero and Zancanaro, Massimo",2014,,,0,,,,,,INCREASE_AWARENESS,"RESOURCES,HEALTH",MEDICAL,,,,,,,,,,,,,,,,YES,,,,,,,,,,,,,,,,,
skslabvr2l,1,vatavuReusableGesturesInteracting2011,Reusable Gestures for Interacting with Ambient Displays in Unfamiliar Environments,"Vatavu, RD",2011,,3,0.3,Reusable Gestures for Ambient Displays,A concept for reusing user-defined and user-specific gestures to interact with public ambient displays in unfamiliar environments,NO,ADAIS,CONCEPT,AID_IN_ACTIVITY,OTHER,URBAN,,,,,,,,,USER,,VISUAL,PUBLIC,,SCREEN,NA,NO,,,,,,,,,NONE,PULL,,NA,NA,NOT_MENTIONED,,,
sl6q52npkbr,1,takacsPrototypeHomeRobot2008,A Prototype Home Robot with an Ambient Facial Interface to Improve Drug Compliance,"Takacs, Barnabas and Hanak, David",2008,,34,2.7,,,,,PROTOTYPE,INCREASE_AWARENESS,"RESOURCES,HEALTH","HOME,MEDICAL",,,,,,,,,,,,,,,,NO,,,,,,,,,,,,,,,,,
sliawipod5,1,eisaRequirementsMetricsLocation2012,Requirements and Metrics for Location and Tracking for Ambient Assisted Living,"Eisa, Samih and Moreira, Adriano",2012,,16,1.9,,,,,,ASSISTED_LIVING,,,,,,,,,,,,,,,,,,,,,,,,,,,,,,,,,,,
snewvqf0pw,1,hoggenmuellerDesigningLowResLighting2018,Designing Low-Res Lighting Displays as Ambient Gateways to Smart Devices,"Hoggenmueller, Marius and Wiethoff, Alexander and Tomitsch, Martin",2018,,1,0.4,“Low-res Lighting Displays”,LED matrix to visualize domestic energy performance,YES,"IOT,ADAIS","PROTOTYPE,EVAL,USECASE","INCREASE_AWARENESS,BEHAVIOURAL_CHANGE",RESOURCES,HOME,,,,,,,,,CONTINUOUS,USER_POLL,VISUAL,FAMILY,HIGH,"LED,MOTOR","FAMILIAR,ART",YES,6,WEEKS,IN_SITU,USERS,PROTOTYPE,INTERVIEW,[NA],"SUBJECTIVE,OBJECTIVE",NONE,"PRESENCE,PULL",CAMOUFLAGE,YES,NONE,NOT_MENTIONED,,,
snfdzfwnrxc,1,chaaraouiContinuousHumanAction2014,Continuous Human Action Recognition in Ambient Assisted Living Scenarios,"Chaaraoui, Alexandros Andre and Flórez-Revuelta, Francisco",2014,,8,1.2,,,,,,ASSISTED_LIVING,,,,,,,,,,,,,,,,,,,,,,,,,,,,,,,,,,,
sni9pv1kp8p,1,wohnAmbientAdaptationInterpersonal2015,From Ambient to Adaptation: Interpersonal Attention Management Among Young Adults,"Wohn, Donghee Yvette and Birnholtz, Jeremy",2015,,15,2.7,,,,,,INCREASE_AWARENESS,,"WORKPLACE,EDUCATION",,,,,,,,,,,,,,,,YES,,,,,,INTERVIEW,,,,,,,,,,,
snu3brgzctt,1,vazquezDesignDimensionsAmbient2011,Design Dimensions of Ambient Information Systems to Assist Elderly with Their Activities of Daily Living,"Vazquez, Juan Pablo Garcia and Rodriguez, Marcela D and Andrade, Angel G",2011,,54,5.7,Remind-Me,A wearable device that provides elderly with timely auditory reminders and visual information for taking their medicines,YES,ADAIS,USECASE,"NOTIFICATION,ASSISTED_LIVING,AID_IN_ACTIVITY",HEALTH,HOME,,,,,,,,,EVENT,DEMAND_ATTENTION,"AUDIO,VISUAL",PERSONAL,MEDIUM,"SCREEN,SPEAKER",ARTIFICIAL,YES,,,IN_SITU,,,"HEURISTIC_EVALUATION,INTERVIEW",,,PERIPHERAL_ATTENTION,PUSH,,YES,NONE,NOT_MENTIONED,,,
soo7s5mzfa,1,zieflePerceivedUsefulnessAssistive2011,Perceived Usefulness of Assistive Technologies and Electronic Services for Ambient Assisted Living,"Ziefle, Martina Ziefle and Röcker, Carsten and Holzinger, Andreas",2011,,11,1.2,,,,,,ASSISTED_LIVING,,,,,,,,,,,,,,,,,,,,,,,,,,,,,,,,,,,
splft8urxmc,1,sixsmithUserdrivenApproachDeveloping2011,A User-Driven Approach to Developing Ambient Assisted Living Systems for Older People: The SOPRANO Project,"Sixsmith, A and Mueller, S and Lull, F and Klein, M",2011,,21,2.2,,,,,,ASSISTED_LIVING,,,,,,,,,,,,,,,,,,,,,,,,,,,,,,,,,,,
sqq3j754jk8,1,riedenklauDevelopmentActuatedTangible2016,Development of Actuated Tangible User Interfaces: New Interaction Concepts and Evaluation Methods,"Riedenklau, Eckard",2016,,6,1.3,,,,TUI,,,,,,,,,,,,,,,HAPTIC,,,,,YES,,,,,,QUESTIONNAIRE,,,,,,,,,,,
sr6wxnyn9be,1,ostermeierZukunftAmbientAssisted2009,Die Zukunft Des (Ambient) Assisted Living,"Ostermeier, C",2009,,2,0.2,,,,,,ASSISTED_LIVING,,,,,,,,,,,,,,,,,,,,,,,,,,,,,,,,,,,
ss0asa0dk1,1,amesHealthyCitiesAmbient2003,Healthy Cities Ambient Displays,"Ames, M and Bettadapur, C and Dey, AK",2003,,5,0.3,Healthy Cities Ambient Displays,Public ambient displays showing city health indicators such as recycling activity and electricity/light-pollution levels,YES,ADAIS,"PROTOTYPE,USECASE","INCREASE_AWARENESS,BEHAVIOURAL_CHANGE","RESOURCES,ENVIRONMENT",URBAN,,,,,,,,,CONTINUOUS,USER_POLL,VISUAL,PUBLIC,MEDIUM,SCREEN,ARTIFICIAL,NO,,,,,,,,,NONE,PRESENCE,PERIPHERAL_PLACEMENT,YES,NONE,NOT_MENTIONED,,,
ss5lgsnwyan,1,saraijiAmbientFacialThermal2018,Ambient: Facial Thermal Feedback in Remotely Operated Applications,"Saraiji, MHD Yamen and Peiris, Roshan Lalintha and Shen, Lichao and Minamizawa, Kouta and Tachi, Susumu",2018,,5,2,Ambient (Facial Thermal Feedback),"Robot with temperature sensing + VR HMD with thermal feedback, improved telepresence",,,,,,,,,,,,,,,,,,,,,,NO,,,,,,,,,,,,,,,,,
ssseu8jp8bm,1,sturmInfluencingSocialDynamics2007,Influencing Social Dynamics in Meetings through a Peripheral Display,"Sturm, Janienke and Herwijnen, Olga Houben-van and Eyck, Anke and Terken, Jacques",2007,,57,4.2,Untitled,A peripheral display projected in the centre of a meeting table that visualizes participants' speaking time and visual attention as colored circles,YES,"ADAIS,AS","PROTOTYPE,EVAL,USECASE","INCREASE_AWARENESS,BEHAVIOURAL_CHANGE",SOCIAL,WORKPLACE,,,,,,,,,CONTINUOUS,USER_POLL,VISUAL,GROUP,HIGH,SCREEN,ARTIFICIAL,YES,82,HOURS,IN_LAB,USERS,PROTOTYPE,"INTERVIEW,QUESTIONNAIRE",[NA],"OBJECTIVE,SUBJECTIVE",NONE,PRESENCE,PERIPHERAL_PLACEMENT,YES,FABRICATION,NOT_MENTIONED,,,
ssszuie7epl,1,bravoUbiquitousComputingAmbient2006,Ubiquitous Computing and Ambient Intelligence: New Challenges for Computing,"Bravo, J and Alamán, X and Riesgo, T",2006,,27,1.9,,,,,,,,,,,,,,,,,,,,,,,,,,,,,,,,,,,,,,,,,
suclpdvb0xj,1,renttoUsersPreferencesUbiquitous2003,Users’ Preferences for Ubiquitous Computing Applications at Home,"Rentto, Katja and Korhonen, Ilkka and Väätänen, Antti and Pekkarinen, Lasse and Tuomisto, Timo and Cluitmans, Luc and Lappalainen, Raimo",2003,,26,1.5,,,,,PROTOTYPE,,,,,,,,,,,,,,,,,,,,,,,,,,,,,,,,,,,,
svfzofao5dq,1,freyEvASelfAdaptable2014,EvA - A Self Adaptable Event-Based Recognition Framework for Three-Dimensional Activity Zones,"Frey, Jochen and Neurohr, Christian and Britz, Jochen and Brandherm, Boris",2014,,2,0.3,EvA,,,,,ASSISTED_LIVING,,,,,,,,,,,,,,,,,,,,,,,,,,,,,,,,,,,
svupy2em38l,1,panekLivingLabAmbient2008,A Living Lab for Ambient Assisted Living in the Municipality of Schwechat,"Panek, P. and Zagler, W. L.",2008,,18,1.4,,,,,,ASSISTED_LIVING,,,,,,,,,,,,,,,,,,,,,,,,,,,,,,,,,,,
syhb4kulxs,1,dasiosHandsexperiencesDeployingCosteffective2015,Hands-on Experiences in Deploying Cost-Effective Ambient-Assisted Living Systems,"Dasios, A and Gavalas, D and Pantziou, G and Konstantopoulos, C",2015,,32,5.8,,,,,,ASSISTED_LIVING,,,,,,,,,,,,,,,,,,,,,,,,,,,,,,,,,,,
sykxtgrixcd,1,zgheibFlexibleArchitectureCognitive2017,A Flexible Architecture for Cognitive Sensing of Activities in Ambient Assisted Living,"Zgheib, Rita and Nicola, Antonio De and Villani, Maria Luisa and Conchon, Emmanuel and Bastide, Remi",2017,,5,1.4,,,,,,ASSISTED_LIVING,,,,,,,,,,,,,,,,,,,,,,,,,,,,,,,,,,,
sz1pt46exo,1,mirlacherAmbientRabbitsLikeability2009,Ambient Rabbits Likeability of Embodied Ambient Displays,"Mirlacher, Thomas and Buchner, Roland and Förster, Florian and Weiss, Astrid and Tscheligi, Manfred",2009,,,0,Ambient Rabbits (Nabaztag),A Nabaztag smart rabbit used as an embodied ambient display showing a two-day weather forecast via colored LEDs and moving ears,YES,ADAIS,"EVAL,PROTOTYPE",INCREASE_AWARENESS,ENVIRONMENT,"WORKPLACE,SOCIAL",,,,,,,,,CONTINUOUS,USER_POLL,"VISUAL,POS",PUBLIC,MEDIUM,"LED,MOTOR",FAMILIAR,YES,32,WEEKS,IN_SITU,USERS,PROTOTYPE,"INTERVIEW,QUESTIONNAIRE",[NA],[NA],NONE,PRESENCE,PERIPHERAL_PLACEMENT,NO,NA,NO,,,
szkr6t0j8dl,1,millerADAPTAudienceDesign2009,ADAPT: Audience Design of Ambient Persuasive Technology,"Miller, Timothy M. and Rich, Patrick and Davis, Janet",2009,,21,1.8,Firefly Stairway,Wire firefly sculptures with green LEDs in a stairway that animate to encourage people to use the stairs over the elevator,YES,ADAIS,"PROTOTYPE,USECASE","INCREASE_AWARENESS,BEHAVIOURAL_CHANGE",RESOURCES,"EDUCATION,URBAN",,,,,,,,,USER,MAKE_AWARE,VISUAL,PUBLIC,MEDIUM,LED,ART,NO,37,WEEKS,IN_SITU,USERS,PROTOTYPE,"QUESTIONNAIRE,COMMENTS",[NA],"SUBJECTIVE,OBJECTIVE",NONE,"PRESENCE,PULL",CAMOUFLAGE,YES,NONE,NOT_MENTIONED,,,
t0ry5k2co3,1,wickramasingheRecognitionFallsUsing2017,Recognition of Falls Using Dense Sensing in an Ambient Assisted Living Environment,"Wickramasinghe, Asanga and Torres, Roberto Luis Shinmoto and Ranasinghe, Damith C.",2017,,26,7.4,,,,,,ASSISTED_LIVING,,,,,,,,,,,,,,,,,,,,,,,,,,,,,,,,,,,
t0tz2atzcer,1,omalleyDataMiningOffice2012,Data Mining Office Behavioural Information from Simple Sensors,"O'Malley, Samuel J. and Smith, Ross T. and Thomas, Bruce H.",2012,,5,0.6,Office Floor Plan Visualisation,Wall-mounted plasma screen showing an animated office floor plan with door and seat state changes,YES,"AS,ADAIS","PROTOTYPE,USECASE",INCREASE_AWARENESS,SOCIAL,WORKPLACE,,,,,,,,,CONTINUOUS,USER_POLL,VISUAL,GROUP,HIGH,SCREEN,ARTIFICIAL,NO,,,,,,,,,NONE,PRESENCE,,NO,NA,NOT_MENTIONED,,,
t2hmbts7fn9,1,kurschlModelingSituationawareAmbient2009,Modeling Situation-Aware Ambient Assisted Living Systems for Eldercare,"Kurschl, Werner and Mitsch, Stefan and Schoenboeck, Johannes",2009,,15,1.3,,,,,,ASSISTED_LIVING,,,,,,,,,,,,,,,,,,,,,,,,,,,,,,,,,,,
t30fnowdab7,1,christopoulouUsingOntologiesAddress2004,Using Ontologies to Address Key Issues in Ubiquitous Computing Systems,"Christopoulou, Eleni and Kameas, Achilles",2004,,16,1,,,,,,,,,,,,,,,,,,,,,,,,,,,,,,,,,,,,,,,,,
t3iua7xgyt,1,cornejoEnrichingFamilyPersonal2012,Enriching Family Personal Encounters with Ambient Social Media,"Cornejo, Raymundo and Tentori, Mónica and Favela, Jesús",2012,,4,0.5,,,,,,INCREASE_AWARENESS,SOCIAL,HOME,,,,,,,,,,,,FAMILY,,,,YES,,,,,,INTERVIEW,,,,,,,,,,,
t4lq6weryz,1,klucknerTwoActorsProviders2013,Two Actors: Providers and Consumers Inform the Design of an Ambient Energy Saving Display with Persuasive Strategies,"Kluckner, Patricia M and Weiss, Astrid and Sundström, Petra and Tscheligi, Manfred",2013,,8,1.1,FORE-Watch,An ambient persuasive energy display showing grid status/green power forecast and consumption feedback using a traffic light color system,YES,ADAIS,"ISSUES,PROTOTYPE","BEHAVIOURAL_CHANGE,INCREASE_AWARENESS",RESOURCES,HOME,,,,,,,,,CONTINUOUS,USER_POLL,VISUAL,HOUSEHOLD,HIGH,SCREEN,ASSOCIATED,YES,11,HOURS,IN_SITU,"USERS,EXPERTS",PRESENTATION,INTERVIEW,[NA],[NA],NONE,"PRESENCE,PULL",PERIPHERAL_PLACEMENT,NO,NA,NOT_MENTIONED,,,
t4m0fnecmkb,1,angelucciDesigningGlanceablePeripheral2009,Designing a Glanceable Peripheral Display for Severity-Based Multiple Alarm Notification,"Angelucci, Daniela and Di Paolo, Stefania and Tarantino, Laura",2009,,2,0.2,Untitled,,,,,,,,,,,,,,,,,,VISUAL,,,SCREEN,,NO,,,,,,,,,,,,,,,,,
t5buc29hpv,1,schmidtMobilePhonesTool2006,Mobile Phones as Tool to Increase Communication and Location Awareness of Users,"Schmidt, Albrecht and Holleis, Paul and Häkkilä, Jonna and Rukzio, Enrico and Atterer, Richard",2006,,8,0.6,Coloured Circles,"Phone screen saver where coloured circles represent time spent at locations, with circle size mapped to duration and current location highlighted",YES,ADAIS,"PROTOTYPE,USECASE",BEHAVIOURAL_CHANGE,OTHER,"HOME,WORKPLACE,TRANSPORT",,,,,,,,,CONTINUOUS,USER_POLL,VISUAL,PERSONAL,MEDIUM,SCREEN,ART,NO,20,HOURS,IN_PRESENTATION,USERS,PRESENTATION,"INTERVIEW,QUESTIONNAIRE",[NA],[NA],NONE,PRESENCE,CAMOUFLAGE,NO,NA,NOT_MENTIONED,,,
t5d234ujbra,1,acamporaInteroperableServicesBased2014,Interoperable Services Based on Activity Monitoring in Ambient Assisted Living Environments,"Acampora, Giovanni and Appiah, Kofi and Hunter, Andrew and Vitiello, Autilia",2014,,5,0.8,,,,AS,,ASSISTED_LIVING,,,,,,,,,,,,,,,,,,,,,,,,,,,,,,,,,,,
t5jrg5hyqip,1,segarraBuildingContextawareAmbient2009,Building a Context-Aware Ambient Assisted Living Application Using a Self-Adaptive Distributed Model,"Segarra, Maria Teresa and André, Françoise",2009,,18,1.6,,,,,,ASSISTED_LIVING,,,,,,,,,,,,,,,,,,,,,,,,,,,,,,,,,,,
t5v16ctyqn,1,vazquezDesignDimensionsAmbient2011,Design Dimensions of Ambient Information Systems to Assist Elderly with Their Activities of Daily Living,"Vazquez, Juan Pablo Garcia and Rodriguez, Marcela D and Andrade, Angel G",2011,,54,5.7,CARe-Me,A glanceable portrait displaying a virtual cage of birds whose behavior represents the elder's medication compliance over the last four weeks,YES,ADAIS,USECASE,"BEHAVIOURAL_CHANGE,ASSISTED_LIVING,INCREASE_AWARENESS",HEALTH,HOME,,,,,,,,,CONTINUOUS,USER_POLL,VISUAL,FAMILY,MEDIUM,SCREEN,FAMILIAR,YES,,,IN_SITU,,,"HEURISTIC_EVALUATION,INTERVIEW",,,PERIPHERAL_ATTENTION,PRESENCE,"CAMOUFLAGE,PERIPHERAL_PLACEMENT",NO,NA,NOT_MENTIONED,,,
t61d5u1hbc8,1,aartsNewEverydayViews2003,The New Everyday: Views on Ambient Intelligence,"Aarts, Emile and Marzano, Stefano",2003,,559,31.9,Untitled,"Screen reacts to ambient lighting and negotiates with lightning system to improve video quality, personalized color settings",YES,"UI,AMI",USECASE,UNSTATED,OTHER,HOME,,,,,,,,,,,VISUAL,,,,NA,NO,0,,,,,,,,NONE,,,NA,NA,NA,,,
t67i0oavh0r,1,rheeAmbientSurfaceEnhancing2013,Ambient Surface: Enhancing Interface Capabilities of Mobile Objects Aided by Ambient Environment,"Rhee, Taik Heon and Jung, Minkyu and Baek, Sungwook and Kim, Hyun-Jin and Kuk, Sungbin and Kang, Seonghoon and Kim, Hark-Joon",2013,,,0,Ambient Surface,,,,,,,,,,,,,,,,,,,,,,,NO,,,,,,,,,,,,,,,,,
t6cio4qda7,1,greenfieldEverywareDawningAge2010,Everyware: The Dawning Age of Ubiquitous Computing,"Greenfield, A",2010,,1485,141.4,,,,,,,,,,,,,,,,,,,,,,,,,,,,,,,,,,,,,,,,,
t6pcvc7a75q,1,droumevaExploringAmbientSound2007,Exploring Ambient Sound Techniques in the Design of Responsive Environments for Children,"Droumeva, Milena and Antle, Alissa and Wakkary, Ron",2007,,19,1.4,,,,,,,,,,,,,,,,,,,AUDIO,,,,,NO,,,,,,,,,,,,,,,,,
t7j5w1fretq,1,wadleyExploringAmbientTechnology2014,Exploring Ambient Technology for Connecting Hospitalised Children with School and Home,"Wadley, Greg and Vetere, Frank and Hopkins, Liza and Green, Julie and Kulik, Lars",2014,,29,4.5,,,,,,,HEALTH,"HOME,MEDICAL,EDUCATION",,,,,,,,,,,,,,,,NO,,,,,,,,,,,,,,,,,
t7u00ce1s1r,1,choiReSpireSelfawarenessInterpersonal2019,reSpire: Self-awareness and Interpersonal Connectedness through Shape-changing Fabric Display,"Choi, Kyung Yun and Sumini, Valentina and Ishii, Hiroshi",2019,,4,2.7,reSpire,,,,,"BEHAVIOURAL_CHANGE,INCREASE_AWARENESS","HEALTH,SOCIAL",,,,,,,,,,,,,,,,,NO,,,,,,,,,,,,,,,,,
t84ah8jurpk,1,massimiExploratoryCaseStudy2008,An Exploratory Case Study of the Impact of Ambient Biographical Displays on Identity in a Patient with Alzheimer's Disease,"Massimi, Michael and Berry, Emma and Browne, Georgina and Smyth, Gavin and Watson, Peter and Baecker, Ronald M.",2008,,66,5.3,Biography Theatre,"An always-on in-home touch-screen display that cycles through music, photographs, movies, and narratives from a patient's life history",YES,ADAIS,"PROTOTYPE,EVAL,USECASE","ASSISTED_LIVING,OTHER",HEALTH,"MEDICAL,WORKPLACE,HOME",,,,,,,,,CONTINUOUS,USER_POLL,VISUAL,FAMILY,HIGH,SCREEN,FAMILIAR,YES,4,WEEKS,IN_SITU,USERS,PROTOTYPE,"INTERVIEW,QUESTIONNAIRE",[NA],"SUBJECTIVE,OBJECTIVE",MEMORY_OTHER,"PRESENCE,PULL",CAMOUFLAGE,NO,NA,NOT_MENTIONED,,,
t97wvc3y8vq,2,williamson2007devices,Devices as Interactive Physical Containers: The Shoogle System,"Williamson, John and Murray-Smith, Roderick and Hughes, Stephen",2007,,7,0.5,Shoogle: Liquid battery life,Haptics,,,PROTOTYPE,,,,,,,,,,,,,,,,,,,NO,,,,,,,,,,,,,,,,,
t98wmkv4lh,1,bygholmLivingChallengeAmbient2015,The Living Challenge of Ambient Assisted Living-a Literature Review,"Bygholm, A and Kanstrup, AM",2015,,11,2,,,,,,ASSISTED_LIVING,,,,,,,,,,,,,,,,,,,,,,,,,,,,,,,,,,,
tawbynoqor,1,wirtzOpportunisticInteractionChallenged2014,Opportunistic Interaction in the Challenged Internet of Things,"Wirtz, Hanno and Rüth, Jan and Serror, Martin and Bitsch Link, Jó Ágila and Wehrle, Klaus",2014,,37,5.7,,,,IOT,,INCREASE_AWARENESS,RESOURCES,,,,,,,,,,,,,,,,,YES,,,,,,,,,,,,,,,,,
tawrmj7tnpc,1,calvaresiUsingVirtualEnvironment2015,Using a Virtual Environment to Test a Mobile App for the Ambient Assisted Living.,"Calvaresi, P and Dragoni, AF and Pierdicca, M",2015,,2,0.4,,,,,,ASSISTED_LIVING,,,,,,,,,,,,,,,,,,,,,,,,,,,,,,,,,,,
tay0zn9uys9,1,bornerEnergyAwarenessDisplays2012,Energy Awareness Displays: Motivating Conservation at the Workplace through Feedback,"Börner, Dirk and Storm, Jeroen and Kalz, Marco and Specht, Marcus",2012,,12,1.4,Energy Awareness Displays,Mobile and web/desktop applications that visualise workplace energy consumption data with colour-coded indicators to provide situated feedback,YES,ADAIS,PROTOTYPE,INCREASE_AWARENESS,RESOURCES,WORKPLACE,,,,,,,,,USER,USER_POLL,VISUAL,GROUP,HIGH,SCREEN,ARTIFICIAL,YES,279,,"IN_SITU,IN_PRESENTATION",USERS,PROTOTYPE,"QUESTIONNAIRE,COMMENTS,USAGE_STATISTIC",[NA],"SUBJECTIVE,OBJECTIVE",NONE,PULL,PERIPHERAL_PLACEMENT,NO,NA,NOT_MENTIONED,,,
tcs9uus2myi,1,queirosAmbientAssistedLiving2012,"Ambient Assisted Living Technologies, Systems and Services: A Systematic Literature Review","Queirós, A and Silva, AG and Alvarelhão, J",2012,,9,1.1,,,,,,ASSISTED_LIVING,,,,,,,,,,,,,,,,,,,,,,,,,,,,,,,,,,,
tdarjfm5g4,1,meersmanOpenInnovationHealth2012,Open Innovation in Health Service Value Networks: A Methodology for the Innovation of Ambient Assisted Living Platforms and Services,"Meersman, Davor and Leenheer, Pieter De",2012,,5,0.6,,,,,,ASSISTED_LIVING,,,,,,,,,,,,,,,,,,,,,,,,,,,,,,,,,,,
tdqz0rgq4z,1,steinkeTrustAmbientAssisted2012,Trust in Ambient Assisted Living (AAL)-a Systematic Review of Trust in Automation and Assistance Systems,"Steinke, F and Fritsch, T and Silbermann, L",2012,,14,1.6,,,,,,ASSISTED_LIVING,,,,,,,,,,,,,,,,,,,,,,,,,,,,,,,,,,,
tghxq8e6v2,1,yilmazAmbientAssistedLiving2019,An Ambient Assisted Living System for Dementia Patients,"YILMAZ, Özgün",2019,,2,1.3,,,,,,ASSISTED_LIVING,,,,,,,,,,,,,,,,,,,,,,,,,,,,,,,,,,,
tho51wgepzd,1,silvaAmbientAssistedLiving2014,An Ambient Assisted Living Framework for Mobile Environments,"Silva, Bruno M. C. and Rodrigues, Joel J. P. C. and Simoes, Tiago M. C. and Sendra, Sandra and Lloret, Jaime",2014,,16,2.5,,,,,,ASSISTED_LIVING,,,,,,,,,,,,,,,,,,,,,,,,,,,,,,,,,,,
tjafmyr111d,1,hincapie-ramosSharingAvailabilityInformation2011,Sharing Availability Information with InterruptMe,"Hincapié-Ramos, Juan David and Voida, Stephen and Mark, Gloria",2011,,7,0.7,InterruptMe,"A projected peripheral display that shows colleagues' availability per communication medium using color and gray-scale icons, triggered by sensors and implicit user interaction",YES,ADAIS,"PROTOTYPE,USECASE","INCREASE_AWARENESS,AID_IN_ACTIVITY",SOCIAL,WORKPLACE,,,,,,,,,USER,USER_POLL,VISUAL,PERSONAL,MEDIUM,SCREEN,ARTIFICIAL,NO,,,,,,,,,NONE,PULL,"INVISIBILITY,PERIPHERAL_PLACEMENT",YES,NONE,NOT_MENTIONED,,,
tkprgyleph,1,kuceraCalmDisplaysMatching2017,Towards Calm Displays: Matching Ambient Illumination in Bedrooms,"Kučera, Jan and Scott, James and Chen, Nicholas and Olivier, Patrick and Hodges, Steve",2017,,6,1.7,Calm Display,An LCD tablet display that adjusts backlight intensity and gamma correction to match ambient illumination so it appears like reflective paper,YES,ADAIS,"DEV,PROTOTYPE,EVAL",OTHER,OTHER,HOME,,,,,,,,,CONTINUOUS,USER_POLL,VISUAL,PERSONAL,HIGH,SCREEN,FAMILIAR,YES,12,WEEKS,IN_SITU,USERS,PROTOTYPE,INTERVIEW,[NA],OBJECTIVE,NONE,PRESENCE,"MIMICRY,PERIPHERAL_PLACEMENT",YES,OTHER,NO,,,
tl4dvuyn1p7,1,jungLocationAdaptiveHumanCenteredAudio2007,A Location-Adaptive Human-Centered Audio Email Notification Service for Multi-user Environments,"Jung, Ralf and Schwartz, Tim",2007,,4,0.3,Ambient Email Notification Service,A location-adaptive audio system that mixes a personalized non-speech notification instrument into background music played through ceiling speakers nearest the user to discreetly notify them of important emails,YES,ADAIS,"PROTOTYPE,USECASE,EVAL",NOTIFICATION,EVENTS,WORKPLACE,,,,,,,,,EVENT,MAKE_AWARE,AUDIO,PERSONAL,LOW,SPEAKER,NA,YES,25,HOURS,IN_LAB,USERS,PROTOTYPE,QUESTIONNAIRE,DUAL_TASK,[NA],"PERIPHERAL_ATTENTION,SALIENCE",PUSH,"PERIPHERAL_PLACEMENT,MIMICRY",YES,NONE,NOT_MENTIONED,,,
tl59nw9k6y,1,rogersAmbientInfluenceCan2010,Ambient Influence: Can Twinkly Lights Lure and Abstract Representations Trigger Behavioral Change?,"Rogers, Yvonne and Hazlewood, William R. and Marshall, Paul and Dalton, Nick and Hertrich, Susanna",2010,,169,16.1,The History,Large screen that showed pie charts about stairs vs elevator usage,YES,ADAIS,"PROTOTYPE,EVAL,USECASE",BEHAVIOURAL_CHANGE,HEALTH,WORKPLACE,,,,,,,,,CONTINUOUS,USER_POLL,VISUAL,PUBLIC,HIGH,SCREEN,ARTIFICIAL,YES,149,WEEKS,IN_SITU,USERS,PROTOTYPE,INTERVIEW,[NA],"SUBJECTIVE,OBJECTIVE",AWARENESS_CONSCIOUSNESS,PRESENCE,PERIPHERAL_PLACEMENT,NO,NA,NOT_MENTIONED,,,
tlfqfsmg08n,1,botiaAmbientAssistedLiving2012,Ambient Assisted Living System for In-Home Monitoring of Healthy Independent Elders,"Botia, JA and Villa, A and Palma, J",2012,,146,17.2,,,,AS,,ASSISTED_LIVING,,,,,,,,,,,,,,,,,,,,,,,,,,,,,,,,,,,
tm523l8jhpa,1,dunnePillowArtistdesignersDigital1997,The Pillow: Artist-designers in the Digital Age,"Dunne, Anthony and Gaver, William W",1997,,54,2.3,The Pillow,A treated LCD screen in a translucent plastic block surrounded by an inflatable pillow that shows changing colored patterns in response to ambient electromagnetic radiation,YES,ADAIS,"CONCEPT,PROTOTYPE,ISSUES","INCREASE_AWARENESS,OTHER","ENVIRONMENT,OTHER",HOME,,,,,,,,,CONTINUOUS,CHANGE_BLIND,VISUAL,HOUSEHOLD,MEDIUM,SCREEN,"ART,FAMILIAR",NO,1,HOURS,IN_PRESENTATION,USERS,PROTOTYPE,INTERVIEW,[NA],[NA],NONE,PRESENCE,CAMOUFLAGE,YES,NONE,NOT_MENTIONED,,,
tn0ouc2mclf,1,bastakiApplicationHierarchicalTemporal2019,Application of Hierarchical Temporal Memory to Anomaly Detection of Vital Signs for Ambient Assisted Living,"Bastaki, BB",2019,,1,0.7,,,,,,ASSISTED_LIVING,,,,,,,,,,,,,,,,,,,,,,,,,,,,,,,,,,,
tnk4rspeekq,1,yooHappyFitTimeawareVisualization2017,HappyFit: Time-aware Visualization for Daily Physical Activity and Virtual Reality Games,"Yoo, Soojeong and Xue, Lichen and Kay, Judy",2017,,1,0.3,HappyFit,Visualize individual heartrate and step count through abstract art,YES,ADAIS,"PROTOTYPE,USECASE","INCREASE_AWARENESS,BEHAVIOURAL_CHANGE",HEALTH,"EXERCISE,HOME",,,,,,,,,CONTINUOUS,USER_POLL,VISUAL,PERSONAL,HIGH,SCREEN,ART,NO,,,,,,,,,NONE,"PULL,PRESENCE",CAMOUFLAGE,NO,NA,NOT_MENTIONED,,,
tobg6l2f17b,1,garcia-magarinoOntologicalAgentorientedModeling2013,An Ontological and Agent-Oriented Modeling Approach for the Specification of Intelligent Ambient Assisted Living Systems for Parkinson Patients,"García-Magariño, Iván and Gómez-Sanz, Jorge J.",2013,,11,1.5,,,,,,ASSISTED_LIVING,,,,,,,,,,,,,,,,,,,,,,,,,,,,,,,,,,,
toemeq61u4,1,yangZenGardenInterface2015,A Zen Garden Interface for the Interactive Control of Sonic Ambiences in Smart Environment,"Yang, Jiajun and Hermann, Thomas",2015,,1,0.2,SoZen,A miniature Zen Garden interface where arrangements of stones and sand patterns are captured by a webcam and mapped to generate ambient soundscapes,YES,"UI,ADAIS","CONCEPT,PROTOTYPE",OTHER,OTHER,HOME,,,,,,,,,USER,,AUDIO,GROUP,HIGH,SPEAKER,"ART,FAMILIAR",NO,,,,,,,,,NONE,PRESENCE,CAMOUFLAGE,YES,NONE,NOT_MENTIONED,,,
tpweyri1w1c,1,ganchevEnhancedLivingEnvironments2019,"Enhanced Living Environments: Algorithms, Architectures, Platforms, and Systems",,2019,,8,5.3,,,,,,ASSISTED_LIVING,HEALTH,MEDICAL,,,,,,,,,,,,,,,,YES,,,,,,,,,,,,,,,,,
tq1dienodyk,1,tanInfocockpitProvidingLocation2001,The Infocockpit: Providing Location and Place to Aid Human Memory,"Tan, Desney S. and Stefanucci, Jeanine K. and Proffitt, Dennis R. and Pausch, Randy",2001,,91,4.7,Infocockpit,Multiple monitors surrounding the user plus ambient projected panoramic visuals and surround audio to provide location and place cues that aid memory,YES,ADAIS,PROTOTYPE,AID_IN_ACTIVITY,OTHER,WORKPLACE,,,,,,,,,CONTINUOUS,,"VISUAL,AUDIO",PERSONAL,HIGH,SCREEN,ARTIFICIAL,YES,24,DAYS,IN_LAB,USERS,PROTOTYPE,TASK_PERFORMANCE,[NA],[NA],"SPATIAL_OBJECT_BINDING,MEMORY_OTHER",PRESENCE,PERIPHERAL_PLACEMENT,YES,NONE,NOT_MENTIONED,,,
trplqjz057,1,insuaMeaningMakersUser2009,Meaning Makers: User Generated Ambient Presence,"Insua, GL and Bennett, M and Nixon, P and Coyle, L",2009,,,0,,,,ADAIS,,,,,,,,,,,,,,,VISUAL,,,,,,,,,,,,,,,,,,,,,,
trxh84xas0c,1,kleinNonintrusiveInformationSources2015,Non-Intrusive Information Sources for Activity Analysis in Ambient Assisted Living Scenarios,"Klein, P",2015,,4,0.7,,,,,,ASSISTED_LIVING,,,,,,,,,,,,,,,,,,,,,,,,,,,,,,,,,,,
tsrs2l8gkl,1,lundAmbientDisplaysConventions2007,Ambient Displays beyond Conventions,"Lund, Andreas and Wiberg, Mikael",2007,,11,0.8,One Pixel Display,A single bright LED in a pot covered with translucent stones that varies brightness to unobtrusively convey information such as incoming email importance,YES,ADAIS,"CONCEPT,PROTOTYPE,ISSUES","INCREASE_AWARENESS,NOTIFICATION","EVENTS,OTHER",WORKPLACE,,,,,,,,,EVENT,MAKE_AWARE,VISUAL,PERSONAL,MEDIUM,LED,ART,NO,,,,,,,,,NONE,"PUSH,PRESENCE","INVISIBILITY,CAMOUFLAGE",YES,NONE,NOT_MENTIONED,,,
ttqeijbyi6b,1,shenUsingMoneyTreeRepresent2004,Using MoneyTree To Represent Financial Data,"Shen, Xiaobin and Eades, Peter",2004,,7,0.4,MoneyTree,Ambient visualization using tree images on a display to represent real-time stock price and trade volume,YES,ADAIS,"PROTOTYPE,USECASE",INCREASE_AWARENESS,OTHER,WORKPLACE,,,,,,,,,CONTINUOUS,CHANGE_BLIND,VISUAL,PUBLIC,MEDIUM,SCREEN,"ART,ASSOCIATED",NO,,,,,,,,,NONE,PRESENCE,CAMOUFLAGE,NO,NA,NOT_MENTIONED,,,
ttyc1sa9je,1,satohPhysicalMobilityLogical2002,Physical Mobility and Logical Mobility in Ubiquitous Computing Environments,"Satoh, I",2002,,45,2.4,,,,,,,,,,,,,,,,,,,,,,,,,,,,,,,,,,,,,,,,,
tud929j45v,1,bravoAmbientAssistedLiving2011,"Ambient Assisted Living: Third International Workshop, IWAAL 2011, Held at IWANN 2011, Torremolinos-Málaga, Spain, June 8-10, 2011, Proceedings","Bravo, J and Hervás, R and Villarreal, V",2011,,2,0.2,,,,,,ASSISTED_LIVING,,,,,,,,,,,,,,,,,,,,,,,,,,,,,,,,,,,
tuddldcsd2f,1,yordanovaHumanBehaviourModelling2011,Human Behaviour Modelling Approach for Intention Recognition in Ambient Assisted Living,"Yordanova, K",2011,,2,0.2,,,,,,ASSISTED_LIVING,,,,,,,,,,,,,,,,,,,,,,,,,,,,,,,,,,,
tuxg39dbuzh,1,helaouiStatisticalrelationalActivityRecognition2010,A Statistical-Relational Activity Recognition Framework for Ambient Assisted Living Systems,"Helaoui, Rim and Niepert, Mathias and Stuckenschmidt, Heiner",2010,,21,2,,,,,,ASSISTED_LIVING,,,,,,,,,,,,,,,,,,,,,,,,,,,,,,,,,,,
tvdp4q7njdi,1,rooInnerGardenAugmented2016,Inner Garden: An Augmented Sandbox Designed for Self-Reflection,"Roo, Joan Sol and Gervais, Renaud and Hachet, Martin",2016,,24,5.3,Inner Garden,"Sandbox with projected island/eco topology, physiological properties (eeg, breathing) mapped to stress level, mapped to ecohealth, e.g. Less sunlight, water, activity. Frustration mapped to weather conditions high frustration  causes storm, high mediation makes grass and trees grow faster",YES,ADAIS,PROTOTYPE,"INCREASE_AWARENESS,BEHAVIOURAL_CHANGE",HEALTH,"WORKPLACE,HOME",,,,,,,,,CONTINUOUS,MAKE_AWARE,VISUAL,"PERSONAL,GROUP,FAMILY",HIGH,PROJECTION,"ART,ASSOCIATED",NO,,,,,,,,,NONE,PRESENCE,"PERIPHERAL_PLACEMENT,MIMICRY",YES,NONE,NOT_MENTIONED,,,
tvwhn0wr5j,1,hemmert2008ambient,Ambient Life: Calm and Excited Pulsation as a Means of Life-like Permanent Tactile Status Display in Mobile Phones,"Hemmert, Fabian and Joost, Gesche",2008,,8,0.6,Ambient Life,Inflate casing,YES,ADAIS,PROTOTYPE,"NOTIFICATION,INCREASE_AWARENESS",EVENTS,WORKPLACE,,,,,,,,,CONTINUOUS,MAKE_AWARE,HAPTIC,PERSONAL,LOW,MOTOR,ARTIFICIAL,YES,7,DAYS,IN_SITU,USERS,REDUCED_PROTOTYPE,INTERVIEW,[NA],SUBJECTIVE,NONE,"PRESENCE,PUSH","PERIPHERAL_PLACEMENT,MIMICRY,AUGMENTATION",YES,"POWER,NOISE",NOT_MENTIONED,,,
twqq3ky53ib,1,mullerAmbiXDesigningAmbient2012,AmbiX: Designing Ambient Light Information Displays,"Müller, Heiko and Fortmann, Jutta and Hesselmann, Tobias and Heuten, Wilko and Henze, Niels and Boll, Susanne",2012,,28,3.3,AmbiX,"A collection of six ambient light information displays presenting information in the user's periphery across household, office, mobile and social contexts",YES,ADAIS,"PROTOTYPE,USECASE,ISSUES",INCREASE_AWARENESS,"RESOURCES,HEALTH","HOME,WORKPLACE,TRANSPORT,SOCIAL",,,,,,,,,CONTINUOUS,MAKE_AWARE,VISUAL,"PERSONAL,GROUP,HOUSEHOLD",MEDIUM,"LED,SCREEN","FAMILIAR,ARTIFICIAL",YES,26,WEEKS,"IN_LAB,IN_SITU",USERS,PROTOTYPE,"QUESTIONNAIRE,OBSERVATION,TASK_PERFORMANCE,USAGE_STATISTIC",[NA],[NA],NONE,PRESENCE,"PERIPHERAL_PLACEMENT,AUGMENTATION",YES,OTHER,NOT_MENTIONED,,,
tx0fr9xs1bb,1,toneloPerceptionRoboticAmbient2014,Perception for Robotic Ambient Assisted Living Services,"Tonelo, CMP",2014,,1,0.2,,,,,,ASSISTED_LIVING,,,,,,,,,,,,,,,,,,,,,,,,,,,,,,,,,,,
txr514k2l7b,1,ausinMeasurementSemanticReasoners2012,On the Measurement of Semantic Reasoners in Ambient Assisted Living Environments,"Ausín, D and Castanedo, F",2012,,4,0.5,,,,,,ASSISTED_LIVING,,,,,,,,,,,,,,,,,,,,,,,,,,,,,,,,,,,
ty2ypyvt00l,1,al-shaqiProgressAmbientAssisted2016,Progress in Ambient Assisted Systems for Independent Living by the Elderly,"Al-Shaqi, Riyad and Mourshed, Monjur and Rezgui, Yacine",2016,,83,18.4,,,,,,ASSISTED_LIVING,HEALTH,MEDICAL,,,,,,,,,,,,,,,,NO,,,,,,,,,,,,,,,,,
tyitf9d7tqm,1,bauerShutEyeEncouragingAwareness2012,"ShutEye: Encouraging Awareness of Healthy Sleep Recommendations with a Mobile, Peripheral Display","Bauer, Jared and Consolvo, Sunny and Greenstein, Benjamin and Schooler, Jonathan and Wu, Eric and Watson, Nathaniel F and Kientz, Julie",2012,,123,14.5,ShutEye,A mobile phone wallpaper peripheral display showing a timeline of activities that impact sleep relative to bed/wake times,YES,ADAIS,"PROTOTYPE,EVAL,USECASE",INCREASE_AWARENESS,HEALTH,"HOME,WORKPLACE,OTHER",,,,,,,,,CONTINUOUS,USER_POLL,VISUAL,PERSONAL,HIGH,SCREEN,ARTIFICIAL,NO,12,WEEKS,"IN_SITU,IN_LAB",USERS,PROTOTYPE,"QUESTIONNAIRE,INTERVIEW",[NA],SUBJECTIVE,NONE,"PRESENCE,PULL","PERIPHERAL_PLACEMENT,AUGMENTATION",NO,NA,NOT_MENTIONED,,,
tykao4y2ooq,1,ostendorpAmbientProgressBar2013,Ambient Progress Bar – Relaxed and Efficient Work in Waiting Periods,"Ostendorp, Marie-Christin and Harre, Andreas and Jacob, Sebastian and Müller, Heiko and Heuten, Wilko and Boll, Susanne",2013,,3,0.4,Ambient Progress Bar,RGB-LED strip attached to the back of a monitor showing the progress of a running subtask via a colour gradient in the periphery,YES,ADAIS,"PROTOTYPE,EVAL,USECASE","INCREASE_AWARENESS,AID_IN_ACTIVITY",EVENTS,WORKPLACE,,,,,,,,,EVENT,MAKE_AWARE,VISUAL,PERSONAL,MEDIUM,LED,ARTIFICIAL,YES,8,HOURS,IN_LAB,USERS,PROTOTYPE,"INTERVIEW,OBSERVATION,TASK_PERFORMANCE",[NA],OBJECTIVE,PERIPHERAL_ATTENTION,PRESENCE,PERIPHERAL_PLACEMENT,YES,NONE,NOT_MENTIONED,,,
tykdhh2coko,1,dunkelEventbasedSmartphoneSensor2013,Event-Based Smartphone Sensor Processing for Ambient Assisted Living,"Dunkel, Jurgen and Bruns, Ralf and Stipkovic, Sebastian",2013,,29,3.9,,,,AS,,ASSISTED_LIVING,,,,,,,,,,,,,,,,,,,,,,,,,,,,,,,,,,,
tz1i96bpslr,1,murnaneDesigningAmbientNarrativeBased2020,Designing Ambient Narrative-Based Interfaces to Reflect and Motivate Physical Activity,"Murnane, Elizabeth L. and Jiang, Xin and Kong, Anna and Park, Michelle and Shi, Weili and Soohoo, Connor and Vink, Luke and Xia, Iris and Yu, Xin and Yang-Sammataro, John and Young, Grace and Zhi, Jenny and Moya, Paula and Landay, James A.",2020,,,0,,,,,,BEHAVIOURAL_CHANGE,HEALTH,,,,,,,,,,,,,,,,,YES,,,IN_SITU,,,INTERVIEW,,,,,,,,,,,
u064kek3hb,1,palumboGPmMobileMiddleware2014,GP-m: Mobile Middleware Infrastructure for Ambient Assisted Living,"Palumbo, Filippo and Rosa, Davide La and Chessa, Stefano",2014,,20,3.1,GP-m,,,,,ASSISTED_LIVING,,,,,,,,,,,,,,,,,,,,,,,,,,,,,,,,,,,
u0ic4skpoz,1,carbonellAmbientMultimodalityAdvancing2006,Ambient Multimodality: Towards Advancing Computer Accessibility and Assisted Living,"Carbonell, N",2006,,38,2.6,,,,,,ASSISTED_LIVING,,,,,,,,,,,,,,,,,,,,,,,,,,,,,,,,,,,
u1voz1azypk,1,garcia-magarinoModeldrivenApproachConstructing2016,A Model-Driven Approach for Constructing Ambient Assisted-Living Multi-Agent Systems Customized for Parkinson Patients,"García-Magariño, I and Palacios-Navarro, G",2016,,9,2,,,,,,ASSISTED_LIVING,,,,,,,,,,,,,,,,,,,,,,,,,,,,,,,,,,,
u22duchhui9,1,visellTouchEverywhereFloor2009,Touch Is Everywhere: Floor Surfaces as Ambient Haptic Interfaces,"Visell, Y. and Law, A. and Cooperstock, J.R.",2009,,89,7.7,,,YES,TUI,USECASE,,,WORKPLACE,,,,,,,,,,,HAPTIC,,,,,YES,,,,,,"INTERVIEW,QUESTIONNAIRE",,,,,,,,,,,
u2hz0ty58st,1,zhaoWhatsHappeningPromoting2002,"What's Happening?: Promoting Community Awareness through Opportunistic, Peripheral Interfaces","Zhao, Qiang Alex and Stasko, John T.",2002,,58,3.1,What's Happening: Communication-Bar,A small corner-of-the-desktop interface that cycles through blurbs of local community and general interest information,YES,ADAIS,"PROTOTYPE,USECASE,DEV",INCREASE_AWARENESS,"SOCIAL,EVENTS,ENVIRONMENT","WORKPLACE,EDUCATION,SOCIAL",,,,,,,,,CONTINUOUS,USER_POLL,VISUAL,PERSONAL,HIGH,SCREEN,ARTIFICIAL,NO,69,MONTHS,IN_SITU,USERS,PROTOTYPE,"QUESTIONNAIRE,COMMENTS,OBSERVATION",[NA],SUBJECTIVE,NONE,"PRESENCE,PULL",PERIPHERAL_PLACEMENT,NO,NA,NOT_MENTIONED,,,
u2th73i4wpq,1,ferryWCompMiddlewareUbiquitous2012,"WComp, Middleware for Ubiquitous Computing and System Focused Adaptation","Ferry, Nicolas and Hourdin, Vincent and Lavirotte, Stéphane and Rey, Gaëtan and Tigli, Jean-Yves",2012,,13,1.5,,,,,,,,,,,,,,,,,,,,,,,,,,,,,,,,,,,,,,,,,
u6lr7mjtadf,1,kimuraExtractingKeyFactors2008,Extracting Key Factors to Design Applications in Ambient Intelligence Environment,"Kimura, Hiroaki and Nakajima, Tatsuo",2008,,4,0.3,Virtual Aquarium,A bathroom mirror turned into a simulated aquarium where fish thrive or sicken based on the user's toothbrushing behaviour,YES,"AMI,ADAIS","PROTOTYPE,USECASE,EVAL","BEHAVIOURAL_CHANGE,AID_IN_ACTIVITY",HEALTH,HOME,,,,,,,,,USER,MAKE_AWARE,VISUAL,PERSONAL,MEDIUM,SCREEN,FAMILIAR,YES,7,WEEKS,IN_SITU,USERS,PROTOTYPE,"INTERVIEW,QUESTIONNAIRE",[NA],OBJECTIVE,NONE,PRESENCE,AUGMENTATION,YES,NONE,NOT_MENTIONED,,,
u73gqlutjz,1,pielotPeripheralVibrotactileDisplays2013,Peripheral Vibro-Tactile Displays,"Pielot, Martin and de Oliveira, Rodrigo",2013,,24,3.2,Untitled,,,,,,HEALTH,,,,,,,,,,,,HAPTIC,,,,,YES,,,IN_SITU,,,"INTERVIEW,QUESTIONNAIRE",,,,,,,,,,,
u7qdp8givdg,1,sketchTaxonomyInformationRepresentations,A Taxonomy of Information Representations and Their Effectiveness in Ambient Displays,"Sketch, AD and Rohrbach, S",,,,0,Taxonomy of Information Representations for Ambient Displays,A design taxonomy and set of design variables/principles for representing information effectively in ambient and peripheral displays,NO,ADAIS,DEFTAX,"INCREASE_AWARENESS,NOTIFICATION",OTHER,"MEDICAL,WORKPLACE",,,,,,,,,,MAKE_AWARE,"VISUAL,AUDIO",,,,NA,NO,,,,,,,,,"PERIPHERAL_ATTENTION,COGNITIVE_LOAD,SALIENCE",,,NA,NA,NA,,,
u8hw7haua7n,1,camarinha-matosIntegratedCareServices2013,Integrated Care Services in Ambient Assisted Living,"Camarinha-Matos, Luis M. and Ferrada, Filipa and Oliveira, A. Ines and Rosas, Joao and Monteiro, Jorge N.",2013,,14,1.9,,,,,,ASSISTED_LIVING,,,,,,,,,,,,,,,,,,,,,,,,,,,,,,,,,,,
u8px3udx1mo,1,villarrealArchitectureDevelopmentAmbient2011,An Architecture for Development of Ambient Assisted Living Applications: A Case Study in Diabetes,"Villarreal, V and Fontecha, J and Hervas, R and Bravo, J",2011,,1,0.1,,,,,,ASSISTED_LIVING,,,,,,,,,,,,,,,,,,,,,,,,,,,,,,,,,,,
u8y36u9ai0q,1,lockenShouldStayShould2014,"Should I Stay or Should I Go?"": Different Designs to Support Drivers' Decision Making","Löcken, Andreas and Müller, Heiko and Heuten, Wilko and Boll, Susanne",2014,,13,2,Lumicons,Increase car safety: When is it safe to overtake,YES,ADAIS,"PROTOTYPE,USECASE","AID_IN_ACTIVITY,NOTIFICATION,INCREASE_AWARENESS",SAFETY,TRANSPORT,,,,,,,,,CONTINUOUS,MAKE_AWARE,VISUAL,PERSONAL,MEDIUM,LED,ARTIFICIAL,NO,5,HOURS,IN_LAB,USERS,PROTOTYPE,"COMMENTS,OBSERVATION",[NA],[NA],NONE,"PRESENCE,PUSH",PERIPHERAL_PLACEMENT,YES,NONE,NOT_MENTIONED,,,
u9pdjglh3ze,1,dadlaniIntertwiningImplicitExplicit2009,Intertwining Implicit and Explicit Awareness of Wellbeing to Support Peace of Mind and Connectedness,"Dadlani, Pavan and Markopoulos, Panos and Aarts, Emile",2009,,6,0.5,Aurama,,,,,INCREASE_AWARENESS,"HEALTH,SOCIAL",,,,,,,,,,,,,,,,,YES,,,,,,"INTERVIEW,QUESTIONNAIRE",,,,,,,,,,,
u9zj84bk9v,1,kunnappillyWeNeedIntegrated2016,Do We Need an Integrated Framework for Ambient Assisted Living?,"Kunnappilly, Ashalatha and Seceleanu, Cristina and Lindén, Maria",2016,,9,2,,,,,,ASSISTED_LIVING,,,,,,,,,,,,,,,,,,,,,,,,,,,,,,,,,,,
uacp64eopws,1,mullerUserRequirementsAmbient2008,User Requirements for Ambient Assisted Living: Results of the Soprano Project,"Müller, S. and Sixsmith, A.J.",2008,,1,0.1,,,,,,ASSISTED_LIVING,,,,,,,,,,,,,,,,,,,,,,,,,,,,,,,,,,,
uazgfd01rsj,1,dangZenTraderEmotionReactiveInterface2011,"ZenTrader, an Emotion-Reactive Interface","Dang, Thomas Luan and Liu, Steven Kun and Fels, Sidney",2011,,,0,ZenTrader,,,,,,HEALTH,,,,,,,,,,,,,,,,,YES,,,,,,,,,,,,,,,,,
ublv8wi0x3h,1,weiserHotTopicsubiquitousComputing1993,Hot Topics-Ubiquitous Computing,"Weiser, M.",1993,,1790,65.1,,,,,,,,,,,,,,,,,,,,,,,,,,,,,,,,,,,,,,,,,
ud1advsu7re,1,nevesMotivatingHealthyWater2016,"Motivating Healthy Water Intake through Prompting, Historical Information, and Implicit Feedback","Neves, Davide and Costa, Donovan and Oliveira, Marcio and Jardim, Ruben and Gouveia, Ruben and Karapanos, Evangelos",2016,,2,0.4,Hydroprompt,Encourage drinking water,,,PROTOTYPE,"INCREASE_AWARENESS,BEHAVIOURAL_CHANGE","RESOURCES,HEALTH","WORKPLACE,HOME",,,,,,,,,,,,,,,,YES,,,,,,INTERVIEW,,,,,,,,,,,
ueoj4pbf1op,1,nakajimaDesigningPersuasiveAmbient2011,Designing Persuasive Ambient Mirrors to Motivate Desirable Lifestyle.,"Nakajima, Tatsuo",2011,,,0,Mona Lisa Bookshelf,A flat display near a bookshelf showing a Mona Lisa image that distorts or ages based on how books are arranged and used.,YES,ADAIS,"PROTOTYPE,USECASE,ISSUES",BEHAVIOURAL_CHANGE,"ENVIRONMENT,HEALTH",HOME,YES,Organization of Bookshelf,LOCAL,Distortion and age of Mona Lisa picture,,,,,USER,CHANGE_BLIND,VISUAL,GROUP,HIGH,SCREEN,ART,NO,,,IN_SITU,USERS,PROTOTYPE,COMMENTS,[NA],SUBJECTIVE,NONE,PRESENCE,CAMOUFLAGE,YES,FAILURE,NOT_MENTIONED,,,
uf8w663m41p,1,sheikhAutomaticDetectionSpoon2015,Automatic Detection of Spoon in Ambient Assisted Living Using RGBD Camera,"Sheikh, Ahsan Raza and Chang, Yoong Choon",2015,,4,0.7,,,,,,ASSISTED_LIVING,,,,,,,,,,,,,,,,,,,,,,,,,,,,,,,,,,,
ugjvyl7pnx,1,bamidisSynergySocialHealth2010,Synergy between Social and Health Services under an Ambient Assisted Living Environment for the Elderly,"Bamidis, P and Alborg, M and Moumtzi, V",2010,,2,0.2,,,,,,ASSISTED_LIVING,,,,,,,,,,,,,,,,,,,,,,,,,,,,,,,,,,,
uhb92vpyi4f,1,khooLuminaSoftKinetic2013,Lumina: A Soft Kinetic Material for Morphing Architectural Skins and Organic User Interfaces,"Khoo, Chin Koi and Salim, Flora D.",2013,,18,2.4,Blanket,"A responsive morphing architectural skin made of soft kinetic Lumina material that senses occupancy and light, morphs its form, and glows to revitalise a dark passageway",YES,ADAIS,PROTOTYPE,INCREASE_AWARENESS,RESOURCES,"URBAN,SOCIAL",,,,,,,,,USER,MAKE_AWARE,"VISUAL,POS",PUBLIC,MEDIUM,MOTOR,"ART,FAMILIAR",NO,,,,,,,,,NONE,"PRESENCE,PUSH","CAMOUFLAGE,MIMICRY",YES,FABRICATION,NOT_MENTIONED,,,
uhllg98sx5c,1,aartsNewEverydayViews2003,The New Everyday: Views on Ambient Intelligence,"Aarts, Emile and Marzano, Stefano",2003,,559,31.9,Glow Tags,"Small computers in the form of ""bookmarks, clips, ribbons or sticky labels"" attached to real world objects. They start glowing once they notice a connection between the information they store and outside events (e.g. information flow, emails, time, dates, contacts) to link and trigger memories.",YES,"ADAIS,AMI",USECASE,INCREASE_AWARENESS,EVENTS,HOME,,,,,,,,,,,VISUAL,,,,NA,NO,0,,,,,,,,NONE,,,NA,NA,NOT_MENTIONED,,,
uikonr5mmwe,1,boehmAmbientPersuasiveGuidance2011,Ambient Persuasive Guidance,"Boehm, Gerrit",2011,,3,0.3,“Transparent Wall Corners”,"Pedestrian Guidance, collision avoidance by making corner appear transparent",,,,INCREASE_AWARENESS,,,,,,,,,,,,,,,,,,YES,,,,,,,,,,,,,,,,,
ul18dkeve8d,1,bierhoffAmbientAssistedLiving2013,Ambient Assisted Living Systems in Real-Life Situations: Experiences from the SOPRANO Project,"Bierhoff, Ilse and Müller, Sonja and Schoenrade-Sproll, Sandra and Delaney, Sarah and Byrne, Paula and Dolničar, Vesna and Magoutas, Babis and Verginadis, Yiannis and Avatangelou, Elena and Huijnen, Claire",2013,,6,0.8,,,,,,ASSISTED_LIVING,,,,,,,,,,,,,,,,,,,,,,,,,,,,,,,,,,,
ul2ea4qz2wa,1,pereiraFallDetectionAmbient2012,Fall Detection on Ambient Assisted Living Using a Wireless Sensor Network,"Pereira, A and Felisberto, F and Maduro, L",2012,,10,1.2,,,,AS,,ASSISTED_LIVING,,,,,,,,,,,,,,,,,,,,,,,,,,,,,,,,,,,
ulmq8almmfk,1,gabrielliBeeParkingAmbientDisplay2011,BeeParking: An Ambient Display to Induce Cooperative Parking Behavior,"Gabrielli, Silvia and Maimone, Rosa and Marchesoni, Michele and Muñoz, Jesús",2011,,4,0.4,BeeParking,Display that shows if parked car is blocked by another car.,YES,ADAIS,"PROTOTYPE,USECASE,EVAL",INCREASE_AWARENESS,"SOCIAL,EVENTS",WORKPLACE,,,,,,,,,OBJECT,MAKE_AWARE,VISUAL,PUBLIC,MEDIUM,SCREEN,ART,YES,24,WEEKS,IN_SITU,USERS,PROTOTYPE,INTERVIEW,[NA],"SUBJECTIVE,OBJECTIVE",NONE,"PUSH,PRESENCE",CAMOUFLAGE,YES,NONE,NOT_MENTIONED,,,
ulv0i1y5gdo,1,dongVisualFocusAttention2010,Visual Focus of Attention Recognition in the Ambient Kitchen,"Dong, Ligeng and Di, Huijun and Tao, Linmi and Xu, Guangyou and Oliver, Patrick",2010,,13,1.2,,,,,,,,HOME,,,,,,,,,,,VISUAL,,,,,,,,,,,,,,,,,,,,,,
um0asyzon7e,1,zilmKnowledgeRepresentationsAmbient2014,Knowledge Representations in Ambient Assisted Living-Context Awareness in Smart Homes.,"Zilm, FA and Scharnweber, C and Haux, R",2014,,1,0.2,,,,,,ASSISTED_LIVING,,,,,,,,,,,,,,,,,,,,,,,,,,,,,,,,,,,
unk4bq4quri,1,vareneTelecareSocialLink2010,Telecare and Social Link Solution for Ambient Assisted Living Using a Robot Companion with Visiophony,"Varène, Thibaut and Hillereau, Paul and Simonnet, Thierry",2010,,3,0.3,,,,,,ASSISTED_LIVING,,,,,,,,,,,,,,,,,,,,,,,,,,,,,,,,,,,
untupsayia9,1,zancanaroSIMDOMOToolLongterm2014,SIMDOMO: A Tool for Long-Term Simulations of Ambient-Assisted Living,"Zancanaro, Massimo and Marchesoni, Michele and Armellin, Giampaolo",2014,,2,0.3,SIMDOMO,,,,,ASSISTED_LIVING,,,,,,,,,,,,,,,,,,,,,,,,,,,,,,,,,,,
unvhxmt2krp,1,memonAmbientAssistedLiving2014,"Ambient Assisted Living Healthcare Frameworks, Platforms, Standards, and Quality Attributes","Memon, Mukhtiar and Wagner, Stefan and Pedersen, Christian and Beevi, Femina and Hansen, Finn",2014,,300,46.2,,,,,,ASSISTED_LIVING,,,,,,,,,,,,,,,,,,,,,,,,,,,,,,,,,,,
uo9n82xnaid,1,tunnermannBlendedSonificationSonification2013,Blended Sonification - Sonification for Casual Information Interaction,"Hermann, Thomas and Tünnermann, René and Hammerschmidt, Jan",2013,,26,3.5,Knock'Knock,A contact microphone on an office door leaf augments the knocking sound with reverb to convey how long the occupant has been absent,YES,ADAIS,PROTOTYPE,"INCREASE_AWARENESS,NOTIFICATION",SOCIAL,WORKPLACE,YES,Time since person has left the room,,Perceived emptiness/size of room when knocking on door.,,,,,USER,USER_POLL,AUDIO,GROUP,LOW,SPEAKER,FAMILIAR,NO,,,,,,,,,NONE,PULL,"INVISIBILITY,AUGMENTATION,MIMICRY",YES,NONE,NOT_MENTIONED,,,
uorto9373u,1,knoopTicklerCompliantWearable2015,The Tickler: A Compliant Wearable Tactile Display for Stroking and Tickling,"Knoop, Espen and Rossiter, Jonathan",2015,,19,3.5,The Tickler,A compliant wearable tactile display using an array of laterally moving bars to create stroking and tickling sensations on the skin,YES,ADAIS,"PROTOTYPE,DEV",NOTIFICATION,"SOCIAL,EVENTS",OTHER,,,,,,,,,EVENT,MAKE_AWARE,"HAPTIC,POS",PERSONAL,MEDIUM,MOTOR,ARTIFICIAL,YES,11,HOURS,IN_LAB,USERS,PROTOTYPE,"COMMENTS,TASK_PERFORMANCE",[NA],[NA],NONE,PUSH,"PERIPHERAL_PLACEMENT,MIMICRY",YES,NONE,NOT_MENTIONED,,,
up2c6pirs7m,1,hamiciDatacentricGeneticCryptography2018,Towards Data-Centric Genetic Cryptography for Telemonitoring and Ambient Assisted Living Systems,"Hamici, Z",2018,,1,0.4,,,,AS,,ASSISTED_LIVING,,,,,,,,,,,,,,,,,,,,,,,,,,,,,,,,,,,
upf313ebi3,1,chaGleamyAmbientDisplay2016,Gleamy: An Ambient Display Lamp with a Transparency-Controllable Shade,"Cha, Seijin and Lee, Moon-Hwan and Nam, Tek-Jin",2016,,9,2,Gleamy,"Lamp with changing patterns of shade/transparency, physical activate, goal achievements",YES,ADAIS,"PROTOTYPE,USECASE,EVAL",INCREASE_AWARENESS,"RESOURCES,HEALTH","WORKPLACE,HOME",,,,,,,,,CONTINUOUS,MAKE_AWARE,VISUAL,FAMILY,MEDIUM,LED,FAMILIAR,YES,12,HOURS,"IN_SITU,IN_LAB",USERS,PROTOTYPE,INTERVIEW,[NA],[NA],NONE,PRESENCE,AUGMENTATION,YES,NONE,NOT_MENTIONED,,,
uq3opqnlo9,1,wuDesigningSculptingLight2016,Designing Sculpting Light Systems for Information Decoration,"Wu, Jiang and van Essen, Harm and Eggen, Berry",2016,,3,0.7,Reflective Clock,"A decorative wall lamp with a flexible mirror cage and RGB LED that displays a rotating light pattern indicating time, controllable by pressing the cage and placing memo-sticky-notes on wall scales",YES,ADAIS,"CONCEPT,PROTOTYPE,USECASE,ISSUES",INCREASE_AWARENESS,EVENTS,WORKPLACE,,,,,,,,,USER,CHANGE_BLIND,VISUAL,PERSONAL,MEDIUM,"LED,MOTOR",FAMILIAR,YES,,,,,,,,,NONE,PRESENCE,"AUGMENTATION,CAMOUFLAGE",YES,NONE,NOT_MENTIONED,,,
ur6u71musr8,1,hmidaEnablingInternetThings2017,Enabling an Internet of Things Framework for Ambient Assisted Living,"Hmida, HB and Braun, A",2017,,7,2,,,,IOT,,ASSISTED_LIVING,,,,,,,,,,,,,,,,,,,,,,,,,,,,,,,,,,,
urc0e28zaa,1,manzeschkeEthischeImplikationenAmbient2009,Ethische Implikationen Des Ambient Assisted Living–Ein Problemaufriss,"Manzeschke, A",2009,,5,0.4,,,,,,ASSISTED_LIVING,,,,,,,,,,,,,,,,,,,,,,,,,,,,,,,,,,,
utsnp624lsr,1,hervasPIViTaTaxonomyDisplaying2009,PIViTa: Taxonomy for Displaying Information in Pervasive and Collaborative Environments,"Hervás, Ramón and Nava, Salvador W and Chavira, Gabriel and Villarreal, Vladimir and Bravo, José",2009,,5,0.4,PIViTa,,,,DEFTAX,,,"WORKPLACE,EDUCATION",,,,,,,,,,,,,,,,NO,,,,,,,,,,,,,,,,,
utu00gwj6pb,1,ispasARENOAmbientReminder2012,ARENO: Ambient Reminder Notes,"Ispas, Adriana and Schöni, Sarah and Norrie, Moira C.",2012,,8,0.9,ARENO,“Ambient” visualization of handwritten notes,,,,,,,,,,,,,,,,,,,,,,NO,,,,,,,,,,,,,,,,,
utvgcpl3xd,1,rochonPotentialRequirementsIT2013,Potential and Requirements of IT for Ambient Assisted Living Technologies,"Rochon, J. and Ganzinger, M. and Knaup, P. and Spitalewsky, K.",2013,,30,4,,,,,,ASSISTED_LIVING,,,,,,,,,,,,,,,,,,,,,,,,,,,,,,,,,,,
uu3o2yi7iq9,1,guiServiceorientedInfrastructureAmbient2007,A Service-Oriented Infrastructure for Ambient Assisted Living Communities,"Gui, N and Florio, V De and Sun, H",2007,,1,0.1,,,,,,ASSISTED_LIVING,,,,,,,,,,,,,,,,,,,,,,,,,,,,,,,,,,,
uu6m7pj344m,1,bledaUnobtrusiveContactlessCardiac2018,Unobtrusive Contactless Cardiac Monitoring for Telemedicine and Ambient Assisted Living,"Bleda, Andres Lorenzo and Ferriz, Rafael Maestre and Alberola, Arcadio Garcia",2018,,,0,,,,AS,,ASSISTED_LIVING,,,,,,,,,,,,,,,,,,,,,,,,,,,,,,,,,,,
uulp68yoh6d,1,tollmarUnderstandingRemotePresence2002,Understanding Remote Presence,"Tollmar, Konrad and Persson, Joakim",2002,,117,6.3,6th sense,,,,PROTOTYPE,INCREASE_AWARENESS,SOCIAL,HOME,,,,,,,,,,,,FAMILY,,,,YES,,,,,,INTERVIEW,,,,,,,,,,,
uvd64ridmxo,1,amorettiSensorDataFusion2009,Sensor Data Fusion for Activity Monitoring in Ambient Assisted Living Environments,"Amoretti, M. and Wientapper, F. and Furfari, F. and Lenzi, S. and Chessa, S.",2009,,26,2.3,,,,AS,,ASSISTED_LIVING,,,,,,,,,,,,,,,,,,,,,,,,,,,,,,,,,,,
uwjg3davm2o,1,matthewsClippingListsChange2006,Clipping Lists and Change Borders: Improving Multitasking Efficiency with Peripheral Information Design,"Matthews, Tara and Czerwinski, Mary and Robertson, George and Tan, Desney",2006,,40,2.8,Clipping Lists,Peripheral display showing vertical lists of rectangular window clippings of the most relevant window content to support multitasking,YES,ADAIS,"EVAL,PROTOTYPE,USECASE","INCREASE_AWARENESS,AID_IN_ACTIVITY","EVENTS,OTHER",WORKPLACE,,,,,,,,,CONTINUOUS,USER_POLL,VISUAL,PERSONAL,HIGH,SCREEN,ARTIFICIAL,YES,26,HOURS,IN_LAB,USERS,PROTOTYPE,"QUESTIONNAIRE,COMMENTS,OBSERVATION,USAGE_STATISTIC,TASK_PERFORMANCE",QUESTIONNAIRE,OBJECTIVE,MEMORY_OTHER,"PRESENCE,PULL",PERIPHERAL_PLACEMENT,NO,NA,NOT_MENTIONED,,,
uwm64p5vai,1,rasEngineeringTelehealthSolutions2007,Engineering Tele-Health Solutions in the Ambient Assisted Living Lab,"Ras, Eric and Becker, Martin and Koch, Jan",2007,,27,2,,,,,,ASSISTED_LIVING,,,,,,,,,,,,,,,,,,,,,,,,,,,,,,,,,,,
uwna9m1yln,1,alsulamiModelProactiveAmbient2016,A Model of a Proactive Ambient Assisted Living System to Monitor Elderly People in The Kingdom of Saudi Arabian,"Alsulami, MH and Anthony, SA",2016,,4,0.9,,,,,,ASSISTED_LIVING,,,,,,,,,,,,,,,,,,,,,,,,,,,,,,,,,,,
uxno52zxsu,1,pinhanezEverywhereDisplaysProjector2001,The Everywhere Displays Projector: A Device to Create Ubiquitous Graphical Interfaces,"Pinhanez, Claudio S",2001,,506,25.9,,,,,,,,,,,,,,,,,,,VISUAL,,,,,,,,,,,,,,,,,,,,,,
uy4m4ffb6y,1,erricoAmbientAssistedLiving2018,Ambient Assisted Living for Tetraplegic People by Means of an Electronic System Based on a Novel Sensory Headwear : Increased Possibilities for Reduced Abilities,"Errico, Vito and Ricci, Mariachiara and Pallotti, Antonio and Giannini, Franco and Saggio, Giovanni",2018,,3,1.2,,,,AS,,ASSISTED_LIVING,,,,,,,,,,,,,,,,,,,,,,,,,,,,,,,,,,,
uyvtmk2fkqa,1,miguezImprovingAmbientAssisted2019,Improving Ambient Assisted Living through Artificial Intelligence,"Miguez, Alessandro and Soares, Christophe and Torres, José M. and Sobral, Pedro and Moreira, Rui S.",2019,,1,0.7,,,,,,ASSISTED_LIVING,,,,,,,,,,,,,,,,,,,,,,,,,,,,,,,,,,,
uywv55v4wp,1,skalkInteractionDesignSafetyrelated2019,Interaction Design of a Safety-Related in-Vehicle Nudging Concept: How to Adapt Traditional Usability Testing for Ambient Display Concepts,"Skalk, C",2019,,,0,ACC Nudging Concept,In-vehicle ambient display concept that nudges drivers towards more frequent Adaptive Cruise Control usage,YES,ADAIS,"PROTOTYPE,EVAL,USECASE",BEHAVIOURAL_CHANGE,SAFETY,TRANSPORT,,,,,,,,,EVENT,MAKE_AWARE,VISUAL,PERSONAL,MEDIUM,SCREEN,ARTIFICIAL,YES,,HOURS,IN_LAB,USERS,PROTOTYPE,"QUESTIONNAIRE,INTERVIEW,OBSERVATION",[NA],SUBJECTIVE,NONE,PRESENCE,PERIPHERAL_PLACEMENT,NO,NA,NOT_MENTIONED,,,
uzpca85j4l,1,consolvoCareNetDisplayLessons2004,The CareNet Display: Lessons Learned from an In Home Evaluation of an Ambient Display,"Consolvo, Sunny and Roessler, Peter and Shelton, Brett E.",2004,,301,18.2,CareNet,"Picture frame to inform relative about elder's conditions. Meals, medications, outings,activites, mood,falls, calendar",YES,ADAIS,"PROTOTYPE,EVAL,ISSUES","INCREASE_AWARENESS,ASSISTED_LIVING","SOCIAL,HEALTH","HOME,MEDICAL,WORKPLACE",YES,Elder conditions,REMOTE,Icons on display,,,,,CONTINUOUS,USER_POLL,VISUAL,PERSONAL,"MEDIUM, HIGH",SCREEN,FAMILIAR,YES,9,WEEKS,IN_SITU,USERS,PROTOTYPE,"INTERVIEW,HEURISTIC_EVALUATION,QUESTIONNAIRE",[NA],SUBJECTIVE,NONE,"PULL,PRESENCE","AUGMENTATION,PERIPHERAL_PLACEMENT",YES,NOISE,YES,,,
v0vnats1rsk,1,altExploringAmbientVisualizations2010,Exploring Ambient Visualizations of Context Information,"Alt, Florian and Shirazi, Alireza Sahami and Kaiser, Andreas and Pfeuffer, Ken and Gürkan, Emre and Schmidt, Albrecht and Holleis, Paul and Wagner, Matthias",2010,,5,0.5,Untitled,A Nabaztag rabbit device that maps physical distance of contacts to its movable ears and their mood to colored LEDs to share personal context in a social network,YES,ADAIS,PROTOTYPE,INCREASE_AWARENESS,SOCIAL,"HOME,WORKPLACE",,,,,,,,,CONTINUOUS,USER_POLL,VISUAL,HOUSEHOLD,MEDIUM,"LED,MOTOR",ARTIFICIAL,YES,73,HOURS,IN_PRESENTATION,USERS,PRESENTATION,QUESTIONNAIRE,[NA],[NA],NONE,PRESENCE,PERIPHERAL_PLACEMENT,NO,NA,NOT_MENTIONED,,,
v1wt31vujel,1,nijholtGamesEntertainmentAmbient2010,Games and Entertainment in Ambient Intelligence Environments,"Nijholt, Anton and Reidsma, Dennis and Poppe, Ronald",2010,,11,1,,,,,,,,,,,,,,,,,,,,,,,,,,,,,,,,,,,,,,,,,
v2ezn2jdkz,1,blackmanAmbientAssistedLiving2016,Ambient Assisted Living Technologies for Aging Well: A Scoping Review,"Blackman, Stephanie and Matlo, Claudine and Bobrovitskiy, Charisse and Waldoch, Ashley and Fang, Mei Lan and Jackson, Piper and Mihailidis, Alex and Nygård, Louise and Astell, Arlene and Sixsmith, Andrew",2016,,124,27.6,,,,,,ASSISTED_LIVING,,,,,,,,,,,,,,,,,,,,,,,,,,,,,,,,,,,
v2qgchvxh4a,1,hassanEoTdrivenHybridAmbient2019,EoT-driven Hybrid Ambient Assisted Living Framework with Naïve Bayes–Firefly Algorithm,"Hassan, Mohammed K. and Desouky, Ali I. El and Badawy, Mahmoud M. and Sarhan, Amany M. and Elhoseny, Mohamed and Gunasekaran, M.",2019,,21,14,,,,,,ASSISTED_LIVING,,,,,,,,,,,,,,,,,,,,,,,,,,,,,,,,,,,
v2uwwzgkrc,1,dobbinsDetectingPhysicalActivity2017,Detecting Physical Activity within Lifelogs towards Preventing Obesity and Aiding Ambient Assisted Living,"Dobbins, C and Rawassizadeh, R and Momeni, E",2017,,28,8,,,,,,ASSISTED_LIVING,,,,,,,,,,,,,,,,,,,,,,,,,,,,,,,,,,,
v3lwvmcw41,1,tsengLEaDUtilizingLight2015,LEaD: Utilizing Light Movement as Peripheral Visual Guidance for Scooter Navigation,"Tseng, Hung-Yu and Liang, Rong-Hao and Chan, Liwei and Chen, Bing-Yu",2015,,15,2.7,LEaD,Helmet-mounted linear LED strip that conveys turn-by-turn navigation via 1D light movement in scooter drivers' peripheral vision,YES,ADAIS,"PROTOTYPE,EVAL,USECASE",AID_IN_ACTIVITY,EVENTS,TRANSPORT,,,,,,,,,EVENT,MAKE_AWARE,VISUAL,PERSONAL,MEDIUM,LED,ARTIFICIAL,YES,44,HOURS,IN_LAB,USERS,PROTOTYPE,INTERVIEW,PHYSIOLOGICAL,[NA],"PERIPHERAL_ATTENTION,SALIENCE",PUSH,"PERIPHERAL_PLACEMENT,AUGMENTATION",YES,NONE,NOT_MENTIONED,,,
v4jj4t65yyk,1,nandaBYOBBuildYour2004,bYOB [Build Your Own Bag]: A Computationally-Enhanced Modular Textile System,"Nanda, Gauri and Cable, Adrian and Bove, V. Michael and Ho, Moneta and Hoang, Han",2004,,12,0.7,bYOB,Modular computationally-enhanced fabric squares and triangles that build smart objects (e.g. a bag) which illuminate and use speech to convey environmental and object-presence information,YES,ADAIS,"PROTOTYPE,DEV,USECASE","INCREASE_AWARENESS,NOTIFICATION,AID_IN_ACTIVITY","ENVIRONMENT,SAFETY,OTHER",WORKPLACE,,,,,,,,,EVENT,MAKE_AWARE,"VISUAL,AUDIO",PERSONAL,MEDIUM,"LED,SPEAKER",FAMILIAR,NO,,HOURS,IN_PRESENTATION,USERS,PROTOTYPE,"QUESTIONNAIRE,COMMENTS",[NA],[NA],NONE,PUSH,AUGMENTATION,YES,FABRICATION,NOT_MENTIONED,,,
v5394goqa2n,1,brewerHandleWhatsGoing2007,A Handle on What's Going on: Combining Tangible Interfaces and Ambient Displays for Collaborative Groups,"Brewer, Johanna and Williams, Amanda and Dourish, Paul",2007,,41,3,Nimio,Networked translucent silicone toys with embedded sound/motion sensors and RGB LEDs that glow in patterns to express distributed group activity,YES,"TUI,ADAIS","PROTOTYPE,USECASE,ISSUES",INCREASE_AWARENESS,"SOCIAL,EVENTS",WORKPLACE,,,,,,,,,EVENT,CHANGE_BLIND,HAPTIC,GROUP,MEDIUM,LED,ARTIFICIAL,YES,10,MONTHS,IN_SITU,USERS,PROTOTYPE,INTERVIEW,[NA],[NA],NONE,"PUSH,PRESENCE",PERIPHERAL_PLACEMENT,YES,"POWER,FAILURE",NOT_MENTIONED,,,
v5btl9cgmw9,1,olivierCrossmodalAttentionPublicPrivate2006,Crossmodal Attention in Public-Private Displays,"Olivier, P. and Gilroy, S.W. and Han Cao and Jackson, D.G. and Kray, C.",2006,,16,1.1,CrossFlow,"An ambient navigation system that projects fish-like flow patterns onto the floor indicating directions to destinations, time-multiplexed with personalized crossmodal cues delivered via a mobile device",YES,ADAIS,PROTOTYPE,AID_IN_ACTIVITY,EVENTS,HOME,,,,,,,,,CONTINUOUS,MAKE_AWARE,VISUAL,PUBLIC,MEDIUM,SCREEN,ASSOCIATED,NO,,HOURS,IN_LAB,USERS,PROTOTYPE,"QUESTIONNAIRE,TASK_PERFORMANCE","QUESTIONNAIRE,DUAL_TASK",[NA],"PERIPHERAL_ATTENTION,SALIENCE,AWARENESS_CONSCIOUSNESS","PRESENCE,PUSH",PERIPHERAL_PLACEMENT,NO,NA,NOT_MENTIONED,,,
v62k76kfnw,1,cavalloAmbientAssistedLiving2017,Ambient Assisted Living: Italian Forum 2016,"Cavallo, F and Marletta, V and Monteriù, A and Siciliano, P",2017,,3,0.9,,,,,,ASSISTED_LIVING,,,,,,,,,,,,,,,,,,,,,,,,,,,,,,,,,,,
v62s2alo8qj,1,bakkerIntroductionFramingPeripheral2016,Introduction: Framing Peripheral Interaction,"Bakker, Saskia and Hausen, Doris and Selker, Ted",2016,,5,1.1,,,,,,,,HOME,,,,,,,,,,,,,,,,NO,,,,,,,,,,,,,,,,,
v6a9xspxzta,1,blejaAmbientAssistedLiving2020,Ambient Assisted Living - an Integral Part of Future Smart Cities,"Bleja, Jelena and Langer, Henrike and Grossmann, Uwe and Morz, Elisabetta",2020,,,0,,,,,,ASSISTED_LIVING,,,,,,,,,,,,,,,,,,,,,,,,,,,,,,,,,,,
v6lyb6ql0wt,1,morales-ramirezRevealingObviousRetrospective2012,Revealing the Obvious?: A Retrospective Artefact Analysis for an Ambient Assisted-Living Project,"Morales-Ramirez, Itzel and Vergne, Matthieu and Morandini, Mirko and Sabatucci, Luca and Perini, Anna and Susi, Angelo",2012,,3,0.4,,,,,,ASSISTED_LIVING,,,,,,,,,,,,,,,,,,,,,,,,,,,,,,,,,,,
v79o9dq56ar,1,syedSmartHealthcareFramework2019,Smart Healthcare Framework for Ambient Assisted Living Using IoMT and Big Data Analytics Techniques,"Syed, Liyakathunisa and Jabeen, Saima and S., Manimala and Alsaeedi, Abdullah",2019,,15,10,,,,,,ASSISTED_LIVING,,,,,,,,,,,,,,,,,,,,,,,,,,,,,,,,,,,
v7e6bq67cj,1,aylettBrokenDreamPervasive2015,The Broken Dream of Pervasive Sentient Ambient Calm Invisible Ubiquitous Computing,"Aylett, Matthew P. and Quigley, Aaron J.",2015,,12,2.2,,,,,,,,,,,,,,,,,,,,,,,,,,,,,,,,,,,,,,,,,
v9722ntmfvd,1,reichmanArchitectureAmbientAssisted2011,The Architecture of Ambient Assisted Living System,"Reichman, Arie and Zwiling, Moti",2011,,7,0.7,,,,,,ASSISTED_LIVING,,,,,,,,,,,,,,,,,,,,,,,,,,,,,,,,,,,
v9e23rh48ap,1,peekHangstersTangiblePeripheral2009,Hangsters: Tangible Peripheral Interactive Avatars for Instant Messaging,"Peek, Nadya and Pitman, David",2009,,11,1,Hangsters,Hanging tangible avatars with personalized skins that physically embody instant messaging contacts' online presence and conversations,YES,"TUI,ADAIS","PROTOTYPE,USECASE","INCREASE_AWARENESS,NOTIFICATION",SOCIAL,"HOME,WORKPLACE",,,,,,,,,EVENT,MAKE_AWARE,"HAPTIC,POS",PERSONAL,MEDIUM,MOTOR,ARTIFICIAL,NO,,,,,,,,,NONE,"PUSH,PRESENCE",PERIPHERAL_PLACEMENT,YES,NONE,NOT_MENTIONED,,,
va67xrm7vj8,1,deyAwarenessConnectednessDesign2006,From Awareness to Connectedness: The Design and Deployment of Presence Displays,"Dey, Anind K and Guzman, Edward S De",2006,,154,10.6,AugmentedMirror,An ordinary mirror augmented with colored LEDs along its frame that glow different colors to indicate a remote loved one's online presence status.,YES,ADAIS,"PROTOTYPE,EVAL,USECASE",INCREASE_AWARENESS,SOCIAL,HOME,,,,,,,,,EVENT,USER_POLL,VISUAL,FAMILY,MEDIUM,LED,FAMILIAR,YES,9,WEEKS,IN_SITU,USERS,PROTOTYPE,"QUESTIONNAIRE,INTERVIEW,USAGE_STATISTIC",[NA],"SUBJECTIVE,OBJECTIVE",NONE,PRESENCE,"AUGMENTATION,PERIPHERAL_PLACEMENT",YES,NONE,NOT_MENTIONED,,,
vcji4zaig5o,1,brewerPortraitPigeon2014,Portrait Pigeon,"Brewer, Robin N and Gellner, Moritz and Piper, Anne Marie",2014,,1,0.2,Portrait Pigeon,,,,,,HEALTH,MEDICAL,,,,,,,,,,,,,,,,NO,,,,,,,,,,,,,,,,,
vcrfx77pt2,1,consolvoDesignRequirementsTechnologies2006,Design Requirements for Technologies That Encourage Physical Activity,"Consolvo, Sunny and Everitt, Katherine and Smith, Ian and Landay, James A.",2006,,940,64.8,,,,,,,HEALTH,EDUCATION,,,,,,,,,,,,,,,,YES,,,,,,"INTERVIEW,QUESTIONNAIRE",,,,,,,,,,,
vdpgrbu9do,1,bernaertsOfficeSmartwatchDevelopment2014,The Office Smartwatch: Development and Design of a Smartwatch App to Digitally Augment Interactions in an Office Environment,"Bernaerts, Yannick and Druwé, Matthias and Steensels, Sebastiaan and Vermeulen, Jo and Schöning, Johannes",2014,,50,7.7,Office Smartwatch,,,,,,HEALTH,WORKPLACE,,,,,,,,,,,,,,,,,,,,,,,,,,,,,,,,,
vex752afv7e,1,offenhuberRainbowInformationDesign2014,Over the Rainbow: Information Design for Low-Resolution Urban Displays,"Offenhuber, Dietmar and Seitinger, Susanne",2014,,18,2.8,Street Seat Beacons,,,,,,,URBAN,,,,,,,,,,,,,,,,NO,,,,,,,,,,,,,,,,,
vf7wusmvkn,1,villarrealUbiquitousMobileMonitoring2010,Towards Ubiquitous Mobile Monitoring for Health-Care and Ambient Assisted Living,"Villarreal, V and Bravo, J and Hervás, R",2010,,8,0.8,,,,AS,,ASSISTED_LIVING,,,,,,,,,,,,,,,,,,,,,,,,,,,,,,,,,,,
vfcjbh73cx,1,costaCaregiverSupportPlatform2014,A Caregiver Support Platform within the Scope of an Ambient Assisted Living Ecosystem,"Costa, Angelo and Novais, Paulo and Simoes, Ricardo",2014,,36,5.5,,,,,,ASSISTED_LIVING,HEALTH,MEDICAL,,,,,,,,,,,,,,,,NO,,,,,,,,,,,,,,,,,
vfk3dgxzn7h,1,yoonAmbientDisplayElderly2007,An Ambient Display for the Elderly,"Yoon, Yeo-Jin and Ryu, Han-Sol and Lee, Ji-Man and Park, Soo-Jun and Yoo, Seong-Joon and Choi, Soo-Mi",2007,,5,0.4,An Ambient Display for the Elderly,"A picture-frame-like touch screen display that recognizes the elderly user via RFID and adjusts level of detail based on proximity, with LEDs flashing for emergencies",YES,ADAIS,"PROTOTYPE,USECASE","ASSISTED_LIVING,NOTIFICATION",HEALTH,HOME,,,,,,,,,USER,MAKE_AWARE,VISUAL,PERSONAL,HIGH,"SCREEN,LED",FAMILIAR,NO,,,,,,,,,NONE,"PRESENCE,PUSH",CAMOUFLAGE,YES,NONE,NOT_MENTIONED,,,
vfrpr38d6kc,1,campuzanoFlexibleSimulationUbiquitous2011,Flexible Simulation of Ubiquitous Computing Environments,"Campuzano, Francisco and Garcia-Valverde, Teresa and Garcia-Sola, Alberto and Botia, Juan A.",2011,,20,2.1,,,,,,,,,,,,,,,,,,,,,,,,,,,,,,,,,,,,,,,,,
vgr28uu3079,1,matthewsToolkitManagingUser2004,A Toolkit for Managing User Attention in Peripheral Displays,"Matthews, Tara and Dey, Anind K. and Mankoff, Jennifer and Carter, Scott and Rattenbury, Tye",2004,,211,12.8,Audio Orb,"A glass orb that pulses colors to represent ambient audio events such as volume levels, phone rings, and voices in a remote space",NO,ADAIS,"DEV,PROTOTYPE",INCREASE_AWARENESS,"SOCIAL,EVENTS",WORKPLACE,,,,,,,,,EVENT,"CHANGE_BLIND,MAKE_AWARE","AUDIO,VISUAL",PERSONAL,MEDIUM,LED,ARTIFICIAL,NO,,,,,,,,,"PERIPHERAL_ATTENTION,AWARENESS_CONSCIOUSNESS","PRESENCE,PUSH",PERIPHERAL_PLACEMENT,NO,NA,NOT_MENTIONED,,,
vhw2aeh08u,1,shukriDevicefreeLocalizationHuman2019,Device-Free Localization and Human Mapping for Ambient Assisted Living: Radio Map Approach,"Shukri, S. and Kamarudin, L.M. and Rahiman, M.H.F. and Zakaria, A. and Ndzi, D.L.",2019,,,0,,,,,,ASSISTED_LIVING,,,,,,,,,,,,,,,,,,,,,,,,,,,,,,,,,,,
vi8c48oav0q,1,spasovaSurveyAutomaticFall2014,A Survey on Automatic Fall Detection in the Context of Ambient Assisted Living Systems,"Spasova, V and Iliev, I",2014,,21,3.2,,,,,,ASSISTED_LIVING,,,,,,,,,,,,,,,,,,,,,,,,,,,,,,,,,,,
vizjjhmji,1,shenUsingMoneyColorRepresent2005,Using MoneyColor to Represent Financial Data,"Shen, Xiaobin and Eades, Peter",2005,,11,0.7,MoneyColor,A framed wall-mounted monitor showing dynamically changing watercolor images that represent real-time stock price and volume.,YES,ADAIS,"PROTOTYPE,USECASE",INCREASE_AWARENESS,OTHER,WORKPLACE,,,,,,,,,CONTINUOUS,USER_POLL,VISUAL,PUBLIC,MEDIUM,SCREEN,"ART,FAMILIAR",YES,,,,,,HEURISTIC_EVALUATION,,,NONE,PRESENCE,CAMOUFLAGE,YES,NONE,NOT_MENTIONED,,,
vktmgkmbh8g,1,wangUnsupervisedMultiresidentTracking2020,Toward Unsupervised Multiresident Tracking in Ambient Assisted Living: Methods and Performance Metrics,"Wang, T and Cook, DJ",2020,,1,2,,,,,,ASSISTED_LIVING,,,,,,,,,,,,,,,,,,,,,,,,,,,,,,,,,,,
vlhrszwud08,1,songCoverageawareUnequalClustering2016,A Coverage-Aware Unequal Clustering Protocol with Load Separation for Ambient Assisted Living Based on Wireless Sensor Networks,"Song, Xiaoying and Wen, Tao and Sun, Wei and Zhang, Dongqing and Guo, Quan and Zhang, Qilong",2016,,4,0.9,,,,AS,,ASSISTED_LIVING,,,,,,,,,,,,,,,,,,,,,,,,,,,,,,,,,,,
vlycht0eqn,1,goschSolutionsMasterDemographic2014,Solutions to Master the Demographic Change: Ambient Assisted Living for the Elderly,"Gosch, F",2014,,2,0.3,,,,,,ASSISTED_LIVING,,,,,,,,,,,,,,,,,,,,,,,,,,,,,,,,,,,
vm15t9w7wx,1,consolvoTheorydrivenDesignStrategies2009,Theory-Driven Design Strategies for Technologies That Support Behavior Change in Everyday Life,"Consolvo, Sunny and McDonald, David W. and Landay, James A.",2009,,603,52.4,,,,,,BEHAVIOURAL_CHANGE,HEALTH,WORKPLACE,,,,,,,,,,,,,,,,YES,,,,,,,,,,,,,,,,,
vm27d7fc7o,1,bhargavaFogcentricLocalizationAmbient2017,Fog-Centric Localization for Ambient Assisted Living,"Bhargava, Kriti and McManus, Gary and Ivanov, Stepan",2017,,4,1.1,,,,,,ASSISTED_LIVING,,,,,,,,,,,,,,,,,,,,,,,,,,,,,,,,,,,
vmwn875c5d,1,itoh2002tsunagari,'TSUNAGARI'communication: Fostering a Feeling of Connection between Family Members,"Itoh, Yoshihiro and Miyajima, Asami and Watanabe, Takumi",2002,,86,4.6,FamilyPlanter,A planter-embedded terminal whose optical fibers glow and rotate to convey a remote family member's presence and motion,YES,ADAIS,"CONCEPT,PROTOTYPE,USECASE",INCREASE_AWARENESS,SOCIAL,HOME,,,,,,,,,CONTINUOUS,CHANGE_BLIND,VISUAL,FAMILY,MEDIUM,"LED,MOTOR,SPEAKER",FAMILIAR,NO,,MONTHS,IN_SITU,USERS,PROTOTYPE,INTERVIEW,[NA],SUBJECTIVE,NONE,PRESENCE,CAMOUFLAGE,YES,NONE,NOT_MENTIONED,,,
voxw7y0tqq,1,pohlFocusedCasualInteractions2013,Focused and Casual Interactions: Allowing Users to Vary Their Level of Engagement,"Pohl, Henning and Murray-Smith, Roderick",2013,,67,8.9,,,,,,,,,,,,,,,,,,,,,,,,YES,,,,,,QUESTIONNAIRE,,,,,,,,,,,
voyz9ha1sjk,1,leoneAutomatedActiveVision2010,An Automated Active Vision System for Fall Detection and Posture Analysis in Ambient Assisted Living Applications,"Leone, Alessandro and Diraco, Giovanni and Siciliano, Pietro",2010,,4,0.4,,,,,,ASSISTED_LIVING,,,,,,,,,,,,,,,,,,,,,,,,,,,,,,,,,,,
vpto6nylag,1,moschettiPreliminaryFindingsAALIANCE22014,Preliminary Findings of the AALIANCE2 Ambient Assisted Living Roadmap,"Moschetti, Alessandra and Fiorini, Laura and Aquilano, Michela and Cavallo, Filippo and Dario, Paolo",2014,,24,3.7,,,,,,ASSISTED_LIVING,,,,,,,,,,,,,,,,,,,,,,,,,,,,,,,,,,,
vq4fkj67wh,1,calderitaDesigningCyberphysicalSystem2020,Designing a Cyber-Physical System for Ambient Assisted Living: A Use-Case Analysis for Social Robot Navigation in Caregiving Centers,"Calderita, Luis V. and Vega, Araceli and Barroso-Ramírez, Sergio and Bustos, Pablo and Núñez, Pedro",2020,,,0,,,,,,ASSISTED_LIVING,,,,,,,,,,,,,,,,,,,,,,,,,,,,,,,,,,,
vqtqnu8u7tj,1,mocholiOntologyModelingInteraction2010,Ontology for Modeling Interaction in Ambient Assisted Living Environments,"Mocholí, J. B. and Sala, P. and Fernández-Llatas, C. and Naranjo, J. C.",2010,,20,1.9,,,,,,ASSISTED_LIVING,,,,,,,,,,,,,,,,,,,,,,,,,,,,,,,,,,,
vr89seounf,1,mullerSupportingEfficientTask2016,Supporting Efficient Task Switching in a Work Environment with a Pervasive Display,"Müller, Heiko and Kazakova, Anastasia and Heuten, Wilko and Boll, Susanne",2016,,6,1.3,Ambient Timer,LED halo behind display indicating remaining time,,,,,,WORKPLACE,,,,,,,,,,,,,,,,YES,,,,,,"INTERVIEW,QUESTIONNAIRE",,,,,,,,,,,
vrvd1bor998,1,guerreroALIAmbientAssisted2013,"ALI, an Ambient Assisted Living System for Supporting Behavior Change","Guerrero, E and Lindgren, H and Nieves, JC",2013,,2,0.3,,,,,,ASSISTED_LIVING,,,,,,,,,,,,,,,,,,,,,,,,,,,,,,,,,,,
vsc9s9iv28c,1,abowdChartingPresentFuture2000,"Charting Past, Present, and Future Research in Ubiquitous Computing","Abowd, Gregory D. and Mynatt, Elizabeth D.",2000,,2168,105.8,,,,,,,,,,,,,,,,,,,,,,,,,,,,,,,,,,,,,,,,,
vsktw1gynad,1,droumevaUnderstandingAuralFluency2008,Understanding Aural Fluency in Auditory Display Design for Ambient Intelligent Environments,"Droumeva, M and Wakkary, R",2008,,11,0.9,socio-ec(h)o,An ambient intelligent game environment for teams of four that responds to players' body positions with intensity-based gradient light and sound feedback,YES,ADAIS,"CONCEPT,PROTOTYPE,EVAL",AID_IN_ACTIVITY,"EVENTS,OTHER",OTHER,,,,,,,,,USER,MAKE_AWARE,"AUDIO,VISUAL",GROUP,MEDIUM,"SPEAKER,LED","ART,ASSOCIATED",YES,56,HOURS,IN_LAB,USERS,PROTOTYPE,"QUESTIONNAIRE,OBSERVATION,TASK_PERFORMANCE,COMMENTS",[NA],[NA],NONE,PRESENCE,MIMICRY,YES,NONE,NOT_MENTIONED,,,
vtgam1cppi,1,jaraArchitectureAmbientAssisted2009,An Architecture for Ambient Assisted Living and Health Environments,"Jara, Antonio J. and Zamora, Miguel A. and Skarmeta, Antonio F. G.",2009,,26,2.3,,,,,,ASSISTED_LIVING,,,,,,,,,,,,,,,,,,,,,,,,,,,,,,,,,,,
vtrm887zxf,1,sixsmithAmbientAssistedLiving2012,Ambient Assisted Living: From Concept to Implementation,"Sixsmith, A and Woolrych, R and Bierhoff, I",2012,,4,0.5,,,,,,ASSISTED_LIVING,,,,,,,,,,,,,,,,,,,,,,,,,,,,,,,,,,,
vu7fh57vd4n,1,minakuchiCollaborativeAmbientSystems2007,Collaborative Ambient Systems by Blow Displays,"Minakuchi, Mitsuru and Nakamura, Satoshi",2007,,10,0.7,Blow Displays,Computer-controlled fans that produce non-contact tactile wind to direct user attention and convey auxiliary information,YES,ADAIS,"PROTOTYPE,DEV,CONCEPT,USECASE","INCREASE_AWARENESS,NOTIFICATION,AID_IN_ACTIVITY","EVENTS,SOCIAL",WORKPLACE,,,,,,,,,EVENT,MAKE_AWARE,"AUDIO,POS",PERSONAL,MEDIUM,MOTOR,ARTIFICIAL,YES,,HOURS,IN_LAB,USERS,PROTOTYPE,HEURISTIC_EVALUATION,[NA],[NA],NONE,PUSH,"INVISIBILITY,PERIPHERAL_PLACEMENT",YES,"NOISE,OTHER",NOT_MENTIONED,,,
vus6d4void,1,naranjoModellingFrameworkAmbient2009,A Modelling Framework for Ambient Assisted Living Validation,"Naranjo, Juan-Carlos and Fernandez, Carlos and Sala, Pilar and Hellenschmidt, Michael and Mercalli, Franco",2009,,32,2.8,,,,,,ASSISTED_LIVING,,,,,,,,,,,,,,,,,,,,,,,,,,,,,,,,,,,
vvcfhn7rn2,1,kimTimeAwareLeveragingFraming2016,TimeAware: Leveraging Framing Effects to Enhance Personal Productivity,"Kim, Young-Ho and Jeon, Jae Ho and Choe, Eun Kyoung and Lee, Bongshin and Kim, KwonHyun and Seo, Jinwook",2016,,66,14.7,TimeAware,"An ambient widget on the OS menu bar/taskbar showing near real-time productivity (or distraction) score based on computer usage, paired with a web-based information dashboard.",YES,ADAIS,"PROTOTYPE,EVAL,USECASE",INCREASE_AWARENESS,HEALTH,WORKPLACE,,,,,,,,,CONTINUOUS,USER_POLL,VISUAL,PERSONAL,MEDIUM,SCREEN,ARTIFICIAL,YES,24,WEEKS,IN_SITU,USERS,PROTOTYPE,QUESTIONNAIRE,[NA],"SUBJECTIVE,OBJECTIVE",NONE,"PRESENCE,PULL",PERIPHERAL_PLACEMENT,NO,NA,NOT_MENTIONED,,,
vveotxxv22n,1,raskarOfficeFutureUnified1998,The Office of the Future: A Unified Approach to Image-Based Modeling and Spatially Immersive Displays,"Raskar, Ramesh and Welch, Greg and Cutts, Matt and Lake, Adam and Stesin, Lev and Fuchs, Henry",1998,,1090,48.4,,,,,,,,WORKPLACE,,,,,,,,,,,,,,,,NO,,,,,,,,,,,,,,,,,
vvfzcezrper,1,shenEvaluationMethodologyAmbient2007,An Evaluation Methodology for Ambient Displays,"Shen, X",2007,,8,0.6,,,,ADAIS,,,,,,,,,,,,,,,[NA],,,,,,,,,,,,,,,,,,,,,,
vvmu7l57qs,1,siegelContributionsAmbientAssisted2014,Contributions of Ambient Assisted Living for Health and Quality of Life in the Elderly and Care Services - a Qualitative Analysis from the Experts’ Perspective of Care Service Professionals,"Siegel, Christian and Hochgatterer, Andreas and Dorner, Thomas Ernst",2014,,49,7.5,,,,,,ASSISTED_LIVING,,,,,,,,,,,,,,,,,,,,,,,,,,,,,,,,,,,
vvo9149oq6,1,beeviDataQualityOriented2016,Data Quality Oriented Efficacy Evaluation Method for Ambient Assisted Living Technologies,"Beevi, Femina Hassan Aysha and Wagner, Stefan and Pedersen, Christian and Hallerstede, Stefan",2016,,2,0.4,,,,,,ASSISTED_LIVING,,,,,,,,,,,,,,,,,,,,,,,,,,,,,,,,,,,
vvxe3jbztnd,1,cardenasTestingAmbientAssisted2018,Testing Ambient Assisted Living Solutions with Simulations,"Cárdenas, Marlon and Sanz, Jorge Gómez and Pavón, Juan",2018,,2,0.8,,,,,,ASSISTED_LIVING,,,,,,,,,,,,,,,,,,,,,,,,,,,,,,,,,,,
vwbao8f41qe,1,satohContextawareServiceFramework2009,A Context-Aware Service Framework for Large-Scale Ambient Computing Environments,"Satoh, Ichiro",2009,,9,0.8,,,,,,,,,,,,,,,,,,,,,,,,NO,,,,,,,,,,,,,,,,,
vwst22b7tad,1,karnikPeripheralInteractionContext2013,Peripheral Interaction in the Context of DJing,"Karnik, Mayor",2013,,10,1.3,,,,,,,,,,,,,,,,,,,,,,,,,,,,,,,,,,,,,,,,,
vwvks60nadq,1,hausenEntanglingAmbientInformation2011,Entangling Ambient Information with Peripheral Interaction,"Hausen, Doris",2011,,,0,,,,,PROTOTYPE,,,,,,,,,,,,,,,,,,,,,,,,,,,,,,,,,,,,
vxftty98tst,1,mariFamilyCommunicationSupport2009,Family Communication Support Tool Using Time-Series Visualization of Individual Ambient Temperature,Mari and Takeshi Yoshikawa and Hidetoshi Nonaka,2009,,1,0.1,Untitled,,,,,INCREASE_AWARENESS,SOCIAL,"HOME,WORKPLACE",,,,,,,,,,,VISUAL,FAMILY,,SCREEN,,NO,,,,,,,,,,,,,,,,,
vxgwpvr2rl,1,mateevitsiHealthBarPersuasive2014,The Health Bar: A Persuasive Ambient Display to Improve the Office Worker's Well Being,"Mateevitsi, Victor and Reda, Khairi and Leigh, Jason and Johnson, Andrew",2014,,24,3.7,Health Bar,A light-tube installed below the monitor that changes color from green to red based on the user's sitting duration to encourage breaks,YES,ADAIS,"PROTOTYPE,USECASE",BEHAVIOURAL_CHANGE,HEALTH,"WORKPLACE,MEDICAL",,,,,,,,,CONTINUOUS,MAKE_AWARE,VISUAL,PERSONAL,MEDIUM,LED,ARTIFICIAL,NO,8,DAYS,IN_SITU,USERS,PROTOTYPE,QUESTIONNAIRE,[NA],SUBJECTIVE,NONE,"PRESENCE,PUSH",PERIPHERAL_PLACEMENT,YES,NONE,NOT_MENTIONED,,,
vybxjsp6cy,1,erazo-garzonQualityAssessmentApproaches2019,Quality Assessment Approaches for Ambient Assisted Living Systems: A Systematic Review,"Erazo-Garzon, Lenin and Erraez, Jean and Cedillo, Priscila and Illescas-Peña, Lourdes",2019,,,0,,,,,,ASSISTED_LIVING,,,,,,,,,,,,,,,,,,,,,,,,,,,,,,,,,,,
vyhixx4ck1,1,jaschinskiListeningOnesWho2019,Listening to the Ones Who Care: Exploring the Perceptions of Informal Caregivers towards Ambient Assisted Living Applications,"Jaschinski, Christina and Allouch, Somaya Ben",2019,,10,6.7,,,,,,ASSISTED_LIVING,,,,,,,,,,,,,,,,,,,,,,,,,,,,,,,,,,,
w2419xatl9,1,colomboDolphinSamSmart2016,Dolphin Sam: A Smart Pet for Children with Intellectual Disability,"Colombo, Simone and Garzotto, Franca and Gelsomini, Mirko and Melli, Mattia and Clasadonte, Francesco",2016,,15,3.3,Dolphin Sam,"Smart stuffed dolphin toy with embedded sensors/actuators that emits sound, vibration and light and integrates with ambient lights and multimedia projections in response to children's manipulation",YES,ADAIS,"PROTOTYPE,USECASE","AID_IN_ACTIVITY,OTHER","HEALTH,OTHER",MEDICAL,,,,,,,,,USER,MAKE_AWARE,VISUAL,GROUP,MEDIUM,"LED,SCREEN,PROJECTION,MOTOR,SPEAKER","FAMILIAR,ASSOCIATED",NO,,,IN_SITU,USERS,PROTOTYPE,,[NA],[NA],NONE,PUSH,AUGMENTATION,YES,NONE,NOT_MENTIONED,,,
w2lxfk8ecqd,1,deyAwarenessConnectednessDesign2006,From Awareness to Connectedness: The Design and Deployment of Presence Displays,"Dey, Anind K and Guzman, Edward S De",2006,,154,10.6,PresenceStool,,,,,INCREASE_AWARENESS,SOCIAL,HOME,,,,,,,,,,,,FAMILY,,,,YES,,,,,,,,,,,,,,,,,
w2nhd9cj90a,1,mirlacherAmbientRabbitsLikeability2009,Ambient Rabbits Likeability of Embodied Ambient Displays,"Mirlacher, Thomas and Buchner, Roland and Förster, Florian and Weiss, Astrid and Tscheligi, Manfred",2009,,24,2.1,Weather Forecast Nabaztag Rabbit,A Nabaztag smart rabbit displaying a two-day weather forecast using colored LEDs and ear movement,YES,ADAIS,"EVAL,PROTOTYPE,USECASE",INCREASE_AWARENESS,ENVIRONMENT,"WORKPLACE,SOCIAL",,,,,,,,,CONTINUOUS,USER_POLL,VISUAL,PUBLIC,MEDIUM,"LED,MOTOR",FAMILIAR,YES,32,WEEKS,IN_SITU,USERS,PROTOTYPE,"INTERVIEW,QUESTIONNAIRE",[NA],[NA],NONE,PRESENCE,PERIPHERAL_PLACEMENT,NO,NA,NO,,,
w363hvp44xn,1,kappelFeedbackAwarenessAmbient2008,From Feedback to Awareness: An Ambient Water Consumption Display,"Kappel, K and Grechenig, T",2008,,2,0.2,,,,ADAIS,,,,,,,,,,,,,,,VISUAL,,,,,,,,,,,,,,,,,,,,,,
w3ufd0r15e,1,nazemzadehIndoorPositioningWheeled2014,Indoor Positioning of Wheeled Devices for Ambient Assisted Living: A Case Study,"Nazemzadeh, Payam and Fontanelli, Daniele and Macii, David and Palopoli, Luigi",2014,,12,1.8,,,,,,ASSISTED_LIVING,,,,,,,,,,,,,,,,,,,,,,,,,,,,,,,,,,,
w3uy7pkaw4p,1,lindgrenUserauthoredAgentDialogues2013,Towards User-Authored Agent Dialogues for Assessment in Personalised Ambient Assisted Living,"Lindgren, Helena and Nilsson, Ingeborg",2013,,17,2.3,,,,,,ASSISTED_LIVING,,,,,,,,,,,,,,,,,,,,,,,,,,,,,,,,,,,
w6ms2yqstx,1,hammerschmidtEcoSonicAuditoryPeripheral2017,EcoSonic: Auditory Peripheral Monitoring of Fuel Consumption for Fuel-Efficient Driving,"Hammerschmidt, Jan and Hermann, Thomas",2017,,4,1.1,EcoSonic,,,AS,,INCREASE_AWARENESS,RESOURCES,TRANSPORT,,,,,,,,,,,,,,,,,,,,,,,,,,,,,,,,,
w75diru7wtr,1,elliotLocationdependentInformationAppliances2007,Location-Dependent Information Appliances for the Home,"Elliot, Kathryn and Watson, Mark and Neustaedter, Carman and Greenberg, Saul",2007,,27,2,Text LCD,"A simple text display showing 2 lines of 20 characters with a button to cycle through additional lines, used as a location-dependent information appliance",YES,ADAIS,"CONCEPT,PROTOTYPE,DEV","INCREASE_AWARENESS,NOTIFICATION","SOCIAL,EVENTS",HOME,,,,,,,,,OBJECT,USER_POLL,VISUAL,FAMILY,HIGH,SCREEN,ARTIFICIAL,YES,,,,,,,,,NONE,"PRESENCE,PULL",PERIPHERAL_PLACEMENT,YES,FABRICATION,NOT_MENTIONED,,,
w7avcr76r6,1,singhAmbientAssistedLiving2017,Ambient Assisted Living Technologies from the Perspectives of Older People and Professionals,"Singh, Deepika and Kropf, Johannes and Hanke, Sten and Holzinger, Andreas",2017,,13,3.7,,,,,,ASSISTED_LIVING,,,,,,,,,,,,,,,,,,,,,,,,,,,,,,,,,,,
w7fllglszk,1,stavrotheodorosHybridMatchmakingApproach2020,A Hybrid Matchmaking Approach in the Ambient Assisted Living Domain,"Stavrotheodoros, S and Kaklanis, N and Votis, K",2020,,,0,,,,,,ASSISTED_LIVING,,,,,,,,,,,,,,,,,,,,,,,,,,,,,,,,,,,
w7kkmk3w14f,1,cottingEmbeddingImperceptiblePatterns2004,Embedding Imperceptible Patterns into Projected Images for Simultaneous Acquisition and Display,"Cotting, Daniel and Naef, Martin and Gross, Markus and Fuchs, Henry",2004,,175,10.6,,,,,,,,WORKPLACE,,,,,,,,,,,,,,,,NO,,,,,,,,,,,,,,,,,
w7to0g78dfm,1,mankoffTenInchPixels2001,Ten Inch Pixels: Ambient Art for Remote Awareness,"Mankoff, Jennifer and Rowan, Jim and Mynatt, Elizabeth D and McJunkin, Mark and Hudson, Scott",2001,,1,0.1,Ten Inch Pixel,A digitally-controlled combination of oil on canvas and mechanical sculpture with four 10x10 inch movable painted pixels conveying messages about a distant elderly family member,YES,ADAIS,"PROTOTYPE,USECASE","INCREASE_AWARENESS,ASSISTED_LIVING","HEALTH,SOCIAL",HOME,,,,,,,,,EVENT,MAKE_AWARE,"VISUAL,POS",FAMILY,MEDIUM,MOTOR,ART,NO,,,,,,,,,NONE,"PRESENCE,PUSH",CAMOUFLAGE,YES,FABRICATION,NOT_MENTIONED,,,
w7zgopsbrti,1,changComTouchDesignVibrotactile2002,ComTouch: Design of a Vibrotactile Communication Device,"Chang, Angela and O'Modhrain, Sile and Jacob, Rob and Gunther, Eric and Ishii, Hiroshi",2002,,343,18.5,ComTouch,Sleeve for mobile phone that converts pressure on phone A to vibration to remote phone B,YES,"TUI,ADAIS","PROTOTYPE,DEV,EVAL","AID_IN_ACTIVITY,ASSISTED_LIVING",SOCIAL,OTHER,,,,,,,,,USER,MAKE_AWARE,"HAPTIC,VISUAL,AUDIO,POS",PARTNERSHIP,MEDIUM,SCREEN,ARTIFICIAL,NO,24,HOURS,IN_LAB,USERS,REDUCED_PROTOTYPE,"QUESTIONNAIRE,OBSERVATION,TASK_PERFORMANCE",[NA],[NA],NONE,PUSH,,YES,"NOISE,OTHER",NOT_MENTIONED,,,
w9i839elsjn,1,arreolaCheckingCheckingDesigning2014,From Checking on to Checking in: Designing for Low Socio-Economic Status Older Adults,"Arreola, Ingrid and Morris, Zan and Francisco, Matthew and Connelly, Kay and Caine, Kelly and White, Ginger",2014,,29,4.5,Presence Clock,An analog desk clock modified with a motion sensor and 48 LEDs around the face that display real-time and 12-hour historical motion/presence information shared between paired clocks of an older adult and caregiver.,YES,ADAIS,"PROTOTYPE,USECASE","INCREASE_AWARENESS,ASSISTED_LIVING",HEALTH,"MEDICAL,HOME",,,,,,,,,EVENT,USER_POLL,VISUAL,FAMILY,HIGH,LED,FAMILIAR,YES,4,,IN_SITU,USERS,PROTOTYPE,COMMENTS,[NA],[NA],NONE,PRESENCE,AUGMENTATION,YES,NONE,NOT_MENTIONED,,,
w9j8ea56ix,1,danielescuBuildingMemoryResponsive2010,Building with a Memory: Responsive Color Interventions,"Danielescu, Andreea and Spicer, Ryan and Tinapple, David and Kelliher, Aisling and Campana, Ellen",2010,,1,0.1,Building with a Memory: Interactive Lights,Two wall-mounted light panels acting as physical pixels that wash the wall with color to convey real-time and historical human activity in a lobby,YES,ADAIS,"PROTOTYPE,USECASE,ISSUES",INCREASE_AWARENESS,HEALTH,WORKPLACE,,,,,,,,,CONTINUOUS,CHANGE_BLIND,VISUAL,PUBLIC,MEDIUM,LED,ART,NO,75,DAYS,IN_SITU,"USERS,EXPERTS",PROTOTYPE,"OBSERVATION,COMMENTS",[NA],OBJECTIVE,NONE,PRESENCE,CAMOUFLAGE,YES,NONE,NOT_MENTIONED,,,
w9xd0xguih8,1,lungEmbeddedAmbientAssisted2008,Embedded Ambient Assisted Living System,"Lung, C and Ancuţa, C",2008,,7,0.6,,,,,,ASSISTED_LIVING,,,,,,,,,,,,,,,,,,,,,,,,,,,,,,,,,,,
waj5eb66z2,1,makoninElementsConsumptionAbstract2011,Elements of Consumption: An Abstract Visualization of Household Consumption,"Makonin, Stephen and Pasquier, Philippe and Bartram, Lyn",2011,,16,1.7,EoC Normal,"An abstract art canvas using artificial-life organisms and real-time fluid dynamics to visualize household electricity, water, and natural gas consumption on an ambient display",YES,ADAIS,"PROTOTYPE,USECASE",BEHAVIOURAL_CHANGE,RESOURCES,HOME,,,,,,,,,CONTINUOUS,CHANGE_BLIND,VISUAL,HOUSEHOLD,LOW,SCREEN,ART,NO,,,,,,,,,NONE,PRESENCE,CAMOUFLAGE,NO,NA,NOT_MENTIONED,,,
waydnq5k9nh,1,knollKonzeptionUndRealisierung2013,Konzeption Und Realisierung Einer Client-Server-Anwendung Zum Mobilen Entfernten Zugriff Auf Dienste Einer Ambient Assisted Living Service Plattform,"Knoll, A",2013,,2,0.3,,,,,,ASSISTED_LIVING,,,,,,,,,,,,,,,,,,,,,,,,,,,,,,,,,,,
wc0gnussmjg,1,leungDesigningPersonalVisualization2011,Designing a Personal Visualization Projection of Online Social Identity,"Leung, Mandy and Tomitsch, Martin and Vande Moere, Andrew",2011,,18,1.9,Untitled,,,,PROTOTYPE,,SOCIAL,,,,,,,,,,,,VISUAL,,,,,YES,,,IN_SITU,,,,,,,,,,,,,,
wcdaaiw0rre,1,bellmuntAgileFrameworkRapid2016,Agile Framework for Rapid Deployment in Ambient Assisted Living Environments,"Bellmunt, Joaquim and Mokhtari, Mounir and Abdulzarak, Bessam and Aloulou, Hamdi",2016,,11,2.4,,,,,,ASSISTED_LIVING,,,,,,,,,,,,,,,,,,,,,,,,,,,,,,,,,,,
wd7drhdknsb,1,eppleAmbientOdorsAssociated1999,Ambient Odors Associated to Failure Influence Cognitive Performance in Children,"Epple, Gisela and Herz, Rachel",1999,,108,5,,,,,,,,,,,,,,,,,,,,,,,,NO,,,,,,,,,,,,,,,,,
wde23v8kvmq,1,hammerschmidtAmbientDisplaysSupporting2017,Ambient Displays Supporting Environmentally-Conscious Behavior,"Hammerschmidt, Jan",2017,,,0,InfoPlant,A 'living' plant-like interface giving feedback on household electricity consumption via plant movement and color,YES,ADAIS,"PROTOTYPE,EVAL,USECASE","BEHAVIOURAL_CHANGE,INCREASE_AWARENESS",RESOURCES,HOME,,,,,,,,,CONTINUOUS,MAKE_AWARE,"VISUAL,SHAPE",HOUSEHOLD,MEDIUM,"MOTOR,LED",FAMILIAR,YES,,MONTHS,IN_SITU,USERS,PROTOTYPE,"INTERVIEW,QUESTIONNAIRE",[NA],OBJECTIVE,PERIPHERAL_ATTENTION,PRESENCE,"CAMOUFLAGE,PERIPHERAL_PLACEMENT",YES,NONE,NOT_MENTIONED,,,
weckm50ev7,1,minakuchiRichbiffEMailMessage2009,Richbiff: E-Mail Message Notification with Richer Clues,"Minakuchi, Mitsuru and Miyamori, Hisashi",2009,,2,0.2,Richbiff,An e-mail notification application that peripherally displays summaries of messages using kinetic typography with motion patterns indicating notification level,YES,ADAIS,"PROTOTYPE,USECASE,DEV","NOTIFICATION,INCREASE_AWARENESS","EVENTS,SOCIAL","WORKPLACE,HOME",,,,,,,,,EVENT,MAKE_AWARE,VISUAL,PERSONAL,HIGH,SCREEN,ARTIFICIAL,NO,,,IN_PRESENTATION,USERS,PROTOTYPE,"COMMENTS,OBSERVATION",[NA],SUBJECTIVE,NONE,PUSH,PERIPHERAL_PLACEMENT,NO,NA,NOT_MENTIONED,,,
wedtz8aczeg,1,tauschThinkingDisneySupporting2015,Thinking Like Disney: Supporting the Disney Method Using Ambient Feedback Based on Group Performance,"Tausch, Sarah and Steinberger, Fabius and Hußmann, Heinrich",2015,,3,0.5,Group Mirror,A horizontal tabletop display showing three colored circles representing the distribution of statements among the three Disney method roles,YES,ADAIS,"PROTOTYPE,USECASE,EVAL","INCREASE_AWARENESS,BEHAVIOURAL_CHANGE,AID_IN_ACTIVITY",SOCIAL,"EDUCATION,WORKPLACE",,,,,,,,,EVENT,CHANGE_BLIND,VISUAL,GROUP,MEDIUM,SCREEN,ARTIFICIAL,YES,16,HOURS,IN_SITU,USERS,WOZ,QUESTIONNAIRE,[NA],"OBJECTIVE,SUBJECTIVE",NONE,PRESENCE,"PERIPHERAL_PLACEMENT,CAMOUFLAGE",NO,NA,NOT_MENTIONED,,,
wej0u4demte,1,zainkoAspectsSyntheticElderly2013,Some Aspects of Synthetic Elderly Voices in Ambient Assisted Living Systems,"Zainkó, C and Tóth, B and Bartalis, M",2013,,2,0.3,,,,,,ASSISTED_LIVING,,,,,,,,,,,,,,,,,,,,,,,,,,,,,,,,,,,
wg8vzrs2n7i,1,stiehl2005design,"Design of a Therapeutic Robotic Companion for Relational, Affective Touch","Stiehl, Walter Dan and Lieberman, Jeff and Breazeal, Cynthia and Basel, Louis and Lalla, Levi and Wolf, Michael",2005,,179,11.5,Huggable,Haptics,,,,,HEALTH,MEDICAL,,,,,,,,,,,,,,,,NO,,,,,,,,,,,,,,,,,
wgcc4n8zkk,1,romeroConnectingFamilyAwareness2007,Connecting the Family with Awareness Systems,"Romero, Natalia and Markopoulos, Panos and van Baren, Joy and de Ruyter, Boris and IJsselsteijn, Wijnand and Farshchian, Babak",2007,,193,14.3,,,,,,INCREASE_AWARENESS,SOCIAL,HOME,,,,,,,,,,,,FAMILY,,,,YES,,,,,,"INTERVIEW,QUESTIONNAIRE",,,,,,,,,,,
wgj0rx11rif,1,munozDesignEvaluationAmbient2011,Design and Evaluation of an Ambient Assisted Living System Based on an Argumentative Multi-Agent System,"Muñoz, Andrés and Augusto, Juan Carlos and Villa, Ana and Botía, Juan Antonio",2011,,49,5.2,,,,,,ASSISTED_LIVING,,,,,,,,,,,,,,,,,,,,,,,,,,,,,,,,,,,
wgmc7lkphfp,1,vacherEvaluationContextawareVoice2015,Evaluation of a Context-Aware Voice Interface for Ambient Assisted Living: Qualitative User Study vs. Quantitative System Evaluation,"Vacher, M and Caffiau, S and Portet, F and Meillon, B",2015,,49,8.9,,,,,,ASSISTED_LIVING,,,,,,,,,,,,,,,,,,,,,,,,,,,,,,,,,,,
whhgr91q81k,1,youllAmbientDayplannerTangible1999,Ambient Dayplanner: A Tangible Interface for Public and Private Appointment Calendars,"Youll, Jim and Spiegel, Dana",1999,,5,0.2,Ambient Dayplanner,"A clock projected onto a wall showing time and upcoming appointments as blocks of light, with a tangible pegboard-and-mirror interface reflecting reminders onto a desk and ambient birdcall sounds",YES,"TUI,ADAIS","PROTOTYPE,USECASE","INCREASE_AWARENESS,NOTIFICATION",EVENTS,WORKPLACE,,,,,,,,,CONTINUOUS,MAKE_AWARE,HAPTIC,"PUBLIC,PERSONAL",MEDIUM,"PROJECTION,SPEAKER",ASSOCIATED,NO,,,,,,,,,NONE,"PRESENCE,PUSH",PERIPHERAL_PLACEMENT,YES,NONE,NOT_MENTIONED,,,
whq0ftvyzgf,1,liuIndoormovementSimulatorAmbient2015,An Indoor-Movement Simulator for Ambient Assisted Living Systems,"Liu, Wei and Shoji, Yozo and Shinkuma, Ryoichi",2015,,1,0.2,,,,,,ASSISTED_LIVING,,,,,,,,,,,,,,,,,,,,,,,,,,,,,,,,,,,
whv2v6cq04a,1,walshEphemeralInteractionUsing2014,Ephemeral Interaction Using Everyday Objects,"Walsh, James A. and von Itzstein, Stewart and Thomas, Bruce H.",2014,,14,2.2,,,,,,,,,,,,,,,,,,,,,,,,,,,,,,,,,,,,,,,,,
wijgf7esx0r,1,demarchiTransitTraceRoutePlanning2015,TransitTrace: Route Planning Using Ambient Displays,"De Marchi, Massimo and Eriksson, Jakob and Forbes, Angus Graeme",2015,,4,0.7,TransitTrace,A non-interactive ambient display visualization showing animated public transit vehicle traces to aid travelers in route planning,YES,ADAIS,"PROTOTYPE,USECASE,DEV","AID_IN_ACTIVITY,INCREASE_AWARENESS","EVENTS,OTHER","TRANSPORT,URBAN",,,,,,,,,CONTINUOUS,USER_POLL,VISUAL,PUBLIC,HIGH,SCREEN,ASSOCIATED,NO,,HOURS,IN_LAB,USERS,PROTOTYPE,"OBSERVATION,COMMENTS",[NA],[NA],NONE,PRESENCE,PERIPHERAL_PLACEMENT,NO,NA,NOT_MENTIONED,,,
wis46v0lsd,1,boyerFriendGlassPrivacyPreserving,FriendGlass: A Privacy Preserving Ambient Location Display,"Boyer, JP and Karahalios, KG",,,,0,FriendGlass,"A screen-based ambient display showing users' locations in a building as fading colored dots on a map, with privacy controls.",YES,ADAIS,"PROTOTYPE,USECASE,ISSUES","INCREASE_AWARENESS,NOTIFICATION",SOCIAL,"WORKPLACE,EDUCATION",,,,,,,,,CONTINUOUS,MAKE_AWARE,VISUAL,PERSONAL,HIGH,SCREEN,ARTIFICIAL,YES,15,HOURS,IN_PRESENTATION,USERS,SIMULATION,"QUESTIONNAIRE,COMMENTS",[NA],[NA],NONE,"PRESENCE,PUSH",PERIPHERAL_PLACEMENT,NO,NA,NOT_MENTIONED,,,
wke09pcu65,1,grossiFlexibleFrameworkAmbient2012,A Flexible Framework for Ambient Assisted Living Applications,"Grossi, Ferdinando and Bianchi, Valentina and Losardo, Agostino and Matrella, Guido and Munari, Ilaria De and Ciampolini, Paolo",2012,,5,0.6,,,,,,ASSISTED_LIVING,,,,,,,,,,,,,,,,,,,,,,,,,,,,,,,,,,,
wktvc0g1s4,1,rodriguesAmbientAssistedLiving2015,Ambient Assisted Living Communications [Guest Editorial],"Rodrigues, Joel and Misra, Sudip and Wang, Haohong and Zhu, Zuqing",2015,,7,1.3,,,,,,ASSISTED_LIVING,,,,,,,,,,,,,,,,,,,,,,,,,,,,,,,,,,,
wl13xtc5e6s,1,jacquetAmbientAssistedLiving2012,An Ambient Assisted Living Framework Supporting Personalization Based on Ontologies,"Jacquet, C and Mateos, M and Bretault, P and Jean-Bart, B",2012,,2,0.2,,,,,,ASSISTED_LIVING,,,,,,,,,,,,,,,,,,,,,,,,,,,,,,,,,,,
wllx7zj48n,1,ogradyManagingDiversityPractical2010,Managing Diversity in Practical Ambient Assisted Living Ecosystems,"O'Grady, MJ and Walsh, M and Tynan, R and Gurrin, C",2010,,1,0.1,,,,,,ASSISTED_LIVING,,,,,,,,,,,,,,,,,,,,,,,,,,,,,,,,,,,
wlrddta6kd,1,friedewaldSafeguardsWorldAmbient2008,Safeguards in a World of Ambient Intelligence: Outline of a Research Agenda on the European Level,"Friedewald, Michael",2008,,171,13.7,,,,AMI,,,HEALTH,,,,,,,,,,,,,,,,,NO,,,,,,,,,,,,,,,,,
wlrxx581sb,1,altExploringAmbientVisualizations2010,Exploring Ambient Visualizations of Context Information,"Alt, Florian and Shirazi, Alireza Sahami and Kaiser, Andreas and Pfeuffer, Ken and Gürkan, Emre and Schmidt, Albrecht and Holleis, Paul and Wagner, Matthias",2010,,5,0.5,Nabaztag,"Distance and mood of connected people (colleagues, framily, friends, partner)",YES,ADAIS,PROTOTYPE,INCREASE_AWARENESS,SOCIAL,"HOME,WORKPLACE",,,,,,,,,CONTINUOUS,USER_POLL,"VISUAL,POS",HOUSEHOLD,MEDIUM,SCREEN,ARTIFICIAL,YES,73,HOURS,IN_PRESENTATION,USERS,SIMULATION,"QUESTIONNAIRE,TASK_PERFORMANCE",[NA],[NA],NONE,PRESENCE,PERIPHERAL_PLACEMENT,NO,NA,NOT_MENTIONED,,,
wlyox8ooev,1,dingliTurningHomesLowcost2012,Turning Homes into Low-Cost Ambient Assisted Living Environments,"Dingli, Alexiei and Attard, Daniel and Mamo, Ruben",2012,,12,1.4,,,,,,ASSISTED_LIVING,,,,,,,,,,,,,,,,,,,,,,,,,,,,,,,,,,,
wm6ogklwfc,1,rogersAmbientInfluenceCan2010,Ambient Influence: Can Twinkly Lights Lure and Abstract Representations Trigger Behavioral Change?,"Rogers, Yvonne and Hazlewood, William R. and Marshall, Paul and Dalton, Nick and Hertrich, Susanna",2010,,169,16.1,Follow-the-Lights,LEDs in carpet showing way to staircase (away from elevator) to nudge people to take the stairs,YES,ADAIS,"PROTOTYPE,EVAL,USECASE",BEHAVIOURAL_CHANGE,HEALTH,WORKPLACE,,,,,,,,,USER,MAKE_AWARE,"VISUAL,AUDIO",PUBLIC,LOW,LED,ART,YES,149,WEEKS,IN_SITU,USERS,PROTOTYPE,INTERVIEW,[NA],"SUBJECTIVE,OBJECTIVE",AWARENESS_CONSCIOUSNESS,PUSH,"INVISIBILITY,AUGMENTATION",YES,FAILURE,NOT_MENTIONED,,,
wnb7nulzkh,1,stocklowMultitenancyAwareAmbient2014,Multi-Tenancy Aware Ambient Assisted Living Platforms in the Cloud,"Stocklöw, Carsten and Gil, Alejandro M. Medrano and Valero, Alvaro Fides and Girolami, Michele and Lenzi, Stefano",2014,,5,0.8,,,,,,ASSISTED_LIVING,,,,,,,,,,,,,,,,,,,,,,,,,,,,,,,,,,,
wnlhxjx6foq,1,dietheProbabilisticSensorFusion2017,Probabilistic Sensor Fusion for Ambient Assisted Living,"Diethe, T and Twomey, N and Kull, M and Flach, P",2017,,11,3.1,,,,AS,,ASSISTED_LIVING,,,,,,,,,,,,,,,,,,,,,,,,,,,,,,,,,,,
wo2ggvohp49,1,steinbergerCoastMasterAmbientSpeedometer2016,CoastMaster: An Ambient Speedometer to Gamify Safe Driving,"Steinberger, Fabius and Proppe, Patrick and Schroeter, Ronald and Alt, Florian",2016,,18,4,CoastMaster,Smartphone app acting as an ambient speedometer that uses large coloured shapes and audio cues to gamify coasting down to new speed limits,YES,ADAIS,"PROTOTYPE,USECASE,EVAL","BEHAVIOURAL_CHANGE,AID_IN_ACTIVITY",SAFETY,TRANSPORT,,,,,,,,,CONTINUOUS,MAKE_AWARE,"VISUAL,AUDIO",PERSONAL,MEDIUM,SCREEN,"ASSOCIATED,ARTIFICIAL",YES,24,HOURS,IN_LAB,"USERS,EXPERTS",PROTOTYPE,"INTERVIEW,QUESTIONNAIRE",PHYSIOLOGICAL,"OBJECTIVE,SUBJECTIVE",NONE,"PRESENCE,PUSH",PERIPHERAL_PLACEMENT,NO,NA,NOT_MENTIONED,,,
wogt4yc7f7j,1,bledaAmbientAssistedLiving2014,Ambient Assisted Living Tools for a Sustanaible Aging Society,"Bleda, Andrés L. and Maestre, Rafael and Jara, Antonio J. and Skarmeta, Antonio Gomez",2014,,10,1.5,,,,,,ASSISTED_LIVING,,,,,,,,,,,,,,,,,,,,,,,,,,,,,,,,,,,
woi0fiw8738,1,fothUbiOpticonParticipatorySousveillance2014,UbiOpticon: Participatory Sousveillance with Urban Screens and Mobile Phone Cameras,"Foth, Marcus and Heikkinen, Tommi and Ylipulli, Johanna and Luusua, Anna and Satchell, Christine and Ojala, Timo",2014,,10,1.5,UbiOpticon,,,,,,,URBAN,,,,,,,,,,,,,,,,YES,,,IN_SITU,,,,,,,,,,,,,,
wpnv3z0mssj,1,voraFAALFogComputingbased2017,FAAL: Fog Computing-Based Patient Monitoring System for Ambient Assisted Living,"Vora, Jayneel and Tanwar, Sudeep and Tyagi, Sudhanshu and Kumar, Neeraj and Rodrigues, Joel J P C",2017,,69,19.7,FAAL,,,AS,,ASSISTED_LIVING,,,,,,,,,,,,,,,,,,,,,,,,,,,,,,,,,,,
wppeh2xzwad,1,arroyoSelfAdaptiveMultimodalInterruptionInterfaces2003,Self-Adaptive Multimodal-Interruption Interfaces,"Arroyo, Ernesto and Selker, Ted",2003,,41,2.3,Thermo-mouse pad,A copper mouse pad with peltier devices that warms the area in contact with the user's hand to deliver thermal interruptions,YES,ADAIS,"PROTOTYPE,EVAL",NOTIFICATION,EVENTS,WORKPLACE,,,,,,,,,EVENT,INTERRUPT,HEAT,PERSONAL,LOW,MOTOR,ARTIFICIAL,NO,23,HOURS,IN_LAB,USERS,PROTOTYPE,"QUESTIONNAIRE,COMMENTS,OBSERVATION,TASK_PERFORMANCE",DUAL_TASK,[NA],"PERIPHERAL_ATTENTION,COGNITIVE_LOAD",PUSH,AUGMENTATION,YES,SAFETY,NOT_MENTIONED,,,
wq0d7e9kmvd,1,lucaDoesMoodyBoardMake2011,Does MoodyBoard Make Internet Use More Secure?: Evaluating an Ambient Security Visualization Tool,"Luca, Alexander De and Frauendienst, Bernhard and Maurer, Max-Emanuel and Seifert, Julian and Hausen, Doris and Kammerer, Niels and Hussmann, Heinrich",2011,,8,0.8,MoodyBoard,A keyboard with RGB LEDs that glows in colors and vibrates to warn users of insecure web situations,YES,ADAIS,EVAL,"INCREASE_AWARENESS,NOTIFICATION,BEHAVIOURAL_CHANGE",SAFETY,"HOME,WORKPLACE",,,,,,,,,USER,MAKE_AWARE,VISUAL,PUBLIC,LOW,"LED,MOTOR,SCREEN","AUGMENTATION,FAMILIAR",YES,56,HOURS,IN_LAB,USERS,PROTOTYPE,QUESTIONNAIRE,[NA],OBJECTIVE,NONE,"PUSH,PULL",AUGMENTATION,YES,NONE,NOT_MENTIONED,,,
wqdm77yo8vr,1,khalidSensorVirtualizationMiddleware2019,Sensor Virtualization Middleware Design for Ambient Assisted Living Based on the Priority Packet Processing,"Khalid, Zubair and Khalid, Usman and Sarijari, Mohd Adib and Safdar, Hashim and Ullah, Rahat and Qureshi, Mohsin and Rehman, Shafiq Ur",2019,,1,0.7,,,,AS,,ASSISTED_LIVING,,,,,,,,,,,,,,,,,,,,,,,,,,,,,,,,,,,
wrzxp44dws,1,tomitschDesignImplicationsUbiquitous2007,Design Implications for a Ubiquitous Ambient Sound Display for the Deaf.,"Tomitsch, Martin and Grechenig, Thomas",2007,,10,0.7,Ubiquitous Ambient Sound Display for the Deaf,"Ceiling projection that visualizes ambient sounds as icons/patterns for deaf and hearing-impaired people, supplemented by a wall-mounted display showing an overview map of sounds in the home",YES,ADAIS,"ISSUES,EVAL","INCREASE_AWARENESS,NOTIFICATION,ASSISTED_LIVING","EVENTS,SAFETY,SOCIAL",HOME,,,,,,,,,EVENT,MAKE_AWARE,AUDIO,HOUSEHOLD,MEDIUM,"PROJECTION,SCREEN","ART,FAMILIAR",YES,18,HOURS,"IN_SITU,IN_PRESENTATION","USERS,EXPERTS",REDUCED_PROTOTYPE,"INTERVIEW,QUESTIONNAIRE",[NA],[NA],PERIPHERAL_ATTENTION,"PUSH,PRESENCE",PERIPHERAL_PLACEMENT,NO,NA,NOT_MENTIONED,,,
ws0k17o9woi,1,porambageSecureEndendCommunication2015,Secure End-to-End Communication for Constrained Devices in IoT-enabled Ambient Assisted Living Systems,"Porambage, Pawani and Braeken, An and Gurtov, Andrei and Ylianttila, Mika and Spinsante, Susanna",2015,,32,5.8,,,,IOT,,ASSISTED_LIVING,,,,,,,,,,,,,,,,,,,,,,,,,,,,,,,,,,,
ws1t1wt7jni,1,eslerNextCenturyChallenges1999,Next Century Challenges: Data-Centric Networking for Invisible Computing: The Portolano Project at the University of Washington,"Esler, Mike and Hightower, Jeffrey and Anderson, Tom and Borriello, Gaetano",1999,,232,10.8,Portolano,lazowska.cs.washington.edu/presentations/portolano.pptlazowska.cs.washington.edu/presentations/portolano.ppt,,,,,,"WORKPLACE,HOME",,,,,,,,,,,,,,,,NO,,,,,,,,,,,,,,,,,
ws70u7944ok,1,sunDesignToolReason2006,A Design Tool to Reason about Ambient Assisted Living Systems,"Sun, Hong and Florio, Vincenzo De and Blondia, Chris",2006,,27,1.9,,,,,,ASSISTED_LIVING,,,,,,,,,,,,,,,,,,,,,,,,,,,,,,,,,,,
wtxxy46x19,1,marchesePlatoCaveImage2004a,Plato’s Cave: An Image Stream Installation within an Office Setting,"Marchese, S.M. and Marchese, F.T.",2004,,1,0.1,Plato's cave,A live camera stream of the surrounding cityscape projected onto a blank office hallway wall as an ambient display,YES,ADAIS,"USECASE,PROTOTYPE",INCREASE_AWARENESS,"ENVIRONMENT,SOCIAL",WORKPLACE,,,,,,,,,CONTINUOUS,USER_POLL,VISUAL,PUBLIC,HIGH,SCREEN,ART,NO,,,,,,,,,NONE,PRESENCE,CAMOUFLAGE,NO,NA,NOT_MENTIONED,,,
wu1adycth9k,1,estudillo-valderramaAmbientAssistedLiving2010,Ambient Assisted Living: A Methodological Approach,"Estudillo-Valderrama, Miguel A. and Roa, Laura M. and Reina-Tosina, Javier and Roman-Martinez, Isabel",2010,,19,1.8,,,,,,ASSISTED_LIVING,,,,,,,,,,,,,,,,,,,,,,,,,,,,,,,,,,,
wvspqvgw6th,1,ferschaInformativeArtDisplay2007,Informative Art Display Metaphors,"Ferscha, Alois",2007,,25,1.9,,,,,,,HEALTH,"WORKPLACE,HOME",,,,,,,,,,,,,,,,NO,,,,,,,,,,,,,,,,,
wwa7br31hb9,1,przybyloLandmarkDetectionWearable2015,Landmark Detection for Wearable Home Care Ambient Assisted Living System,"Przybylo, Jaromir",2015,,9,1.6,,,,,,ASSISTED_LIVING,,,,,,,,,,,,,,,,,,,,,,,,,,,,,,,,,,,
wwixwosb0i,1,rashidiSurveyAmbientAssisted2013,A Survey on Ambient Assisted Living Tools for Older Adults,"Rashidi, P and Mihailidis, a",2013,,936,124.8,,,,,,"INCREASE_AWARENESS,ASSISTED_LIVING","RESOURCES,HEALTH",MEDICAL,,,,,,,,,,,,,,,,NO,,,,,,,,,,,,,,,,,
wx849ce0ear,1,matviienkoDerivingDesignGuidelines2015,Deriving Design Guidelines for Ambient Light Systems,"Matviienko, Andrii and Heuten, Wilko and Cobus, Vanessa and Müller, Heiko and Fortmann, Jutta and Löcken, Andreas and Boll, Susanne and Rauschenberger, Maria and Timmermann, Janko and Trappe, Christoph",2015,,36,6.5,,,,,DEFTAX,INCREASE_AWARENESS,"RESOURCES,HEALTH",,,,,,,,,,,,VISUAL,,,,,YES,,,,,,"INTERVIEW,QUESTIONNAIRE",,,,,,,,,,,
wxean64atd,1,haiderASystemRealTime2019,A System for Real-Time Privacy Preserving Data Collection for Ambient Assisted Living.,"Haider, F and Luz, S",2019,,3,2,,,,,,ASSISTED_LIVING,,,,,,,,,,,,,,,,,,,,,,,,,,,,,,,,,,,
wz2xo0q8wah,1,schaferSupportingPeripheralWeb2001,Supporting Peripheral Web Awareness Using Wallpaper,"Schafer, W A and Helms, J W and Ramnani, S and Suresh, S and McCrickard, D S",2001,,,0,Continuous Web Image Collector,"Desktop wallpaper that collects images from user-selected web sites, applies color filters, and displays them on the screen background to raise awareness of web changes",YES,ADAIS,"PROTOTYPE,USECASE",INCREASE_AWARENESS,"EVENTS,OTHER",WORKPLACE,,,,,,,,,CONTINUOUS,USER_POLL,VISUAL,PERSONAL,HIGH,SCREEN,FAMILIAR,NO,7,DAYS,IN_SITU,USERS,PROTOTYPE,"COMMENTS,OBSERVATION",[NA],SUBJECTIVE,NONE,"PRESENCE,PULL","PERIPHERAL_PLACEMENT,AUGMENTATION",NO,NA,NOT_MENTIONED,,,
wzsdnnc292m,1,kuniavskyNabaztagAmbiguousAvatar2010,"Nabaztag, an Ambiguous Avatar","Kuniavsky, Mike",2010,,392,37.3,Nabaztag,,,,PROTOTYPE,,,,,,,,,,,,,,,,,,,,,,,,,,,,,,,,,,,,
x1urlqx2kis,1,cassaraChoosingRSSDevicefree2015,Choosing an RSS Device-Free Localization Algorithm for Ambient Assisted Living,"Cassara, Pietro and Potorti, Francesco and Barsocchi, Paolo and Girolami, Michele",2015,,10,1.8,,,,,,ASSISTED_LIVING,,,,,,,,,,,,,,,,,,,,,,,,,,,,,,,,,,,
x2qzllxwcf,1,yazarMultisensorAmbientAssisted2014,Multi-Sensor Ambient Assisted Living System for Fall Detection,"Yazar, A and Erden, F and Cetin, AE",2014,,37,5.7,,,,AS,,ASSISTED_LIVING,,,,,,,,,,,,,,,,,,,,,,,,,,,,,,,,,,,
x2tasa3lgni,1,phullComparativeAnalysisProminent2016,Comparative Analysis of Prominent Middleware Platforms in the Domain of Ambient Assisted Living (AAL) for an Older Adults with Dementia (OAwD) Scenario,"Phull, R and Liscano, R and Mihailidis, A",2016,,10,2.2,,,,,,ASSISTED_LIVING,,,,,,,,,,,,,,,,,,,,,,,,,,,,,,,,,,,
x2vunbr5scj,1,ferryCollaborativeWorkflowComputeraided2015,A Collaborative Workflow for Computer-Aided Design in Ambient Assisted Living: The ASIM Project,"Ferry, N and Berruet, P and Allegre, W and Augu, L",2015,,1,0.2,,,,,,ASSISTED_LIVING,,,,,,,,,,,,,,,,,,,,,,,,,,,,,,,,,,,
x4gh9tqlozq,1,fogartyAestheticInformationCollages2001,Aesthetic Information Collages: Generating Decorative Displays That Contain Information,"Fogarty, James and Forlizzi, Jodi and Hudson, Scott E",2001,,151,7.7,Kandinsky,"A system that generates decorative collages from information-bearing images using aesthetic templates and optimization, displayed as a painting/poster on a wall",YES,ADAIS,"DEV,PROTOTYPE,USECASE",INCREASE_AWARENESS,"EVENTS,SOCIAL","WORKPLACE,HOME",,,,,,,,,EVENT,CHANGE_BLIND,VISUAL,PUBLIC,HIGH,SCREEN,"ART,FAMILIAR",NO,,,,,,,,,NONE,PRESENCE,CAMOUFLAGE,NO,NA,NOT_MENTIONED,,,
x59oua4i9b,1,schneiderRuntimeModelsSelfadaptation2008,Runtime Models for Self-Adaptation in the Ambient Assisted Living Domain,"Schneider, D and Becker, M",2008,,19,1.5,,,,,,ASSISTED_LIVING,,,,,,,,,,,,,,,,,,,,,,,,,,,,,,,,,,,
x5pe6hy1kog,1,elhadyASystematicSurvey2018,A Systematic Survey on Sensor Failure Detection and Fault-Tolerance in Ambient Assisted Living,"ElHady, NE and Provost, J",2018,,18,7.2,,,,AS,,ASSISTED_LIVING,,,,,,,,,,,,,,,,,,,,,,,,,,,,,,,,,,,
x62aqucx2j,1,torres-sospedraHomeMonitoringSystem2017,In-Home Monitoring System Based on WiFi Fingerprints for Ambient Assisted Living,"Torres-Sospedra, Joaquín and Belmonte-Fernández, Óscar and Montoliu, Raúl and Trilles, Sergio and Calia, Andrea",2017,,2,0.6,,,,AS,,ASSISTED_LIVING,,,,,,,,,,,,,,,,,,,,,,,,,,,,,,,,,,,
x672mf4v00q,1,avilaEHealthAmbientAssistedLiving2011,E-Health—Ambient Assisted Living and Personal Health Systems,"Avila, N and Sampogna, C",2011,,2,0.2,,,,,,ASSISTED_LIVING,,,,,,,,,,,,,,,,,,,,,,,,,,,,,,,,,,,
x7mwwvp9wm,1,jaraInteractionPatientsBreathing2012,Interaction of Patients with Breathing Problems through NFC in Ambient Assisted Living Environments,"Jara, Antonio J. and Lopez, Pablo and Fern'ndez, David and Ubeda, Benito and Zamora, Miguel A. and Skarmeta, Antonio F.G.",2012,,8,0.9,,,,,,ASSISTED_LIVING,,,,,,,,,,,,,,,,,,,,,,,,,,,,,,,,,,,
x7ywwp5ejvm,1,bodnarAROMAAmbientAwareness2004,AROMA: Ambient Awareness through Olfaction in a Messaging Application,"Bodnar, Adam and Corbett, Richard and Nekrasovski, Dmitry",2004,,128,7.8,AROMA,Scent diffusers that release distinct smells to notify users of incoming messaging events,YES,ADAIS,"EVAL,PROTOTYPE","NOTIFICATION,INCREASE_AWARENESS","SOCIAL,EVENTS",WORKPLACE,,,,,,,,,EVENT,MAKE_AWARE,SMELL,PERSONAL,LOW,MOTOR,ARTIFICIAL,YES,12,HOURS,IN_LAB,USERS,PROTOTYPE,"QUESTIONNAIRE,INTERVIEW,TASK_PERFORMANCE",[NA],[NA],NONE,PUSH,PERIPHERAL_PLACEMENT,YES,"NOISE,OTHER",NOT_MENTIONED,,,
x8akuq6amb9,1,oliveraNotDisturbPhysical2011,Do Not Disturb: Physical Interfaces for Parallel Peripheral Interactions,"Olivera, Fernando and García-Herranz, Manuel and Haya, Pablo A. and Llinás, Pablo",2011,,29,3.1,Do not disturb dice,Twelve sided dice to set the status on social networks,,,,,,,,,,,,,,,,,,,,,,NO,,,,,,,,,,,,,,,,,
x924ba61m5,1,hemmertShapechangingMobilesTapering2010,Shape-Changing Mobiles: Tapering in One-Dimensional Deformational Displays in Mobile Phones,"Hemmert, Fabian and Hamann, Susann and Löwe, Matthias and Wohlauf, Anne and Joost, Gesche",2010,,52,5,Untitled,,,,,,,,,,,,,,,,,,POS,,,,,YES,,,,,,INTERVIEW,,,,,,,,,,,
xaf87r4bn9,1,morenoHowNetworkOperators2013,How Network Operators Can Enhance Ambient Assisted Living Applications through next Generation Networks,"Moreno, Pedro A. and Hernando, M. Elena and Hernández, Alberto and González, Francisco and de Poorter, Antoine and Gómez, Enrique J.",2013,,2,0.3,,,,,,ASSISTED_LIVING,,,,,,,,,,,,,,,,,,,,,,,,,,,,,,,,,,,
xavzx4z96,1,forkanContextawareApproachLongterm2015,A Context-Aware Approach for Long-Term Behavioural Change Detection and Abnormality Prediction in Ambient Assisted Living,"Forkan, ARM and Khalil, I and Tari, Z and Foufou, S and Bouras, A",2015,,148,26.9,,,,,,ASSISTED_LIVING,,,,,,,,,,,,,,,,,,,,,,,,,,,,,,,,,,,
xc7qf4cuj3,1,seguinSystemServicesPartitioning2012,System Services Partitioning in Ambient Assisted Living Environment,"Seguin, Cédric and Lamotte, Florent De and Philippe, Jeans-Luc",2012,,1,0.1,,,,,,ASSISTED_LIVING,,,,,,,,,,,,,,,,,,,,,,,,,,,,,,,,,,,
xcgflgbkibi,1,metcalfExaminingPresenceLightweight2008,Examining Presence and Lightweight Messaging in a Social Television Experience,"Metcalf, Crysta and Harboe, Gunnar and Tullio, Joe and Massey, Noel and Romano, Guy and Huang, Elaine M and Bentley, Frank",2008,,62,5,Color changing lamp,Color changing lamp that displays the number of buddies currently watching TV via different colors and pulses to signal invitations,YES,ADAIS,PROTOTYPE,INCREASE_AWARENESS,SOCIAL,HOME,,,,,,,,,EVENT,MAKE_AWARE,VISUAL,HOUSEHOLD,MEDIUM,LED,FAMILIAR,NO,10,WEEKS,IN_SITU,USERS,PROTOTYPE,"INTERVIEW,COMMENTS,USAGE_STATISTIC",[NA],SUBJECTIVE,NONE,"PRESENCE,PUSH","AUGMENTATION,PERIPHERAL_PLACEMENT",YES,OTHER,NOT_MENTIONED,,,
xd3aelm6qn,1,weiserComingAgeCalm1997,The Coming Age of Calm Technology,"Weiser, Mark and Brown, John Seely",1997,,1484,63.1,Inner Office Windows,Glass windows from offices out to hallways that provide peripheral clues about people and activity in the surrounding workplace,YES,ADAIS,USECASE,INCREASE_AWARENESS,SOCIAL,WORKPLACE,NO,,,,,,,,CONTINUOUS,MAKE_AWARE,"AUDIO,VISUAL",GROUP,HIGH,,FAMILIAR,NO,,,,,,,,,"PERIPHERAL_ATTENTION,SPATIAL_OBJECT_BINDING",PRESENCE,"PERIPHERAL_PLACEMENT,AUGMENTATION",NO,NA,NA,,,
xdaalvd6dy,1,cavalloTechnologicalCognitiveRoadmaps2011,Technological and Cognitive Roadmaps for Ambient Assisted Living,"Cavallo, F and Aquilano, M and Anerdi, G",2011,,6,0.6,,,,,,ASSISTED_LIVING,,,,,,,,,,,,,,,,,,,,,,,,,,,,,,,,,,,
xdahqpqka5,1,macleanPuttingHapticsAmbience2009,Putting Haptics into the Ambience,"MacLean, K.E.",2009,,59,5.1,,,,,,"INCREASE_AWARENESS,BEHAVIOURAL_CHANGE","RESOURCES,HEALTH","WORKPLACE,HOME",,,,,,,,,,,HAPTIC,,,,,NO,,,,,,,,,,,,,,,,,
xdexy7s9qy,1,autogenaBlackShoalsStock2011,Black Shoals Stock Market Planetarium at'Artists Envision Science and Technology,"Autogena, L and Portway, J",2011,,,0,Black Shoals Stock Market Planetarium,,,,,,,,,,,,,,,,,,,,,,,,,,,,,,,,,,,,,,,,
xfuoudmrrll,1,kuznetsovUpStreamMotivatingWater2010,UpStream: Motivating Water Conservation with Low-Cost Water Flow Sensing and Persuasive Displays,"Kuznetsov, Stacey and Paulos, Eric",2010,,142,13.5,UpStream: Ambient Shower Display,An ambient orb mounted in a shower that uses a traffic-light color metaphor (green to yellow to flashing red) to represent water usage relative to average,YES,ADAIS,PROTOTYPE,"INCREASE_AWARENESS,BEHAVIOURAL_CHANGE","RESOURCES,HEALTH",HOME,,,,,,,,,USER,MAKE_AWARE,VISUAL,HOUSEHOLD,MEDIUM,LED,ASSOCIATED,YES,6,WEEKS,IN_SITU,USERS,PROTOTYPE,"INTERVIEW,QUESTIONNAIRE",[NA],"SUBJECTIVE,OBJECTIVE",NONE,PRESENCE,"PERIPHERAL_PLACEMENT,CAMOUFLAGE",YES,POWER,NOT_MENTIONED,,,
xfwsl9eu3kj,1,tunnermannWeatherGoBlended2014,Weather To Go – A Blended Sonification Application,"Tunnermann, Rene and Zehe, Sebastian and Hemminghaus, Jacqueline and Hermann, Thomas",2014,,1,0.2,Weather To Go,"A door-mounted auditory display that plays natural weather sounds (rain, wind, thunder) representing the weather forecast when a user opens the door.",YES,ADAIS,PROTOTYPE,INCREASE_AWARENESS,ENVIRONMENT,HOME,YES,Weather Forecast,NEAR,Weather Sounds,,,,,USER,MAKE_AWARE,AUDIO,HOUSEHOLD,LOW,SPEAKER,ASSOCIATED,NO,,,,,,,,,NONE,PULL,"INVISIBILITY,MIMICRY,AUGMENTATION",YES,NONE,NOT_MENTIONED,,,
xhhw4z0t0nj,1,aviles-lopezDevelopingAmbientIntelligence2010,Developing Ambient Intelligence Applications for the Assisted Living of the Elderly,"Avilés-López, E and García-Macías, JA",2010,,6,0.6,,,,,,ASSISTED_LIVING,,,,,,,,,,,,,,,,,,,,,,,,,,,,,,,,,,,
xhj0wqles9o,1,rittenbruchMiniOrbSensorInteraction2014,MiniOrb: A Sensor Interaction Platform for Indoor Climate Preferences,"Rittenbruch, Markus and Donovan, Jared and Santo, Yasu",2014,,1,0.2,MiniOrb,Platform to map environmental data to light,YES,"AS,ADAIS","PROTOTYPE,DEV,USECASE","INCREASE_AWARENESS,AID_IN_ACTIVITY","ENVIRONMENT,SOCIAL",WORKPLACE,,,,,,,,,CONTINUOUS,MAKE_AWARE,"VISUAL,AUDIO",PERSONAL,MEDIUM,"LED,SPEAKER",ARTIFICIAL,NO,12,,IN_SITU,USERS,PROTOTYPE,,,,NONE,"PUSH,PULL,PRESENCE",PERIPHERAL_PLACEMENT,YES,NONE,NOT_MENTIONED,,,
xiam11qjjms,1,charleer2017towards,Towards Balanced Discussions in the Classroom Using Ambient Information Visualisations,"Charleer, Sven and Klerkx, Joris and Duval, Erik and Laet, Tinne De and Verbert, Katrien",2017,,8,2.3,,,,,,"BEHAVIOURAL_CHANGE,INCREASE_AWARENESS",,EDUCATION,,,,,,,,,,,VISUAL,,,,,YES,,,,,,"INTERVIEW,QUESTIONNAIRE",,,,,,,,,,,
xjc83sis58k,1,antonaGestureRecognitionRobot2012,Gesture Recognition for Robot Assistance in Ambient Assisted Living Environments,"Antona, S and Mocanub, I and Antona, FD",2012,,2,0.2,,,,,,ASSISTED_LIVING,,,,,,,,,,,,,,,,,,,,,,,,,,,,,,,,,,,
xjdvzniyyv9,1,alkhomsanSituationAwarenessAmbient2017,Situation Awareness in Ambient Assisted Living for Smart Healthcare,"Alkhomsan, Mashail N. and Hossain, M. Anwar and Rahman, Sk. Md. Mizanur and Masud, Mehedi",2017,,10,2.9,,,,,,ASSISTED_LIVING,,,,,,,,,,,,,,,,,,,,,,,,,,,,,,,,,,,
xjjpjckpm0d,1,hennWeb4meUserCentricInfrastructure2008,Web4me–User Centric Infrastructure for Ambient Assisted Living,"Henn, H",2008,,2,0.2,,,,,,ASSISTED_LIVING,,,,,,,,,,,,,,,,,,,,,,,,,,,,,,,,,,,
xkr8x7af18,1,beilharzBuildingIntelligenceMapping2004,Building Intelligence: Mapping Socio/Spatial Activity for Ambient Visualisation and Sonification in Sensate Spaces,"Beilharz, K",,,,0,Building Intelligence (Sentient Lab sensate display),A generative screen visualisation and sonification driven by pressure-mat and other sensors that reflects the social and spatial activity of a building's occupants,YES,ADAIS,"CONCEPT,PROTOTYPE,USECASE","INCREASE_AWARENESS,AID_IN_ACTIVITY","SOCIAL,OTHER","WORKPLACE,SOCIAL,URBAN",,,,,,,,,USER,CHANGE_BLIND,"VISUAL,AUDIO",PUBLIC,HIGH,"SCREEN,SPEAKER",ART,NO,,,,,,,,,NONE,PRESENCE,CAMOUFLAGE,YES,NONE,NOT_MENTIONED,,,
xmu7ysu5i29,1,bonanniLivingHyperreality2006,Living with Hyper-reality,"Bonanni, Leonardo",2006,,13,0.9,Gurgle,,,,,,HEALTH,"WORKPLACE,HOME",,,,,,,,,,,,,,,,YES,,,,,,QUESTIONNAIRE,,,,,,,,,,,
xo7rgx8h0nq,1,tanElderlyHealthcareData2013,Elderly Healthcare Data Protection Application for Ambient Assisted Living,"Tan, Qing and El-Bendary, Nashwa and Pivot, Frédérique C. and Lam, Anthony",2013,,3,0.4,,,,,,ASSISTED_LIVING,,,,,,,,,,,,,,,,,,,,,,,,,,,,,,,,,,,
xr9biohfmej,1,mullerUsingElectrochromicDisplays2019,Using Electrochromic Displays to Display Ambient Information and Notifications,"Müller, Heiko and Colley, Ashley and Häkkilä, Jonna and Jensen, Walther and Löchtefeld, Markus",2019,,3,2,Electrochromic Ambient Displays,"Non-light-emitting, flexible, transparent printed electrochromic displays that convey ambient information such as weather forecasts and dishwasher status",YES,ADAIS,"DEV,PROTOTYPE","INCREASE_AWARENESS,NOTIFICATION","ENVIRONMENT,EVENTS","WORKPLACE,HOME",,,,,,,,,EVENT,CHANGE_BLIND,VISUAL,HOUSEHOLD,MEDIUM,SCREEN,"ASSOCIATED,FAMILIAR",NO,,,,,,,,,NONE,PRESENCE,"AUGMENTATION,CAMOUFLAGE",YES,NONE,NOT_MENTIONED,,,
xrxi89jhilh,1,palovuoriVanishingDisplayAutovisible2012,The Vanishing Display: An Autovisible Immaterial Display,"Palovuori, Karri and Rakkolainen, Ismo",2012,,2,0.2,Vanishing Display,Projection on fog that disappears when not needed,YES,ADAIS,"PROTOTYPE,DEV,USECASE","INCREASE_AWARENESS,AID_IN_ACTIVITY",HEALTH,MEDICAL,,,,,,,,,USER,MAKE_AWARE,VISUAL,PUBLIC,HIGH,SCREEN,ARTIFICIAL,NO,,,,,,,,,NONE,"PUSH,PULL",INVISIBILITY,YES,"NOISE,OTHER",NOT_MENTIONED,,,
xsbelhcxcz,1,revelLowcostSensorRealtime2014,A Low-Cost Sensor for Real-Time Monitoring of Indoor Thermal Comfort for Ambient Assisted Living,"Revel, GM and Arnesano, M and Pietroni, F",2014,,12,1.8,,,,AS,,ASSISTED_LIVING,,,,,,,,,,,,,,,,,,,,,,,,,,,,,,,,,,,
xu0slykl68p,1,merkleAgentbasedAssistanceAmbient2017,Agent-Based Assistance in Ambient Assisted Living through Reinforcement Learning and Semantic Technologies,"Merkle, Nicole and Zander, Stefan",2017,,2,0.6,,,,,,ASSISTED_LIVING,,,,,,,,,,,,,,,,,,,,,,,,,,,,,,,,,,,
xuhw5w1z0a,1,steinkeExpectedReliabilityEveryday2013,Expected Reliability of Everyday- and Ambient Assisted Living Technologies,"Steinke, Frederick and Fritsch, Tobias and Hertzer, Andreas and Tautz, Helmut and Zickwolf, Simon",2013,,4,0.5,,,,,,ASSISTED_LIVING,,,,,,,,,,,,,,,,,,,,,,,,,,,,,,,,,,,
xukrey70pmm,1,bookerUsabilityTestingNotification2004,Usability Testing of Notification Interfaces: Are We Focused on the Best Metrics?,"Booker, John E and Chewar, C M and McCrickard, D Scott",2004,,14,0.8,Smiling George,"A facial animation on screen that conveys remote scene activity through emotions, gaze, and movement",YES,ADAIS,"EVAL,PROTOTYPE",INCREASE_AWARENESS,"SOCIAL,EVENTS","WORKPLACE,EDUCATION",,,,,,,,,CONTINUOUS,MAKE_AWARE,VISUAL,PERSONAL,HIGH,SCREEN,ARTIFICIAL,YES,80,HOURS,IN_LAB,"USERS,EXPERTS",PROTOTYPE,"QUESTIONNAIRE,TASK_PERFORMANCE,USAGE_STATISTIC",DUAL_TASK,[NA],NONE,PRESENCE,PERIPHERAL_PLACEMENT,NO,NA,NOT_MENTIONED,,,
xuyrg8vela,1,tragosIoTBasedIntelligent2015,An IoT Based Intelligent Building Management System for Ambient Assisted Living,"Tragos, Elias Z. and Foti, Magda and Surligas, Manolis and Lambropoulos, George and Pournaras, Stelios and Papadakis, Stefanos and Angelakis, Vangelis",2015,,18,3.3,,,,IOT,,ASSISTED_LIVING,,,,,,,,,,,,,,,,,,,,,,,,,,,,,,,,,,,
xx24umrapm,1,fujinamiAwareMirrorPersonalizedDisplay2005,AwareMirror: A Personalized Display Using a Mirror,"Fujinami, Kaori and Kawsar, Fahim and Nakajima, Tatsuo",2005,,117,7.5,AwareMirror,An augmented mirror using a magic mirror board over an LCD that displays personalized context-relevant information superimposed on the user's reflection,YES,ADAIS,"PROTOTYPE,DEV,USECASE","INCREASE_AWARENESS,NOTIFICATION,AID_IN_ACTIVITY",HEALTH,HOME,,,,,,,,,"OBJECT,USER",USER_POLL,VISUAL,PERSONAL,HIGH,SCREEN,FAMILIAR,YES,53,HOURS,IN_LAB,USERS,PROTOTYPE,QUESTIONNAIRE,[NA],[NA],NONE,"PRESENCE,PULL","AUGMENTATION,INVISIBILITY,PERIPHERAL_PLACEMENT",YES,FABRICATION,NOT_MENTIONED,,,
xxwdte3rp,1,buiIntegratedApproachHumanrobotsmart2018,An Integrated Approach to Human-Robot-Smart Environment Interaction Interface for Ambient Assisted Living,"Bui, Ha-Duong and Chong, Nak Young",2018,,7,2.8,,,,,,ASSISTED_LIVING,,,,,,,,,,,,,,,,,,,,,,,,,,,,,,,,,,,
y01gx8ak57,1,mallickEnergyEfficientRouting2019,Energy Efficient Routing Protocol for Ambient Assisted Living Environment,"Mallick, A and Saha, A and Chowdhury, C",2019,,1,0.7,,,,,,ASSISTED_LIVING,,,,,,,,,,,,,,,,,,,,,,,,,,,,,,,,,,,
y0jqwlwhct,1,zaricExampleMonitoringSystem2015,An Example of Monitoring System with Reasoning Module for Ambient Assisted Living Applications,"Zaric, Nikola and Radonjic, Milutin and Pejanovic-Djurisic, Milica and Radusinovic, Igor",2015,,4,0.7,,,,AS,,ASSISTED_LIVING,,,,,,,,,,,,,,,,,,,,,,,,,,,,,,,,,,,
y0k9zzkhrn,1,streitzDesigningInteractionSmart2006,Designing Interaction for Smart Environments: Ambient Intelligence and the Disappearing Computer,"Streitz, N.A.",2006,,7,0.5,Ambient Agoras / Disappearing Computer,A keynote vision of ambient intelligence where computers disappear into augmented real objects providing ubiquitous information in smart environments,NO,ADAIS,"CONCEPT,ISSUES",INCREASE_AWARENESS,OTHER,"WORKPLACE,HOME",,,,,,,,,,,VISUAL,,,,NA,NO,,,,,,,,,SPATIAL_OBJECT_BINDING,,,NA,NA,NOT_MENTIONED,,,
y2iy5lpkppf,1,cunhaAmbientAssistedLiving2013,Ambient Assisted Living Technology: Comparative Perspectives of Users and Caregivers,"Cunha, David and Trevisan, Gabriela and Samagaio, Florbela and Ferreira, Liliana and Sousay, Filipe and Ferreira-Alves, Jose and Simoes, Ricardo",2013,,3,0.4,,,,,,ASSISTED_LIVING,,,,,,,,,,,,,,,,,,,,,,,,,,,,,,,,,,,
y2p3lxant0n,1,stankusArchitectureDesignMobile2010,Architecture and Design of Mobile Telemetry System for Ambient Assisted Living,"Stankus, Martin and Penhaker, Marek and Kijonka, Jan and Grygarek, Petr and Kotzian, Jiri",2010,,1,0.1,,,,,,ASSISTED_LIVING,,,,,,,,,,,,,,,,,,,,,,,,,,,,,,,,,,,
y46ktkp3mh,1,mayersimonethzurichUserInterfaceBeaming2014,User Interface Beaming: Seamless Interaction with Smart Things Using Personal Wearable Computers,"Mayer, Simon (ETH Zurich) and Soros, Gabor (Eth Zurich)",2014,,30,4.6,,,,,,,,,,,,,,,,,,,,PERSONAL,,,,NO,,,,,,,,,,,,,,,,,
y5nf0224h3i,1,moraImprovingBCIUsability2015,Improving BCI Usability as HCI in Ambient Assisted Living System Control,"Mora, Niccolò and Munari, Ilaria De and Ciampolini, Paolo",2015,,17,3.1,,,,,,ASSISTED_LIVING,,,,,,,,,,,,,,,,,,,,,,,,,,,,,,,,,,,
y78i32tulh,1,martinsAssessmentAmbientAssisted2011,Assessment of Ambient Assisted Living Services in a Living Lab Approach: A Methodology Based on ICF,"Martins, A and Queirós, A and Cerqueira, M",2011,,4,0.4,,,,,,ASSISTED_LIVING,,,,,,,,,,,,,,,,,,,,,,,,,,,,,,,,,,,
y7aac9ze70q,1,chafeOxygenFluteComputer2005,Oxygen Flute: A Computer Music Instrument That Grows,"Chafe, Chris",2005,,8,0.5,Oxygen Flute,Increase awareness of CO2 gas exchanges,YES,ADAIS,"PROTOTYPE,USECASE",INCREASE_AWARENESS,ENVIRONMENT,"URBAN,SOCIAL",YES,CO2 Levels,LOCAL,Musical Pattern,,,,,CONTINUOUS,MAKE_AWARE,AUDIO,PUBLIC,LOW,SPEAKER,ARTIFICIAL,NO,,,,,,,,,NONE,PRESENCE,CAMOUFLAGE,YES,NONE,NOT_MENTIONED,,,
y7awcwjt288,1,deyAwarenessConnectednessDesign2006,From Awareness to Connectedness: The Design and Deployment of Presence Displays,"Dey, Anind K and Guzman, Edward S De",2006,,154,10.6,PictureFrame,A picture frame augmented with a servomotor-driven wheel of visual icons that displays a remote loved one's online presence status,YES,ADAIS,"PROTOTYPE,EVAL",INCREASE_AWARENESS,SOCIAL,HOME,,,,,,,,,EVENT,USER_POLL,VISUAL,FAMILY,MEDIUM,SCREEN,FAMILIAR,YES,9,WEEKS,IN_SITU,USERS,PROTOTYPE,"QUESTIONNAIRE,INTERVIEW,USAGE_STATISTIC",[NA],"SUBJECTIVE,OBJECTIVE",NONE,PRESENCE,"AUGMENTATION,PERIPHERAL_PLACEMENT",YES,NONE,NOT_MENTIONED,,,
y7o2c27my9i,1,yinDailyActivityModel2011,Daily Activity Model for Ambient Assisted Living,"Yin, GQ and Bruckner, D",2011,,6,0.6,,,,,,ASSISTED_LIVING,,,,,,,,,,,,,,,,,,,,,,,,,,,,,,,,,,,
y8rx4fyb8ac,1,chenAmbientAssistedLiving2014,Ambient Assisted Living and Daily Activities,"Chen, LL and Nugent, C and Bravo, J and Pecchia, L",2014,,5,0.8,,,,,,ASSISTED_LIVING,,,,,,,,,,,,,,,,,,,,,,,,,,,,,,,,,,,
ya7ne6jx0ip,1,danielescuAbstractRenderingHuman2011,Abstract Rendering of Human Activity in a Dynamic Distributed Learning Environment,"Danielescu, Andreea and Spicer, Ryan P and Tinapple, David and Kelliher, Aisling and Nikkila, Shawn and Burdick, Sean",2011,,,0,Building with a Memory,,,,,INCREASE_AWARENESS,HEALTH,WORKPLACE,,,,,,,,,,,,,,,,YES,,,,,,,,,,,,,,,,,
yar07wrc9v,1,rashidAmbientDisplaysAcademic2009,Ambient Displays in Academic Settings: Avoiding Their Underutilization,"Rashid, Umar and Quigley, Aaron",2009,,8,0.7,Untitled,"Ambient information display showing news, events and information in an indoor academic building",NO,ADAIS,"ISSUES,EVAL",INCREASE_AWARENESS,HEALTH,MEDICAL,,,,,,,,,CONTINUOUS,USER_POLL,VISUAL,PUBLIC,HIGH,SCREEN,ARTIFICIAL,YES,,,IN_SITU,USERS,FINAL,INTERVIEW,[NA],[NA],NONE,PRESENCE,PERIPHERAL_PLACEMENT,NO,NA,NOT_MENTIONED,,,
yaszx8w1tb,1,bravoAmbientAssistedLiving2012,"Ambient Assisted Living and Home Care: 4th International Workshop, IWAAL 2012, Vitoria-Gasteiz, Spain, December 3-5, 2012, Proceedings","Bravo, J and Hervás, R and Rodríguez, M",2012,,8,0.9,,,,,,ASSISTED_LIVING,,,,,,,,,,,,,,,,,,,,,,,,,,,,,,,,,,,
ybw9tsoabv,1,ahonenSafeguardsWorldAmbient2008,Safeguards in a World of Ambient Intelligence,"Ahonen, Pasi and Alahuhta, Petteri and Daskala, Barbara and Delaitre, Sabine and Hert, Paul De and Lindner, Ralf and Maghiros, Ioannis and Moscibroda, Anna and Schreurs, Wim and Verlinden, Michiel",2008,,,0,,,,AMI,,,HEALTH,WORKPLACE,,,,,,,,,,,,,,,,NO,,,,,,,,,,,,,,,,,
yd0x7j70x,1,braunerExergamesElderlyAmbient2014,Exergames for Elderly in Ambient Assisted Living Environments,"Brauner, P and Ziefle, M",2014,,6,0.9,,,,,,ASSISTED_LIVING,,,,,,,,,,,,,,,,,,,,,,,,,,,,,,,,,,,
yd9dvyhgo0h,1,yangSupportingDriversConcurrent2013,"Supporting Drivers in Concurrent Lane and Speed Tracking Tasks with Novel Visual, Auditory, and Tactile Speedometer Displays","Yang, Shiyan and You, No Young and Ferris, Thomas K.",2013,,9,1.2,Auditory Display,Auditory speedometer that encodes speed error into nine pitches with beat pulses played via ceiling speakers,YES,ADAIS,"PROTOTYPE,EVAL,USECASE","AID_IN_ACTIVITY,INCREASE_AWARENESS",HEALTH,MEDICAL,,,,,,,,,CONTINUOUS,MAKE_AWARE,"HAPTIC,AUDIO",PERSONAL,MEDIUM,SPEAKER,ARTIFICIAL,YES,12,HOURS,IN_LAB,USERS,PROTOTYPE,QUESTIONNAIRE,DUAL_TASK,OBJECTIVE,"PERIPHERAL_ATTENTION,SALIENCE",PRESENCE,PERIPHERAL_PLACEMENT,NO,NA,NOT_MENTIONED,,,
ydiq7kma5sa,1,wiederholdAmbientAssistedLiving2012,Ambient Assisted Living: A Call to Speed Research and Implementation,"Wiederhold, BK",2012,,1,0.1,,,,,,ASSISTED_LIVING,,,,,,,,,,,,,,,,,,,,,,,,,,,,,,,,,,,
ydtg96bmvop,1,mukherjeeMiNDMindNetworked2019,MiND: Mind Networked Device Architecture for Attention-Gated Ambient Assisted Living Systems,"Mukherjee, A and Misra, S and Atrish, A",2019,,,0,MiND,,,,,ASSISTED_LIVING,,,,,,,,,,,,,,,,,,,,,,,,,,,,,,,,,,,
ye017pt0duh,1,lupertoLongtermDeploymentMobile2019,Towards Long-Term Deployment of a Mobile Robot for at-Home Ambient Assisted Living of the Elderly,"Luperto, Matteo and Monroy, Javier and Ruiz-Sarmiento, J. Raul and Moreno, Francisco-Angel and Basilico, Nicola and Gonzalez-Jimenez, Javier and Borghese, N. Alberto",2019,,5,3.3,,,,,,ASSISTED_LIVING,,,,,,,,,,,,,,,,,,,,,,,,,,,,,,,,,,,
ye5b1i0csc8,1,downsAmbientAwarenessBuild2012,Ambient Awareness of Build Status in Collocated Software Teams,"Downs, John and Plimmer, Beryl and Hosking, John G.",2012,,26,3.1,Nabaztag Rabbit,Wi-Fi rabbit device that signals build status per developer via ear position and colored LEDs,YES,ADAIS,"EVAL,PROTOTYPE,USECASE",INCREASE_AWARENESS,HEALTH,WORKPLACE,,,,,,,,,EVENT,MAKE_AWARE,"VISUAL,POS",GROUP,LOW,"LED,MOTOR",FAMILIAR,YES,11,MONTHS,IN_SITU,USERS,PROTOTYPE,INTERVIEW,[NA],"SUBJECTIVE,OBJECTIVE",NONE,"PUSH,PRESENCE",PERIPHERAL_PLACEMENT,NO,NA,NOT_MENTIONED,,,
ye7balz53or,1,lockenEnlighteningDriversSurvey2016,Enlightening Drivers: A Survey on In-Vehicle Light Displays,"Löcken, Andreas and Heuten, Wilko and Boll, Susanne",2016,,15,3.3,,,,,,,,,,,,,,,,,,,VISUAL,,,,,NO,,,,,,,,,,,,,,,,,
yedjd8wf4m,1,maanBarriersAcceptanceAmbient2017,Barriers in Acceptance of Ambient Assisted Living Technologies among Older Australians,"Maan, Chetna and Gunawardana, Upul",2017,,4,1.1,,,,,,ASSISTED_LIVING,,,,,,,,,,,,,,,,,,,,,,,,,,,,,,,,,,,
yesjfuxfi7,1,mccrickard2003model,A Model for Notification Systems Evaluation—Assessing User Goals for Multitasking Activity,"McCrickard, D Scott and Chewar, Christa M and Somervell, Jacob P and Ndiwalana, Ali",2003,,239,13.7,IRC Notification Systems Model (Scope case study),"A conceptual model (interruption, reaction, comprehension) for classifying and evaluating notification systems, applied via a case study to Scope, a desktop radar-like notification display",NO,"ADAIS,UI",EVAL,NOTIFICATION,EVENTS,WORKPLACE,,,,,,,,,CONTINUOUS,MAKE_AWARE,VISUAL,PERSONAL,HIGH,SCREEN,ARTIFICIAL,YES,,HOURS,IN_LAB,USERS,SIMULATION,"QUESTIONNAIRE,TASK_PERFORMANCE",DUAL_TASK,[NA],"PERIPHERAL_ATTENTION,COGNITIVE_LOAD,SALIENCE,MEMORY_OTHER","PUSH,PRESENCE",PERIPHERAL_PLACEMENT,NO,NA,NOT_MENTIONED,,,
yey5dfdudhc,1,campillo-sanchezAgentBasedSimulation2014,Agent Based Simulation for Creating Ambient Assisted Living Solutions,"Campillo-Sanchez, Pablo and Gómez-Sanz, Jorge J.",2014,,11,1.7,,,,,,ASSISTED_LIVING,,,,,,,,,,,,,,,,,,,,,,,,,,,,,,,,,,,
yf9ax82qoa,1,zingerleAtemRaum2006,AtemRaum,"Zingerle, Andreas and Heidecker, Christina",2006,,,0,AtemRaum,,,ADAIS,,,,,YES,Respiration Patterns,PERSONAL,Shape of walls,,,,,,,"VISUAL,HAPTIC,SHAPE",,,,FAMILIAR,,,,,,,,,,,,,,,,,,
yfmtgju1jvo,1,abowdHumanExperienceUbiquitous2002,The Human Experience [of Ubiquitous Computing],"Abowd, Gregory D and Mynatt, Elizabeth D and Rodden, Tom",2002,,530,28.6,,,,,,,,"WORKPLACE,EDUCATION",,,,,,,,,,,,,,,,YES,,,,,,INTERVIEW,,,,,,,,,,,
yfse0804kca,1,streitz2003situated,Situated Interaction with Ambient Information: Facilitating Awareness and Communication in Ubiquitous Work Environments,"Streitz, NA and Röcker, Carsten and Prante, Thorsten and Stenzel, Richard and van Alphen, Daniel",2003,,121,6.9,GossipWall,,,,,INCREASE_AWARENESS,,WORKPLACE,,,,,,,,,,,,,,,,NO,,,,,,,,,,,,,,,,,
yg8byq3zf1,1,changLumiTouchEmotionalCommunication2001,LumiTouch: An Emotional Communication Device,"Chang, Angela and Resner, Ben and Koerner, Brad and Wang, XingChen and Ishii, Hiroshi",2001,,297,15.2,LumiTouch,Increase emotional communication/exchanges over distances,YES,ADAIS,"PROTOTYPE,USECASE",OTHER,"SOCIAL,HEALTH","HOME,MEDICAL,WORKPLACE",YES,Touch,REMOTE,Brightness,,,,,USER,MAKE_AWARE,"VISUAL,POS",PARTNERSHIP,LOW,LED,NA,NO,,HOURS,IN_LAB,USERS,PROTOTYPE,"OBSERVATION,COMMENTS",[NA],[NA],NONE,"PUSH,PRESENCE",AUGMENTATION,YES,NONE,NOT_MENTIONED,,,
ygi4lb9w4rc,1,magjarevicHomeCareTechnologies2007,Home Care Technologies for Ambient Assisted Living,"Magjarevic, Ratko",2007,,22,1.6,,,,,,ASSISTED_LIVING,,,,,,,,,,,,,,,,,,,,,,,,,,,,,,,,,,,
ygsw53hb8in,1,misochAALAmbientAssisted2015,AAL: Ambient Assisted Living–Unterstützung Für Ein Gesundes Altern Und Chancen Für Medizin Und Pflege,"Misoch, S",2015,,7,1.3,,,,,,ASSISTED_LIVING,,,,,,,,,,,,,,,,,,,,,,,,,,,,,,,,,,,
yib2oohk1qo,1,calvaresiExploringAmbientAssisted2017,Exploring the Ambient Assisted Living Domain: A Systematic Review,"Calvaresi, Davide and Cesarini, Daniel and Sernani, Paolo and Marinoni, Mauro and Dragoni, Aldo Franco and Sturm, Arnon",2017,,134,38.3,,,,,,ASSISTED_LIVING,,,,,,,,,,,,,,,,,,,,,,,,,,,,,,,,,,,
yii4o7chom,1,morenoIPMultimediaSubsystem2009,IP Multimedia Subsystem Technology for Ambient Assisted Living,"Moreno, Pedro Antonio and Hernando, Ma. Elena and de Poorter, Antoine and Pallares, Ruth and Gómez, Enrique J.",2009,,1,0.1,,,,,,ASSISTED_LIVING,,,,,,,,,,,,,,,,,,,,,,,,,,,,,,,,,,,
yipvmsgnwph,1,hervasAmbientAssistedLiving2013,Ambient Assisted Living: Home Care.,"Hervás, R and Bravo, J",2013,,1,0.1,,,,,,ASSISTED_LIVING,,,,,,,,,,,,,,,,,,,,,,,,,,,,,,,,,,,
yir1u7powc,1,clinchSurveyPervasiveDisplays2016,A Survey of Pervasive Displays for Information Presentation,"Clinch, Sarah and Alexander, Jason and Gehring, Sven",2016,,12,2.7,,,,,,,HEALTH,"MEDICAL,WORKPLACE",,,,,,,,,,,,,,,,NO,,,IN_SITU,,,,,,,,,,,,,,
yitljgde8z,1,grunendahlMehrwertHauslichenPflege2017,Mehrwert in Der Häuslichen Pflege Durch Vernetzte Ambient-Assisted-Living-Systeme,"Grünendahl, Martin and Leonhardt, Sven and Teich, Tobias",2017,,3,0.9,,,,,,ASSISTED_LIVING,,,,,,,,,,,,,,,,,,,,,,,,,,,,,,,,,,,
yj6qoe7upv,1,fugateProposingAmbientVisualization2016,Proposing Ambient Visualization and Pre-Attentive Processing for Threat Detection,"Fugate, Sunny and Lukos, Jamie and Gutzwiller, Robert and Lester, Christopher",2016,,,0,Ambient Activity Monitor,Detection of CyberThreats,YES,ADAIS,"CONCEPT,PROTOTYPE,USECASE","INCREASE_AWARENESS,NOTIFICATION",SAFETY,WORKPLACE,,,,,,,,,CONTINUOUS,MAKE_AWARE,"VISUAL,AUDIO",PERSONAL,HIGH,SCREEN,ASSOCIATED,NO,,,,,,,,,"PERIPHERAL_ATTENTION,SALIENCE,COGNITIVE_LOAD,MEMORY_OTHER",PRESENCE,PERIPHERAL_PLACEMENT,NO,NA,NOT_MENTIONED,,,
yk2fwxipog,1,alsina-pagesAutomatedAudioData2016,Automated Audio Data Monitoring for a Social Robot in Ambient Assisted Living Environments,"Alsina-Pagès, RM and Navarro, J",2016,,2,0.4,,,,AS,,ASSISTED_LIVING,,,,,,,,,,,,,,,,,,,,,,,,,,,,,,,,,,,
yke0e998t2,1,hutzlerComputerArtAmbient2004,From Computer Art to Ambient Displays,"Hutzler, G and Gortais, B",2004,,7,0.4,The Garden of Chances,"A screen-based visual and sonorous representation of meteorological conditions of a distant place, depicted as an evolving virtual ecosystem of colored shapes",YES,ADAIS,"PROTOTYPE,EVAL,USECASE","INCREASE_AWARENESS,AID_IN_ACTIVITY",HEALTH,OTHER,,,,,,,,,CONTINUOUS,USER_POLL,VISUAL,PUBLIC,HIGH,SCREEN,ART,NO,12,HOURS,IN_LAB,USERS,PROTOTYPE,TASK_PERFORMANCE,[NA],[NA],NONE,PRESENCE,CAMOUFLAGE,NO,NA,NOT_MENTIONED,,,
yljh509iez,1,holmes2010written,"Is It Written in the Stars? Global Finance, Precarious Destinies.","Holmes, Brian",2010,,17,1.6,,,,,,,HEALTH,,,,,,,,,,,,,,,,,NO,,,,,,,,,,,,,,,,,
ym8dccu2rxj,1,amoresInfluencingHumanBehavior2016,"Influencing Human Behavior by Means of Subliminal Stimuli Using Scent, Light and Brain Computer Interfaces","Amores, Judith and Maes, Pattie",2016,,3,0.7,Untitled,,,,,,HEALTH,,,,,,,,,,,,"VISUAL,SMELL",,,,,NO,,,,,,,,,,,,,,,,,
ynlnsdxe4q7,1,toddNudgingTrolleySupermarket2011,Nudging the Trolley in the Supermarket: How to Deliver the Right Information to Shoppers,"Todd, Peter M and Rogers, Yvonne and Payne, Stephen J",2011,,19,2,Untitled,,,,,INCREASE_AWARENESS,"RESOURCES,HEALTH",,,,,,,,,,,,,,,,,NO,,,,,,,,,,,,,,,,,
yo6682yuspe,1,gustafsonImaginaryInterfacesTouchscreenlike2012,Imaginary Interfaces: Touchscreen-like Interaction without the Screen,"Gustafson, Sean",2012,,8,0.9,,,,,,,,,,,,,,,,,,,,,,,,YES,,,,,,,,,,,,,,,,,
ypbdu1qx0p,1,reederAssessingOlderAdults2014,Assessing Older Adults’ Perceptions of Sensor Data and Designing Visual Displays for Ambient Environments,"Reeder, B and Chung, J and Le, T and Thompson, HJ",2014,,32,4.9,AAL Visual Displays,"Bar chart visual displays of in-home motion sensor activity data for older adults, family and health care providers",YES,"AS,ADAIS","PROTOTYPE,EVAL,USECASE",ASSISTED_LIVING,HEALTH,"HOME,MEDICAL",,,,,,,,,USER,USER_POLL,VISUAL,FAMILY,HIGH,SCREEN,ARTIFICIAL,YES,8,HOURS,IN_PRESENTATION,USERS,SIMULATION,"INTERVIEW,COMMENTS",[NA],[NA],NONE,PULL,,NO,NA,NOT_MENTIONED,,,
ypo272lzzng,1,sekitaniAmbientElectronics2012,Ambient Electronics,"Sekitani, Tsuyoshi and Someya, Takao",2012,,52,6.1,,Wearable/Stretchable electronics,NO,,,,,,,,,,,,,,,,,,,,,YES,,,,,,,,,,,,,,,,,
yqp50qqqmce,1,andriatrimosonAdaptiveMultiagentSystem2012,An Adaptive Multi-Agent System for Ambient Assisted Living,"Andriatrimoson, A and Abchiche-Mimouni, N and Colle, E",2012,,6,0.7,,,,,,ASSISTED_LIVING,,,,,,,,,,,,,,,,,,,,,,,,,,,,,,,,,,,
yqvfxz44i0s,1,vimarlundBigDataSmart2014,"Big Data, Smart Homes and Ambient Assisted Living","Vimarlund, V and Wass, S",2014,,28,4.3,,,,,,ASSISTED_LIVING,,,,,,,,,,,,,,,,,,,,,,,,,,,,,,,,,,,
yr0ptfe0s1c,1,brewerFactorsDesigningEffective2004,Factors in Designing Effective Ambient Displays,"Brewer, Johanna",2004,,10,0.6,Factors in Designing Effective Ambient Displays,A set of design guidelines and questions for guiding the design process of site-specific ambient displays driven by information selection,NO,ADAIS,CONCEPT,INCREASE_AWARENESS,OTHER,OTHER,,,,,,,,,,,[NA],,,,,NO,,,,,,,,,NONE,,,NA,NA,NA,,,
yr68ost1u0p,1,hammerschmidtInfodropsSonificationEnhanced2013,Infodrops: Sonification for Enhanced Awareness of Resource Consumption in the Shower,"Hammerschmidt, Jan and Tunnermann, Rene and Hermann, Thomas",2013,,4,0.5,Infodrops,Auditory display that processes the sound of water drops falling into the bathtub to sonify resource consumption while showering,YES,ADAIS,PROTOTYPE,"BEHAVIOURAL_CHANGE,INCREASE_AWARENESS",RESOURCES,HOME,YES,Water Consumption,LOCAL,,,,,,USER,MAKE_AWARE,AUDIO,HOUSEHOLD,MEDIUM,SPEAKER,ASSOCIATED,NO,,,,,,,,,NONE,PRESENCE,"MIMICRY,AUGMENTATION",YES,FAILURE,NOT_MENTIONED,,,
yrt684t4e4,1,palumboStigmergybasedLongtermMonitoring2016,Stigmergy-Based Long-Term Monitoring of Indoor Users Mobility in Ambient Assisted Living Environments: The DOREMI Project Approach.,"Palumbo, F and Rosa, D La and Ferro, E",2016,,9,2,,,,AS,,ASSISTED_LIVING,,,,,,,,,,,,,,,,,,,,,,,,,,,,,,,,,,,
ys4h6ozghue,1,mynattDigitalFamilyPortraits2001,Digital Family Portraits: Supporting Peace of Mind for Extended Family Members,"Mynatt, Elizabeth D. and Rowan, Jim and Craighill, Sarah and Jacobs, Annie",2001,,783,40.2,Digital Family Portrait,"A picture frame augmented with iconic imagery in its border that visualizes a remote elderly family member's daily activity, health, and social well-being over 28 days",YES,ADAIS,USECASE,INCREASE_AWARENESS,"SOCIAL,HEALTH",HOME,YES,Personal Activities,REMOTE,Icons,Activity,Pictural Icon,Activity,ICONIC,CONTINUOUS,USER_POLL,VISUAL,FAMILY,MEDIUM,SCREEN,FAMILIAR,YES,3,DAYS,"IN_SITU,IN_LAB",USERS,REDUCED_PROTOTYPE,"INTERVIEW[N=3],COMMENTS[N=3],INTERVIEW,QUESTIONNAIRE",[NA],SUBJECTIVE,NONE,PRESENCE,AUGMENTATION,NO,NA,NOT_MENTIONED,,,
ysexjcslndn,1,chandiniMachineLearningBased2018,A Machine Learning Based Activity Recognition for Ambient Assisted Living,"Chandini, U",2018,,3,1.2,,,,,,ASSISTED_LIVING,,,,,,,,,,,,,,,,,,,,,,,,,,,,,,,,,,,
ytlmmk60yof,1,marincicInteroperabilityIotWireless2016,Interoperability of Iot Wireless Technologies in Ambient Assisted Living Environments,"Marinčić, A and Kerner, A and Šimunić, D",2016,,5,1.1,,,,,,ASSISTED_LIVING,,,,,,,,,,,,,,,,,,,,,,,,,,,,,,,,,,,
yuelx43h4rq,1,mcnaullDataInformationQuality2012,Data and Information Quality Issues in Ambient Assisted Living Systems,"McNaull, James and Augusto, Juan Carlos and Mulvenna, Maurice and McCullagh, Paul",2012,,45,5.3,,,,,,ASSISTED_LIVING,,,,,,,,,,,,,,,,,,,,,,,,,,,,,,,,,,,
yw6z7pz5qmf,1,harjuniemiIdleStripesShirt2018,Idle Stripes Shirt: Ambient Wearable Display for Activity Tracking,"Harjuniemi, Emmi and Colley, Ashley and Rytilahti, Piia and Li, Hong and Forest, Jesse and Häkkilä, Jonna",2018,,10,4,Idle Stripes Shirt,Shirt showing physical activity to engcourage talking walking breaks,YES,ADAIS,PROTOTYPE,INCREASE_AWARENESS,HEALTH,WORKPLACE,,,,,,,,,CONTINUOUS,CHANGE_BLIND,VISUAL,PERSONAL,MEDIUM,LED,FAMILIAR,NO,,,,,,,,,NONE,PRESENCE,"AUGMENTATION,CAMOUFLAGE",YES,NONE,NOT_MENTIONED,,,
ywrviavjq7e,1,braveInTouchMediumHaptic1997,inTouch: A Medium for Haptic Interpersonal Communication,"Brave, Scott and Dahley, Andrew",1997,,364,15.5,inTouch,Shared illusion that two distant users are interacting with shared physical object,YES,ADAIS,PROTOTYPE,OTHER,SOCIAL,"HOME,SOCIAL",,,,,,,,,USER,MAKE_AWARE,HAPTIC,PARTNERSHIP,MEDIUM,MOTOR,ARTIFICIAL,NO,,,,,,,,,SPATIAL_OBJECT_BINDING,"PUSH,PRESENCE",,YES,NOISE,NOT_MENTIONED,,,
ywywtz1vdk,1,eunHabitStarInteractiveAmbient2015,HabitStar: An Interactive Ambient Lighting to Help Users Improve Habits,"Eun, Jinsu and Lee, Yeonjoo and Lee, Joonhwan and Lee, Joohyeon and Lee, Woon Seong and Lee, Zune",2015,,1,0.2,HabitStar,LED illuminated stars that light up depending on achieved goals,YES,ADAIS,"PROTOTYPE,USECASE","BEHAVIOURAL_CHANGE,INCREASE_AWARENESS",HEALTH,HOME,,,,,,,,,USER,MAKE_AWARE,VISUAL,PERSONAL,MEDIUM,LED,FAMILIAR,YES,,,,,,,,,NONE,PRESENCE,AUGMENTATION,YES,NONE,NOT_MENTIONED,,,
yxhmz22zqq7,1,mcnaullMultiagentInteractionsAmbient2011,Multi-Agent Interactions for Ambient Assisted Living,"McNaull, James and Augusto, Juan Carlos and Mulvenna, Maurice and McCullagh, Paul",2011,,12,1.3,,,,,,ASSISTED_LIVING,,,,,,,,,,,,,,,,,,,,,,,,,,,,,,,,,,,
yxzqky8wt9,1,echtlerInteractiveDiningTable2014,"The Interactive Dining Table, or Pass the Weather Widget, Please","Echtler, Florian and Wimmer, Raphael",2014,,11,1.7,The Interactive Dining Table,An interactive dining table using a ceiling-mounted projector and Kinect to display ambient notifications and augmentations on the table surface,YES,ADAIS,"PROTOTYPE,USECASE","INCREASE_AWARENESS,AID_IN_ACTIVITY,BEHAVIOURAL_CHANGE","ENVIRONMENT,EVENTS,HEALTH",HOME,,,,,,,,,CONTINUOUS,USER_POLL,VISUAL,FAMILY,MEDIUM,SCREEN,FAMILIAR,NO,,,,,,,,,NONE,PRESENCE,"AUGMENTATION,PERIPHERAL_PLACEMENT",YES,NONE,NOT_MENTIONED,,,
yy9fadbsf1,1,barsocchiEvaluatingAmbientAssisted2013,Evaluating Ambient Assisted Living Solutions: The Localization Competition,"Barsocchi, Paolo and Chessa, Stefano and Furfari, Francesco and Potorti, Francesco",2013,,42,5.6,,,,,,ASSISTED_LIVING,,,,,,,,,,,,,,,,,,,,,,,,,,,,,,,,,,,
yyc0skhy93p,1,sadriAmbientIntelligenceSurvey2011,Ambient Intelligence: A Survey,"Sadri, Fariba",2011,,405,42.6,,,,AMI,,,HEALTH,MEDICAL,,,,,,,,,,,,,,,,NO,,,,,,,,,,,,,,,,,
yyxbs24hr2k,1,andreadisAmbientAssistedLiving2018,"Ambient Assisted Living and Digital Inclusion: Overview of Projects, Services and Interfaces","Andreadis, Alessandro and Zambon, Riccardo",2018,,,0,,,,,,ASSISTED_LIVING,,,,,,,,,,,,,,,,,,,,,,,,,,,,,,,,,,,
z0eocf45psb,1,jarusriboonchaiExploringNonemissiveWearable2019,Exploring Non-Emissive Wearable Display as a Clothing Accessory,"Jarusriboonchai, Pradthana and Napari, Emma and Juhlin, Oskar and Häkkilä, Jonna",2019,,1,0.7,Scarf Set,A hooded scarf with built-in headphones whose colour-changing leaves and flipping beads respond to the music the wearer is listening to,YES,ADAIS,"PROTOTYPE,EVAL,ISSUES",OTHER,HEALTH,OTHER,,,,,,,,,EVENT,MAKE_AWARE,VISUAL,PERSONAL,MEDIUM,MOTOR,FAMILIAR,NO,8,HOURS,IN_PRESENTATION,USERS,PROTOTYPE,INTERVIEW,[NA],[NA],NONE,PRESENCE,"CAMOUFLAGE,AUGMENTATION",YES,NONE,NOT_MENTIONED,,,
z18qrri7tj,1,castilloComputationalApproachImprove2018,A Computational Approach to Improve the Gathering of Ambient Assisted Living Requirements,"Castillo, Noelia and Pérez, Juan and Gómez-Sanz, Jorge",2018,,,0,,,,,,ASSISTED_LIVING,,,,,,,,,,,,,,,,,,,,,,,,,,,,,,,,,,,
z1f8xf9i4sd,1,isomursuExploringCommercialisationChallenges2013,"Exploring Commercialisation Challenges of Digital Services–Looking at Ambient Assisted Living, Health Care, and Well-Being Services","Isomursu, M and Wallin, A",2013,,1,0.1,,,,,,ASSISTED_LIVING,,,,,,,,,,,,,,,,,,,,,,,,,,,,,,,,,,,
z1ym1hup91q,1,al-hajjarSpatialModelingFactors2015,Spatial Modeling Factors in Sensor-Based Ambient Assisted Living Technologies Designed for Ageing Populations,"Al-Hajjar, Dua’a and Ehaidib, Reem Al and Muhanna, Sarah Al and Sohibani, May Al and Al-Wabil, Areej",2015,,1,0.2,,,,AS,,ASSISTED_LIVING,,,,,,,,,,,,,,,,,,,,,,,,,,,,,,,,,,,
z3hgkgsbkyq,1,karamDesigningModelHuman2009,Designing the Model Human Cochlea: An Ambient Crossmodal Audio-Tactile Display,"Karam, M. and Russo, F.A. and Fels, D.I.",2009,,66,5.7,Model Human Cochlea,A chair with voice coils embedded in the back that translates music into discrete vibrotactile signals along the body,YES,ADAIS,"PROTOTYPE,EVAL,DEV",INCREASE_AWARENESS,OTHER,HOME,,,,,,,,,CONTINUOUS,,HAPTIC,PERSONAL,HIGH,SPEAKER,FAMILIAR,YES,21,HOURS,IN_LAB,USERS,PROTOTYPE,"INTERVIEW,QUESTIONNAIRE",[NA],[NA],NONE,PRESENCE,"PERIPHERAL_PLACEMENT,AUGMENTATION",YES,NONE,NOT_MENTIONED,,,
z4404v7r0b8,1,probstMoveitStickyNotes2013,Move-It Sticky Notes Providing Active Physical Feedback through Motion,"Probst, Kathrin and Haller, Michael and Yasu, Kentaro and Sugimoto, Maki and Inami, Masahiko",2013,,17,2.3,Watch-it sticky notes,Augmented Post-it notes with a shape-memory-alloy paperclip that change shape to indicate the online availability of remote IM contacts,YES,ADAIS,"PROTOTYPE,USECASE,EVAL",INCREASE_AWARENESS,SOCIAL,WORKPLACE,,,,,,,,,EVENT,MAKE_AWARE,POS,PERSONAL,LOW,MOTOR,FAMILIAR,NO,18,HOURS,IN_SITU,USERS,PROTOTYPE,"QUESTIONNAIRE,COMMENTS,TASK_PERFORMANCE",QUESTIONNAIRE,OBJECTIVE,NONE,"PRESENCE,PUSH","PERIPHERAL_PLACEMENT,AUGMENTATION",YES,"NOISE,POWER,FABRICATION",NOT_MENTIONED,,,
z55mjrblkv,1,jaraAmbientAssistedLiving2009,An Ambient Assisted Living System for Telemedicine with Detection of Symptoms,"Jara, A. J. and Zamora-Izquierdo, M. A. and Gomez-Skarmeta, A. F.",2009,,36,3.1,,,,,,ASSISTED_LIVING,,,,,,,,,,,,,,,,,,,,,,,,,,,,,,,,,,,
z6j3wp0ave,1,rudolph2001project,"Project Oxygen: Pervasive, Human-Centric Computing–an Initial Experience","Rudolph, Larry",2001,,82,4.2,Project Oxygen,http://www.oxygen.lcs.mit.edu/Overview.html,,,,,,,,,,,,,,,,,,,,,,NO,,,,,,,,,,,,,,,,,
z6kqvjuzle,1,alanaziResilienceWirelessMesh2015,On Resilience of Wireless Mesh Routing Protocol against DoS Attacks in IoT-based Ambient Assisted Living Applications,"Alanazi, Shaker and Al-Muhtadi, Jalal and Derhab, Abdelouahid and Saleem, Kashif and AlRomi, Afnan N. and Alholaibah, Hanan S. and Rodrigues, Joel J.P.C",2015,,37,6.7,,,,IOT,,ASSISTED_LIVING,,,,,,,,,,,,,,,,,,,,,,,,,,,,,,,,,,,
z8xy47qu3u,1,yiLightweightAuthenticationProtocol2017,A Lightweight Authentication Protocol for Ambient Assisted Living Systems,"Yi, MK and Whangbo, TK",2017,,5,1.4,,,,,,ASSISTED_LIVING,,,,,,,,,,,,,,,,,,,,,,,,,,,,,,,,,,,
zajpc44i6vh,1,rocker2004using,Using Ambient Displays and Smart Artefacts to Support Community Interaction in Distributed Teams,"Röcker, Carsten and Prante, Thorsten and Streitz, NA and van Alphen, Daniel",2004,,31,1.9,Hello.Wall,"A public ambient display that emits awareness information about remote team members' presence, availability and mood via different light patterns",YES,ADAIS,"PROTOTYPE,USECASE",INCREASE_AWARENESS,SOCIAL,WORKPLACE,,,,,,,,,CONTINUOUS,MAKE_AWARE,VISUAL,GROUP,MEDIUM,LED,ART,YES,10,WEEKS,IN_SITU,USERS,PROTOTYPE,OBSERVATION,[NA],OBJECTIVE,NONE,"PRESENCE,PUSH","PERIPHERAL_PLACEMENT,CAMOUFLAGE",YES,NONE,NOT_MENTIONED,,,
zc7ilg29q4,1,tomitschMobilityEmotionalDistance2007,Mobility and Emotional Distance: Exploring the Ceiling as an Ambient Display to Provide Remote Awareness,"Tomitsch, M. and Grechenig, T. and Mayrhofer, S.",2007,,8,0.6,Untitled,"Projectors display colored light patterns on the ceiling corresponding to a remote partner's emotional state, set via a tangible RFID cube",YES,ADAIS,"PROTOTYPE,USECASE,EVAL",INCREASE_AWARENESS,SOCIAL,HOME,,,,,,,,,OBJECT,CHANGE_BLIND,VISUAL,PARTNERSHIP,MEDIUM,SCREEN,ART,NO,6,HOURS,IN_PRESENTATION,USERS,PRESENTATION,"INTERVIEW,QUESTIONNAIRE",[NA],[NA],NONE,PRESENCE,PERIPHERAL_PLACEMENT,YES,NONE,NOT_MENTIONED,,,
zc86lxvk19j,1,khungarContextBasedStorage2004,A Context Based Storage for Ubiquitous Computing Applications,"Khungar, Sharat and Riekki, Jukka",2004,,26,1.6,,,,,,,,,,,,,,,,,,,,,,,,,,,,,,,,,,,,,,,,,
zc98n07b7rm,1,vardascaNeedsOpportunitiesAmbient2012,Needs and Opportunities in Ambient Assisted Living in Portugal,"Vardasca, R and Simoes, R",2012,,2,0.2,,,,,,ASSISTED_LIVING,,,,,,,,,,,,,,,,,,,,,,,,,,,,,,,,,,,
zcalkyg29ic,1,elbanhawyAmbientAwarenessInterface2016,Towards an Ambient Awareness Interface for Home Battery Storage System,"Elbanhawy, Eiman Y. and Smith, Andrew F. G. and Moore, John",2016,,6,1.3,Ambient Light System,An IoT light bulb that changes colour and pulses to reflect home battery storage level and grid import/export state,YES,ADAIS,"PROTOTYPE,USECASE",INCREASE_AWARENESS,RESOURCES,HOME,,,,,,,,,CONTINUOUS,MAKE_AWARE,VISUAL,HOUSEHOLD,MEDIUM,LED,FAMILIAR,YES,2,HOURS,IN_SITU,USERS,PRESENTATION,INTERVIEW,[NA],SUBJECTIVE,NONE,"PRESENCE,PUSH","AUGMENTATION,PERIPHERAL_PLACEMENT",NO,NA,NOT_MENTIONED,,,
zdqhnpjeff,1,palumboAmbientIntelligenceAssisted2016,Ambient Intelligence in Assisted Living Environments,"Palumbo, F",2016,,6,1.3,,,,,,ASSISTED_LIVING,,,,,,,,,,,,,,,,,,,,,,,,,,,,,,,,,,,
ze3f6au7ai,1,demiguel-bilbaoShortRangeTechnologies2013,Short Range Technologies for Ambient Assisted Living Systems in Telemedicine: New Healthcare Environments,"de Miguel-Bilbao, S and García, J and Marcos, MD and Ramos, V",2013,,3,0.4,,,,,,ASSISTED_LIVING,,,,,,,,,,,,,,,,,,,,,,,,,,,,,,,,,,,
ze5b22xqgqb,1,braunLowcostIndoorLocalization2016,Low-Cost Indoor Localization Using Cameras – Evaluating AmbiTrack and Its Applications in Ambient Assisted Living,"Braun, Andreas and Dutz, Tim",2016,,3,0.7,,,,,,ASSISTED_LIVING,,,,,,,,,,,,,,,,,,,,,,,,,,,,,,,,,,,
zecv2lfdqpg,1,lauModelInformationAesthetics2007,Towards a Model of Information Aesthetics in Information Visualization,"Lau, Andrea and Vande Moere, Andrew",2007,,188,13.9,,,,,,,,,,,,,,,,,,,VISUAL,,,,,NO,,,,,,,,,,,,,,,,,
zfad1011vso,1,wangVideoStylizationDigital2010,Video Stylization for Digital Ambient Displays of Home Movies,"Wang, Tinghuai and Collomosse, John and Slatter, David and Cheatle, Phil and Greig, Darryl",2010,,14,1.3,Digital Ambient Display (DAD),"Always-on display for living spaces that automatically selects, stylizes, and transitions between home video clips into a flowing artistic composition",YES,ADAIS,"DEV,PROTOTYPE,USECASE",OTHER,"SOCIAL,EVENTS",HOME,,,,,,,,,CONTINUOUS,CHANGE_BLIND,VISUAL,HOUSEHOLD,HIGH,SCREEN,ART,NO,,,,,,,,,NONE,PRESENCE,CAMOUFLAGE,NO,NA,NOT_MENTIONED,,,
zgnjro7y1z,1,aartsNewResearchPerspectives2009,New Research Perspectives on Ambient Intelligence,"Aarts, Emile and de Ruyter, Boris",2009,,259,22.5,,,NO,AMI,,,HEALTH,MEDICAL,,,,,,,,,,,,,,,,NO,,,,,,,,,,,,,,,,,
zh74ideuvm,1,kiddAwareHomeLiving2006,The Aware Home: A Living Laboratory for Ubiquitous Computing Research,"Kidd, Cory D. and Orr, Robert and Abowd, Gregory D. and Atkeson, Christopher G. and Essa, Irfan A. and MacIntyre, Blair and Mynatt, Elizabeth and Starner, Thad E. and Newstetter, Wendy",1999,,1472,68.5,,,,,,,,,,,,,,,,,,,,,,,,,,,,,,,,,,,,,,,,,
zhouylehwlh,1,WeasleyClock2005,Weasley Clock,,2005,,103,6.6,Weasley Clock,,,,,,SOCIAL,HOME,,,,,,,,,,,,FAMILY,,,,,,,,,,,,,,,,,,,,,
zj26rzq5nhf,1,panticFaceAmbientInterface2006,Face for Ambient Interface,"Pantic, Maja",2006,,,0,,,,,,,HEALTH,MEDICAL,,,,,,,,,,,,,,,,,,,,,,,,,,,,,,,,,
zjo3g7i4yqa,1,ziefleMultidisciplinaryApproachAmbient2011,A Multi-Disciplinary Approach to Ambient Assisted Living,"Ziefle, Martina and Röcker, Carsten and Wilkowska, Wiktoria and Kasugai, Kai and Klack, Lars and Möllering, Christian and Beul, Shirley",2011,,42,4.4,,,,,,ASSISTED_LIVING,,,,,,,,,,,,,,,,,,,,,,,,,,,,,,,,,,,
zkrv4433w7e,1,forlizziSenseChairLoungeChair2005,The SenseChair: The Lounge Chair as an Intelligent Assistive Device for Elders,"Forlizzi, Jodi and DiSalvo, Carl and Zimmerman, John and Mutlu, Bilge and Hurst, Amy",2005,,48,3.1,SenseChair,"An intelligent assistive lounge chair with pressure sensors, vibration motors, lights, and speakers that senses a sitter's behavior and provides ambient displays and explicit notifications to support elders.",YES,ADAIS,"PROTOTYPE,USECASE","ASSISTED_LIVING,NOTIFICATION,INCREASE_AWARENESS",HEALTH,HOME,,,,,,,,,USER,MAKE_AWARE,"VISUAL,AUDIO,HAPTIC",PERSONAL,MEDIUM,"LED,MOTOR,SPEAKER",FAMILIAR,NO,10,HOURS,IN_PRESENTATION,USERS,PRESENTATION,"INTERVIEW,COMMENTS",[NA],[NA],NONE,"PUSH,PRESENCE",AUGMENTATION,YES,NONE,NOT_MENTIONED,,,
zlapi83vito,1,olivierCrossmodalAmbientDisplays2007,Crossmodal Ambient Displays,"Olivier, Patrick and Cao, Han and Gilroy, Stephen W. and Jackson, Daniel G.",2007,,17,1.3,CrossFlow,"Floor-projected animated 'fish-like' or arrow patterns showing directions, with personal phone vibration/sound cues that let users decode time-multiplexed navigation directions",YES,ADAIS,PROTOTYPE,AID_IN_ACTIVITY,OTHER,"URBAN,TRANSPORT",,,,,,,,,CONTINUOUS,MAKE_AWARE,"VISUAL,AUDIO,HAPTIC",PUBLIC,MEDIUM,"PROJECTION,SPEAKER,MOTOR","ART,ASSOCIATED",YES,9,HOURS,IN_LAB,USERS,PROTOTYPE,QUESTIONNAIRE,"QUESTIONNAIRE,DUAL_TASK",[NA],"PERIPHERAL_ATTENTION,AWARENESS_CONSCIOUSNESS,SALIENCE","PRESENCE,PUSH","CAMOUFLAGE,PERIPHERAL_PLACEMENT",YES,NONE,NOT_MENTIONED,,,
zlduu4d27o,1,davisPromotingSocialConnectedness2016,Promoting Social Connectedness through Human Activity-Based Ambient Displays,"Davis, Kadian and Owusu, Evans and Hu, Jun and Marcenaro, Lucio and Regazzoni, Carlo and Feijs, Loe",2016,,13,2.9,“Social Connectedness for relatives”,Show social activity of relatives (e.g. In care homes) using blue/red stitching curves,YES,ADAIS,"PROTOTYPE,EVAL,USECASE","INCREASE_AWARENESS,ASSISTED_LIVING","SOCIAL,HEALTH",MEDICAL,,,,,,,,,CONTINUOUS,USER_POLL,VISUAL,PERSONAL,MEDIUM,SCREEN,"FAMILIAR,ART",NO,12,WEEKS,IN_SITU,"USERS,EXPERTS",PROTOTYPE,"QUESTIONNAIRE,INTERVIEW,OBSERVATION,HEURISTIC_EVALUATION",[NA],SUBJECTIVE,SALIENCE,"PRESENCE,PULL","PERIPHERAL_PLACEMENT,CAMOUFLAGE",NO,NA,NOT_MENTIONED,,,
zms32htumkj,1,rocker2011social,Social Inclusion in Ambient Assisted Living Environments: Home Automation and Convenience Services for Elderly User,"Röcker, Carsten and Ziefle, Martina and Holzinger, Andreas",2011,,28,2.9,,,,,,ASSISTED_LIVING,"SOCIAL,HEALTH","HOME,MEDICAL",,,,,,,,,,,,,,,,NO,,,,,,,,,,,,,,,,,
znkougckum,1,mbarekECASSEncryptionCompression2019,ECASS: An Encryption Compression Aggregation Security Scheme for Secure Data Transmission in Ambient Assisted Living Systems,"Mbarek, B and Jabeur, N",2019,,3,2,ECASS,,,,,ASSISTED_LIVING,,,,,,,,,,,,,,,,,,,,,,,,,,,,,,,,,,,
zns11fy10to,1,newmanUbiquitousTrackingAugmented2004,Ubiquitous Tracking for Augmented Reality,"Newman, J. and Wagner, M. and Bauer, M. and MacWilliams, A. and Pintaric, T. and Beyer, D. and Pustka, D. and Strasser, F. and Schmalstieg, D. and Klinker, G.",2004,,112,6.8,,,,,,,,,,,,,,,,,,,,,,,,,,,,,,,,,,,,,,,,,
zok32dzyzv,1,jensenShadowLampAmbientDisplay2019,ShadowLamp: An Ambient Display with Controllable Shadow Projection Using Electrochromic Materials.,"Jensen, Walther and Löchtefeld, Markus and Knoche, Hendrik",2019,,5,3.3,ShadowLamp,A hexagonal lamp casting controllable hard shadows via electrochromic display masks to project ambient imagery on walls,YES,ADAIS,PROTOTYPE,AID_IN_ACTIVITY,HEALTH,HOME,,,,,,,,,USER,CHANGE_BLIND,VISUAL,FAMILY,MEDIUM,LED,FAMILIAR,NO,,,,,,,,,NONE,PRESENCE,AUGMENTATION,YES,FABRICATION,NOT_MENTIONED,,,
zq9ja08x1e,1,yangSupportingDriversConcurrent2013,"Supporting Drivers in Concurrent Lane and Speed Tracking Tasks with Novel Visual, Auditory, and Tactile Speedometer Displays","Yang, Shiyan and You, No Young and Ferris, Thomas K.",2013,,9,1.2,Tactile Display,Eight vibrotactile tactors on a compression shirt encoding speed error direction and magnitude via location and beat-pulse frequency,YES,ADAIS,"PROTOTYPE,EVAL,USECASE","AID_IN_ACTIVITY,INCREASE_AWARENESS",HEALTH,MEDICAL,,,,,,,,,CONTINUOUS,MAKE_AWARE,HAPTIC,PERSONAL,MEDIUM,MOTOR,ARTIFICIAL,YES,12,HOURS,IN_LAB,USERS,PROTOTYPE,QUESTIONNAIRE,DUAL_TASK,OBJECTIVE,"PERIPHERAL_ATTENTION,SALIENCE",PRESENCE,PERIPHERAL_PLACEMENT,YES,NOISE,NOT_MENTIONED,,,
zqduc42niu,1,huangPromotingAwarenessWork2002,Promoting Awareness of Work Activities through Peripheral Displays,"Huang, Elaine M. and Tullio, Joe and Costa, Tony J. and McCarthy, Joseph F.",2002,,43,2.3,Awareness Module,"A large public display in an office that cycles through short blurbs about coworkers' work activities, with a badge reader for retrieving detailed information via email",YES,ADAIS,"PROTOTYPE,USECASE",INCREASE_AWARENESS,"SOCIAL,EVENTS",WORKPLACE,,,,,,,,,CONTINUOUS,USER_POLL,VISUAL,PUBLIC,MEDIUM,SCREEN,ARTIFICIAL,NO,8,DAYS,IN_SITU,USERS,PROTOTYPE,"INTERVIEW,COMMENTS,OBSERVATION",[NA],SUBJECTIVE,NONE,"PRESENCE,PULL",PERIPHERAL_PLACEMENT,YES,NONE,NOT_MENTIONED,,,
zr40w3cp8nr,1,gamaPlatformEmulateAmbient2013,A Platform to Emulate Ambient Assisted Living Environments,"Gama, Oscar and Simoes, Ricardo",2013,,3,0.4,,,,,,ASSISTED_LIVING,,,,,,,,,,,,,,,,,,,,,,,,,,,,,,,,,,,
zru9huiy1j,1,edwardsHomeUbiquitousComputing2001,At Home with Ubiquitous Computing: Seven Challenges,"Edwards, W. Keith and Grinter, Rebecca E.",2001,,806,41.3,,,,,,,,,,,,,,,,,,,,,,,,,,,,,,,,,,,,,,,,,
zsluo2him9,1,augustoAmbientIntelligenceConcepts2007,Ambient Intelligence: Concepts and Applications,"Augusto, Juan and Mccullagh, Paul",2007,,264,19.6,,,,,,,HEALTH,MEDICAL,,,,,,,,,,,,,,,,,,,,,,,,,,,,,,,,,
ztp5pc8zx4i,1,moravejiClassSearchFacilitatingDevelopment2011,ClassSearch: Facilitating the Development of Web Search Skills through Social Learning,"Moraveji, Neema and Morris, Meredith and Morris, Daniel and Czerwinski, Mary and Riche, Nathalie Henry",2011,,38,4,ClassSearch,"A shared-awareness projected display showing aggregated classroom Web search activity (query cloud, site cloud, search strategies) to facilitate social learning",YES,ADAIS,"PROTOTYPE,USECASE,EVAL,DEFTAX",INCREASE_AWARENESS,SOCIAL,EDUCATION,,,,,,,,,CONTINUOUS,USER_POLL,VISUAL,PUBLIC,HIGH,SCREEN,ARTIFICIAL,YES,160,DAYS,IN_SITU,USERS,PROTOTYPE,INTERVIEW,[NA],OBJECTIVE,NONE,"PRESENCE,PULL",PERIPHERAL_PLACEMENT,NO,NA,NOT_MENTIONED,,,
zuxvqrxzdm9,1,schmidtMobilePhonesTool2006,Mobile Phones as Tool to Increase Communication and Location Awareness of Users,"Schmidt, Albrecht and Holleis, Paul and Häkkilä, Jonna and Rukzio, Enrico and Atterer, Richard",2006,,8,0.6,Map,Mobile phone screen saver showing an animated map highlighting the user's main locations based on cell-ID data,YES,ADAIS,"PROTOTYPE,USECASE",BEHAVIOURAL_CHANGE,OTHER,"HOME,WORKPLACE,TRANSPORT",,,,,,,,,CONTINUOUS,USER_POLL,VISUAL,PERSONAL,MEDIUM,SCREEN,ASSOCIATED,NO,20,HOURS,IN_PRESENTATION,USERS,SIMULATION,"INTERVIEW,QUESTIONNAIRE",[NA],SUBJECTIVE,NONE,PRESENCE,"AUGMENTATION,PERIPHERAL_PLACEMENT",NO,NA,NOT_MENTIONED,,,
zvc99g2nota,1,blejaCollaborativeSystemBusiness2018,A Collaborative System Business Model for Ambient Assisted Living Systems,"Bleja, Jelena and Grossmann, Uwe and Langer, Henrike",2018,,5,2,,,,,,ASSISTED_LIVING,,,,,,,,,,,,,,,,,,,,,,,,,,,,,,,,,,,
zvqn7dzqc2,1,madridSensorsAmbientAssisted2013,Sensors for Ambient Assisted Living and Smart Homes,"Madrid, N. Martínez and Fernández, J. Martínez and Seepold, R. and Augusto, J. C.",2013,,5,0.7,,,,AS,,ASSISTED_LIVING,,,,,,,,,,,,,,,,,,,,,,,,,,,,,,,,,,,
zvrzou7lo5,1,gerardoColocacaoNoMercado2011,Colocação No Mercado de Dispositivos Médicos Associados à Medicina Física e de Reabilitação Para Utilização Em Ambient Assisted Living,"Gerardo, AFA",2011,,2,0.2,,,,,,ASSISTED_LIVING,,,,,,,,,,,,,,,,,,,,,,,,,,,,,,,,,,,
zvu3hqrd3yq,1,huiDisappearingUserInterfaces2017,Towards Disappearing User Interfaces for Ubiquitous Computing: Human Enhancement from Sixth Sense to Super Senses,"Hui, Terence K. L. and Sherratt, R. Simon",2017,,17,4.9,,,,,,,,,,,,,,,,,,,,,,,,,,,,,,,,,,,,,,,,,
zvvsrypfowh,1,WeasleyLocationClock2007,Weasley Location Clock Project,,2007,,243,18,"""Harry Potter Clock""",,,,,,SOCIAL,HOME,,,,,,,,,,,,FAMILY,,,FAMILIAR,,,,,,,,,,,,,,,,,,
zwvx5l1o5mp,1,belmonte-fernandezIndoorPositioningSystem2014,An Indoor Positioning System Based on Wearables for Ambient-Assisted Living,"Belmonte-Fernández, Óscar and Puertas-Cabedo, Adrian and Torres-Sospedra, Joaquín and Montoliu-Colás, Raúl and Trilles-Oliver, Sergi",2017,,35,10,,,,,,ASSISTED_LIVING,,,,,,,,,,,,,,,,,,,,,,,,,,,,,,,,,,,
zxdhle3ick9,1,chernyshovWearableAmbientSound2016,Wearable Ambient Sound Display: Embedding Information in Personal Music,"Chernyshov, George and Tag, Benjamin and Chen, Jiajun and Noriyasu, Vontin and Lukowicz, Paul and Kunze, Kai",2016,,4,0.9,Untitled,Wearable system that embeds continuous information into personal music by subtly altering equalizer settings of a frequency band,YES,ADAIS,"PROTOTYPE,EVAL,USECASE",INCREASE_AWARENESS,HEALTH,"EXERCISE,WORKPLACE",,,,,,,,,CONTINUOUS,CHANGE_BLIND,AUDIO,PERSONAL,MEDIUM,SPEAKER,NA,NO,10,HOURS,IN_LAB,USERS,REDUCED_PROTOTYPE,"TASK_PERFORMANCE,COMMENTS",DUAL_TASK,[NA],NONE,PRESENCE,AUGMENTATION,NO,NA,NOT_MENTIONED,,,
zy29th6vsjf,1,takrouriEyeJOTUbiquitousContextaware2007,eyeJOT - A Ubiquitous Context-aware Campus Information System,"Takrouri, Bashar Al and Canonico, Antonio and Gongora, Layda and Janiszewski, Michal and Toader, Claudiu and Schrader, Andreas",2007,,13,1,eyeJOT,"Ambient wall-sized display showing campus information using a dandelion metaphor, combined with proximity-based mobile device interaction",YES,ADAIS,"PROTOTYPE,DEV,USECASE","INCREASE_AWARENESS,NOTIFICATION","EVENTS,SOCIAL",EDUCATION,,,,,,,,,USER,MAKE_AWARE,VISUAL,PERSONAL,HIGH,SCREEN,ART,NO,7,HOURS,IN_LAB,USERS,SIMULATION,QUESTIONNAIRE,[NA],[NA],NONE,"PRESENCE,PULL",PERIPHERAL_PLACEMENT,NO,NA,NOT_MENTIONED,,,
zyqrh0cnfno,1,deguzmanExploringDesignUse2004,Exploring the Design and Use of Peripheral Displays of Awareness Information,"De Guzman, Edward S. and Yau, Margaret and Gagliano, Anthony and Park, Austin and Dey, Anind K.",2004,,61,3.7,Spinner,A blue transparent plastic sculpture with three spinning hobby motors and LEDs that present the IM status of up to three buddies,YES,ADAIS,PROTOTYPE,INCREASE_AWARENESS,SOCIAL,WORKPLACE,,,,,,,,,EVENT,MAKE_AWARE,"VISUAL,POS",HOUSEHOLD,MEDIUM,"MOTOR,LED","ART,ARTIFICIAL",NO,15,HOURS,IN_PRESENTATION,USERS,PROTOTYPE,COMMENTS,[NA],[NA],NONE,"PUSH,PRESENCE","PERIPHERAL_PLACEMENT,CAMOUFLAGE",YES,NONE,NOT_MENTIONED,,,
zyr8a7a5tj,1,froehlichUbiGreenInvestigatingMobile2009,UbiGreen: Investigating a Mobile Tool for Tracking and Supporting Green Transportation Habits,"Froehlich, Jon and Dillahunt, Tawanna and Klasnja, Predrag and Mankoff, Jennifer and Consolvo, Sunny and Harrison, Beverly and Landay, James A.",2009,,686,59.7,UbiGreen,Mobile phone wallpaper that shows a growing tree or polar bear ecosystem reflecting the user's green transportation activity,YES,ADAIS,"PROTOTYPE,EVAL,USECASE",INCREASE_AWARENESS,RESOURCES,TRANSPORT,,,,,,,,,EVENT,USER_POLL,VISUAL,PERSONAL,MEDIUM,SCREEN,ASSOCIATED,YES,13,WEEKS,IN_SITU,USERS,PROTOTYPE,"INTERVIEW,QUESTIONNAIRE,USAGE_STATISTIC,COMMENTS",[NA],SUBJECTIVE,MEMORY_OTHER,PRESENCE,AUGMENTATION,NO,NA,NOT_MENTIONED,,,
zz321knt0e,1,gomez-donosoEnhancingAmbientAssisted2019,Enhancing the Ambient Assisted Living Capabilities with a Mobile Robot,"Gomez-Donoso, Francisco and Escalona, Félix and Rivas, Francisco Miguel and Cañas, Jose Maria and Cazorla, Miguel",2019,,3,2,,,,,,ASSISTED_LIVING,,,,,,,,,,,,,,,,,,,,,,,,,,,,,,,,,,,
q2fp879nh7w,1,hallnasExpressionsDesignPractice2001,Expressions: Towards a Design Practice of Slow Technology.,"Hallnäs, Lars and Jaksetic, Patricija and Ljungstrand, Peter and Redström, Johan and Skog, Tobias",2001,,,,"Slow Technology (Fan House, Lamp Foot, Chest of Drawers, etc.)","A collection of slow-technology displays and devices made of fabric, wood, paper and leaves that express reading and writing of information through patterns of motion",YES,"ADAIS,TUI","CONCEPT,PROTOTYPE",OTHER,"ENVIRONMENT,RESOURCES,SOCIAL","HOME,WORKPLACE",,,,,,,,,CONTINUOUS,USER_POLL,"VISUAL,AIRMOVE,POS",HOUSEHOLD,MEDIUM,MOTOR,"FAMILIAR,ART",NO,,,,,,,,,NONE,PRESENCE,"CAMOUFLAGE,AUGMENTATION",YES,NONE,NOT_MENTIONED,,,
fa32c1025e4,1,aartsAmbientIntelligenceInvisible2001,"Ambient Intelligence, The Invisible Future: The Seamless Integration of Technology into Everyday Life","Aarts, Emile and Harwig, Rick and Schuurmans, Martin",2001,https://archive.org/details/invisiblefutures01denn,,,Ambient Intelligence,"A conceptual paradigm for digital environments that are sensitive, adaptive and responsive to people, with electronics dissolved into the background of everyday life",NO,AMI,"CONCEPT,ISSUES",OTHER,OTHER,HOME,,,,,,,,,,,,,,,,NO,,,,,,,,,NONE,,,NA,NA,NA,,,
42642542292,1,horvitzAttentionsensitiveAlerting2013,Attention-Sensitive Alerting,"Horvitz, Eric J and Jacobs, Andy and Hovel, David",2013,,,,PRIORITIES,"A decision-theoretic email alerting system that infers message criticality and a user's attentional focus to mediate notifications via sounds, a sorted email viewer, and forwarding to mobile devices",YES,"AMI,AS,UI","CONCEPT,DEV,PROTOTYPE","NOTIFICATION,INCREASE_AWARENESS","EVENTS,SOCIAL",WORKPLACE,,,,,,,,,EVENT,MAKE_AWARE,"VISUAL,AUDIO",PERSONAL,HIGH,"SCREEN,SPEAKER",ARTIFICIAL,YES,1,DAYS,IN_SITU,USERS,PROTOTYPE,TASK_PERFORMANCE,[NA],[NA],COGNITIVE_LOAD,"PUSH,PULL",,NO,NA,NOT_MENTIONED,,,
0208b328679,1,holmquistInformativeArtInformation2003,Informative Art: Information Visualization in Everyday Environments,"Holmquist, Lars Erik and Skog, Tobias",2003,,,,Informative Art,Wall-mounted screens/projections showing dynamically updated information in the style of famous artworks (e.g. Mondriaan-style weather composition),YES,"ADAIS,UI","CONCEPT,PROTOTYPE,USECASE,ISSUES",INCREASE_AWARENESS,"ENVIRONMENT,SOCIAL,EVENTS","HOME,WORKPLACE,URBAN",,,,,,,,,CONTINUOUS,CHANGE_BLIND,VISUAL,PUBLIC,HIGH,"SCREEN,PROJECTION",ART,NO,,,,,,,,,SALIENCE,PRESENCE,CAMOUFLAGE,NO,NA,NOT_MENTIONED,,,
ec7ff41b8be,1,watsonManagingLevelDetail1997,Managing Level of Detail through Peripheral Degradation: Effects on Search Performance with a Head-Mounted Display,"Watson, Benjamin and Walker, Neff and Hodges, Larry F and Worden, Aileen",1997,,,,Peripheral Level-of-Detail Degradation HMD,Head-mounted display that degrades visual detail (resolution or color) in the periphery while preserving a high-detail central inset to improve frame rate without harming search performance,NO,UI,EVAL,OTHER,OTHER,OTHER,,,,,,,,,CONTINUOUS,,VISUAL,PERSONAL,HIGH,SCREEN,ARTIFICIAL,YES,20,DAYS,IN_LAB,USERS,PROTOTYPE,TASK_PERFORMANCE,[NA],[NA],PERIPHERAL_ATTENTION,,PERIPHERAL_PLACEMENT,NO,NA,NOT_MENTIONED,,,
e24db972124,1,russAmbientInformationSystems2008,Ambient Information Systems–Do They Open a New Quality of IS?,"Russ, Aaron and Hesse, Wolfgang and Müller, Dirk",2008,,,,Ambient Information Systems (AIS),"A conceptual definition and semiotic analysis of Ambient Information Systems as Information Systems extended by mobility, pervasiveness and adaptability.",NO,"ADAIS,AMI,IOT","CONCEPT,DEFTAX,ISSUES",UNSTATED,OTHER,OTHER,,,,,,,,,,,[NA],,,,NA,NO,,,,,,,,,NONE,,,NA,NA,NA,,,
0498a46299b,1,tomitschInteractiveCeilingAmbient2008,Interactive Ceiling: Ambient Information Display for Architectural Environments,"Tomitsch, Martin",2008,,,,Interactive Ceiling,"Architectural ceiling used as an ambient display to visualize information such as weather, emotions and spatial sound non-obtrusively above the user",YES,"ADAIS,UI","CONCEPT,PROTOTYPE,USECASE",INCREASE_AWARENESS,"ENVIRONMENT,SOCIAL,OTHER","WORKPLACE,HOME",,,,,,,,,CONTINUOUS,USER_POLL,VISUAL,PUBLIC,MEDIUM,"PROJECTION,LED","ART,ASSOCIATED",YES,,HOURS,IN_LAB,USERS,PROTOTYPE,"COMMENTS,OBSERVATION",[NA],[NA],NONE,PRESENCE,"PERIPHERAL_PLACEMENT,CAMOUFLAGE",YES,NONE,NOT_MENTIONED,,,
4ea501c8bea,1,horvitzModelsAttentionComputing2003,Models of Attention in Computing and Communication: From Principles to Applications,"Horvitz, Eric and Kadie, Carl and Paek, Tim and Hovel, David",2003,https://dl.acm.org/doi/10.1145/636772.636798,,,Notification Platform,"Attention-savvy cross-device messaging system that uses a Bayesian model of attention to decide if, when, and how to alert a user about incoming messages, balancing information value against cost of disruption.",YES,"AMI,AS,UI","CONCEPT,DEV,PROTOTYPE","NOTIFICATION,INCREASE_AWARENESS","EVENTS,SOCIAL","WORKPLACE,HOME",,,,,,,,,EVENT,MAKE_AWARE,"VISUAL,AUDIO",PERSONAL,HIGH,"SCREEN,SPEAKER",ARTIFICIAL,NO,,,,,,,,,"PERIPHERAL_ATTENTION,COGNITIVE_LOAD",PUSH,,NO,NA,NOT_MENTIONED,,,
35739ffb88f,1,grudinPartitioningDigitalWorlds2001,Partitioning Digital Worlds: Focal and Peripheral Awareness in Multiple Monitor Use,"Grudin, Jonathan",2001,https://dl.acm.org/doi/10.1145/365024.365312,,,Multiple Monitors,"Use of a second/third desktop monitor to hold secondary tasks, peripheral awareness information and easily accessible resources alongside the primary task",NO,"UI,ADAIS","CONCEPT,EVAL,ISSUES","INCREASE_AWARENESS,AID_IN_ACTIVITY","SOCIAL,EVENTS,OTHER","WORKPLACE,HOME",,,,,,,,,CONTINUOUS,USER_POLL,VISUAL,PERSONAL,HIGH,SCREEN,ARTIFICIAL,YES,18,HOURS,IN_SITU,USERS,FINAL,"INTERVIEW,OBSERVATION",[NA],[NA],NONE,"PUSH,PRESENCE",PERIPHERAL_PLACEMENT,NO,NA,NOT_MENTIONED,,,
7318f760d4d,1,mcculloughAttentionSurroundings2012,On Attention to Surroundings,"McCullough, Malcolm",2012,https://dl.acm.org/doi/10.1145/2377783.2377793,,,On Attention to Surroundings,"Conceptual essay on attention, ambient information, and the role of surroundings/architecture/urbanism in cognition; no built artefact.",NO,"ADAIS,AMI","CONCEPT,ISSUES",INCREASE_AWARENESS,ENVIRONMENT,URBAN,,,,,,,,,,,[NA],,,,NA,NO,,,,,,,,,"PERIPHERAL_ATTENTION,COGNITIVE_LOAD,SPATIAL_OBJECT_BINDING,AWARENESS_CONSCIOUSNESS",,,NA,NA,NA,,,
7a29d3b9004,1,mccrickardEstablishingTradeoffsThat2003,Establishing Tradeoffs That Leverage Attention for Utility: Empirically Evaluating Information Display in Notification Systems,"McCrickard, D.Scott and Catrambone, Richard and Chewar, C.M and Stasko, John T",2003,https://linkinghub.elsevier.com/retrieve/pii/S1071581903000223,,,Animated secondary display (notification system),"On-screen secondary display using tickering, fading, or blasting animated text to convey news, weather, stock, and sports information alongside a primary browsing task",NO,"ADAIS,UI","EVAL,CONCEPT","INCREASE_AWARENESS,NOTIFICATION","EVENTS,ENVIRONMENT,OTHER",WORKPLACE,,,,,,,,,CONTINUOUS,USER_POLL,VISUAL,PERSONAL,HIGH,SCREEN,ARTIFICIAL,YES,161,HOURS,IN_LAB,USERS,PROTOTYPE,"QUESTIONNAIRE,TASK_PERFORMANCE",DUAL_TASK,[NA],"SALIENCE,PERIPHERAL_ATTENTION",PRESENCE,PERIPHERAL_PLACEMENT,NO,NA,NOT_MENTIONED,,,
b62957e87e7,1,gouveiaExploringDesignSpace2016,Exploring the Design Space of Glanceable Feedback for Physical Activity Trackers,"Gouveia, Rúben and Pereira, Fábio and Karapanos, Evangelos and Munson, Sean A. and Hassenzahl, Marc",2016,https://dl.acm.org/doi/10.1145/2971648.2971754,,,"Glanceable Feedback Watchfaces (TickTock, Normly, Gardy, Goal Completion)",Smartwatch watchfaces that display physical activity feedback in the periphery of the time-telling screen to encourage movement,YES,"ADAIS,UI","CONCEPT,PROTOTYPE,EVAL","BEHAVIOURAL_CHANGE,INCREASE_AWARENESS",HEALTH,"EXERCISE,WORKPLACE",,,,,,,,,CONTINUOUS,USER_POLL,VISUAL,"PERSONAL,PUBLIC",MEDIUM,SCREEN,"ASSOCIATED,ARTIFICIAL",YES,12,WEEKS,IN_SITU,USERS,PROTOTYPE,"INTERVIEW,USAGE_STATISTIC,COMMENTS",[NA],"OBJECTIVE,SUBJECTIVE",NONE,PRESENCE,"AUGMENTATION,PERIPHERAL_PLACEMENT",NO,NA,NOT_MENTIONED,,,
1964e7ef95f,1,odomPhotoboxDesignSlow2012,Photobox: On the Design of a Slow Technology,"Odom, William and Selby, Mark and Sellen, Abigail and Kirk, David and Banks, Richard and Regan, Tim",2012,https://dl.acm.org/doi/10.1145/2317956.2318055,,,Photobox,A wooden chest that occasionally prints a randomly selected photo from the owner's Flickr collection inside it,YES,"ADAIS,TUI","PROTOTYPE,ISSUES",OTHER,"SOCIAL,OTHER",HOME,,,,,,,,,EVENT,USER_POLL,VISUAL,HOUSEHOLD,HIGH,"SCREEN,LED",FAMILIAR,NO,,,,,,,,,NONE,PRESENCE,"INVISIBILITY,CAMOUFLAGE",YES,"POWER,FABRICATION",NOT_MENTIONED,,,
c6a8bec22b1,1,liPeopletonesSystemDetection2008,Peopletones: A System for the Detection and Notification of Buddy Proximity on Mobile Phones,"Li, Kevin A. and Sohn, Timothy Y. and Huang, Steven and Griswold, William G.",2008,https://dl.acm.org/doi/10.1145/1378600.1378619,,,PeopleTones,A mobile phone application that detects buddy proximity and notifies the user via short audio cues and corresponding vibrotactile patterns uniquely mapped to each buddy,YES,"AS,ADAIS","DEV,PROTOTYPE,EVAL,USECASE","NOTIFICATION,INCREASE_AWARENESS",SOCIAL,OTHER,,,,,,,,,EVENT,MAKE_AWARE,"AUDIO,HAPTIC",PERSONAL,MEDIUM,"SPEAKER,MOTOR",ARTIFICIAL,YES,17,WEEKS,"IN_SITU,IN_LAB",USERS,PROTOTYPE,"INTERVIEW,QUESTIONNAIRE,USAGE_STATISTIC,COMMENTS",[NA],SUBJECTIVE,NONE,"PUSH,PULL",PERIPHERAL_PLACEMENT,NO,NA,NOT_MENTIONED,,,
a2ba5374718,1,matthewsDesigningEvaluatingGlanceable2006,Designing and Evaluating Glanceable Peripheral Displays,"Matthews, Tara",2006,http://portal.acm.org/citation.cfm?doid=1142405.1142457,,,Glanceable Peripheral Displays (Clipping Lists / Change Borders and email sender renditions),"Desktop peripheral visualizations (window clippings, colored change borders, and abstract email sender-group renditions) shown on a second monitor to support multitasking awareness",NO,"ADAIS,UI","EVAL,CONCEPT,DEFTAX","INCREASE_AWARENESS,AID_IN_ACTIVITY","EVENTS,SOCIAL",WORKPLACE,,,,,,,,,CONTINUOUS,USER_POLL,VISUAL,PERSONAL,MEDIUM,SCREEN,ARTIFICIAL,YES,101,HOURS,IN_LAB,"USERS,EXPERTS",PROTOTYPE,"QUESTIONNAIRE,INTERVIEW,COMMENTS,OBSERVATION,USAGE_STATISTIC,TASK_PERFORMANCE","QUESTIONNAIRE,DUAL_TASK",[NA],"PERIPHERAL_ATTENTION,SALIENCE,COGNITIVE_LOAD,MEMORY_OTHER",PRESENCE,PERIPHERAL_PLACEMENT,NO,NA,NOT_MENTIONED,,,
3d960e193cf,1,gokerAmbientPersonalisedContextsensitive2004,"An Ambient, Personalised, and Context-Sensitive Information System for Mobile Users","Göker, Ayse and Watt, Stuart and Myrhaug, Hans I. and Whitehead, Nik and Yakici, Murat and Bierig, Ralf and Nuti, Sree Kanth and Cumming, Hannah",2004,https://dl.acm.org/doi/10.1145/1031419.1031424,,,AmbieSense,"Context tags embedded in the environment that wirelessly push personalised, context-sensitive content to nearby mobile phones",YES,"AMI,ADAIS","DEV,PROTOTYPE,USECASE","INCREASE_AWARENESS,AID_IN_ACTIVITY","EVENTS,OTHER","URBAN,TRANSPORT",,,,,,,,,USER,MAKE_AWARE,VISUAL,PERSONAL,HIGH,SCREEN,ARTIFICIAL,NO,,,,,,,,,NONE,"PUSH,PULL",INVISIBILITY,YES,NONE,YES,,,
e708f8df1fd,1,lugmayrAmbientMediaToday2014,Ambient Media Today and Tomorrow: What Have Ambient Media in Common? What Are Ambient Media Today? Where Will Ambient Media Be in 2020?,"Lugmayr, Artur and Serral, Estefanía and Scherp, Ansgar and Pogorelc, Bogdan and Mustaquim, Moyen",2014,http://link.springer.com/10.1007/s11042-012-1346-z,,,Ambient Media Today and Tomorrow,Conceptual analysis and future-scenario study of ambient media as digital environments embedded throughout daily living spaces.,NO,"AMI,ADAIS,IOT","CONCEPT,DEFTAX,ISSUES",UNSTATED,"HEALTH,SOCIAL,RESOURCES,OTHER","HOME,URBAN,MEDICAL,SOCIAL",,,,,,,,,,,[NA],,,,NA,NO,,,,,,,,,NONE,,,NA,NA,NA,,,
9561cc9a08a,1,allouiWiseObjectsCalm2015,Wise Objects for Calm Technology:,"Alloui, Ilham and Esale, David and Vernier, Flavien",2015,http://www.scitepress.org/DigitalLibrary/Link.aspx?doi=10.5220/0005560104680471,,,Wise Objects,A software framework concept of self-learning autonomous objects that introspect on their own behaviour and usage to reduce intrusive interaction with users,NO,"AMI,IOT","CONCEPT,ISSUES","AID_IN_ACTIVITY,OTHER",OTHER,HOME,,,,,,,,,,,,,,,NA,NO,,,,,,,,,NONE,,,NA,NA,NA,,,
119bde67960,1,esauMorningRoutinesCalm2021,Morning Routines between Calm and Engaging: Designing a Smart Mirror:,"Esau, Margarita and Lawo, Dennis and Castelli, Nico and Jakobi, Timo and Stevens, Gunnar",2021,https://www.scitepress.org/DigitalLibrary/Link.aspx?doi=10.5220/0010658700003060,,,Mira,"An interactive Smart Mirror with a display concealed behind spy-mirror glass offering voice-controlled apps for face yoga, tooth brushing, idea capture and fitness in the bathroom",YES,"IOT,ADAIS","PROTOTYPE,CONCEPT,USECASE","AID_IN_ACTIVITY,OTHER","HEALTH,EVENTS,ENVIRONMENT",HOME,,,,,,,,,USER,USER_POLL,"VISUAL,AUDIO",FAMILY,HIGH,"SCREEN,SPEAKER",FAMILIAR,YES,5,HOURS,IN_SITU,USERS,WOZ,"INTERVIEW,COMMENTS,OBSERVATION,HEURISTIC_EVALUATION",[NA],SUBJECTIVE,NONE,"PULL,PRESENCE","AUGMENTATION,INVISIBILITY",YES,NONE,NOT_MENTIONED,,,
625f9b7d224,1,wongsuphasawatYouCantForce2012,You Can't Force Calm: Designing and Evaluating Respiratory Regulating Interfaces for Calming Technology,"Wongsuphasawat, Kanit and Gamburg, Alex and Moraveji, Neema",2012,https://dl.acm.org/doi/10.1145/2380296.2380326,,,,,,,,,,,,,,,,,,,,,,,,,,,,,,,,,,,,,,,,,,,
c9726a74d71,1,birnholtzAwarenessDesktopExploring2010,Awareness beyond the Desktop: Exploring Attention and Distraction with a Projected Peripheral-Vision Display,"Birnholtz, Jeremy and Reynolds, Lindsay and Luxenberg, Eli and Gutwin, Carl and Mustafa, Maryam",2010,,,,,,,,,,,,,,,,,,,,,,,,,,,,,,,,,,,,,,,,,,,,
b239836263d,1,cadizDesigningDeployingInformation2002,Designing and Deploying an Information Awareness Interface,"Cadiz, Jonathan J and Venolia, Gina and Jancke, Gavin and Gupta, Anoop",2002,https://dl.acm.org/doi/abs/10.1145/587078.587122,,,Sideshow,A persistent sidebar on the Windows desktop filled with 'tickets' that show summaries of awareness information drawn from web sites and databases,YES,"ADAIS,UI","PROTOTYPE,EVAL,DEV","INCREASE_AWARENESS,NOTIFICATION","EVENTS,SOCIAL,ENVIRONMENT,OTHER",WORKPLACE,,,,,,,,,CONTINUOUS,MAKE_AWARE,VISUAL,PERSONAL,HIGH,SCREEN,ARTIFICIAL,YES,487,MONTHS,IN_SITU,USERS,PROTOTYPE,"QUESTIONNAIRE,COMMENTS,USAGE_STATISTIC",[NA],SUBJECTIVE,NONE,"PUSH,PULL,PRESENCE",PERIPHERAL_PLACEMENT,NO,NA,YES,,,
0971758327f,1,staskoPersonalizedPeripheralInformation2004,Personalized Peripheral Information Awareness Through Information Art,"Stasko, John and Miller, Todd and Pousman, Zachary and Plaue, Christopher and Ullah, Osman",2004,http://link.springer.com/10.1007/978-3-540-30119-6_2,,,InfoCanvas,User-specified electronic painting on an LCD display in which scene objects change appearance and position to represent personally relevant information,YES,ADAIS,"PROTOTYPE,DEV,EVAL",INCREASE_AWARENESS,"EVENTS,ENVIRONMENT,SOCIAL,OTHER",WORKPLACE,,,,,,,,,CONTINUOUS,CHANGE_BLIND,VISUAL,PERSONAL,HIGH,SCREEN,ART,YES,4,MONTHS,IN_SITU,USERS,PROTOTYPE,"INTERVIEW,COMMENTS,OBSERVATION",[NA],[NA],NONE,PRESENCE,CAMOUFLAGE,NO,NA,NOT_MENTIONED,,,
ddf45627903,1,mcculloughAmbientCommonsAttention2013,Ambient Commons: Attention in the Age of Embodied Information,"McCullough, Malcolm",2013,,,,,,,,,,,,,,,,,,,,,,,,,,,,,,,,,,,,,,,,,,,,
4d61e84d0cb,1,caseCalmTechnologyPrinciples2015,Calm Technology: Principles and Patterns for Non-Intrusive Design,"Case, Amber",2015,,,,Calm Technology,A book presenting design principles and patterns for non-intrusive technology that engages the periphery of attention rather than demanding focus,NO,"ADAIS,IOT","CONCEPT,DEFTAX,ISSUES","INCREASE_AWARENESS,NOTIFICATION",OTHER,"HOME,WORKPLACE,TRANSPORT",,,,,,,,,,,[NA],,,,,NO,,,,,,,,,NONE,,,NA,NA,NA,,,
2b96bc75374,1,xiaoAugmentingFieldofViewHeadmounted2016,Augmenting the Field-of-View of Head-Mounted Displays with Sparse Peripheral Displays,"Xiao, Robert and Benko, Hrvoje",2016,,,,SparseLightVR,An array of low-resolution diffused colored LEDs surrounding the central high-resolution display of a head-mounted VR/AR headset to fill the peripheral field-of-view,YES,UI,"PROTOTYPE,DEV,EVAL","INCREASE_AWARENESS,AID_IN_ACTIVITY",OTHER,OTHER,,,,,,,,,CONTINUOUS,MAKE_AWARE,VISUAL,PERSONAL,MEDIUM,LED,ARTIFICIAL,YES,17,HOURS,IN_LAB,USERS,PROTOTYPE,"QUESTIONNAIRE,COMMENTS,TASK_PERFORMANCE",[NA],[NA],PERIPHERAL_ATTENTION,PRESENCE,PERIPHERAL_PLACEMENT,YES,NOISE,NOT_MENTIONED,,,
94d2db2fe29,1,luGlanceableAREvaluating2020,Glanceable AR: Evaluating Information Access Methods for Head-Worn Augmented Reality,"Lu, Feiyu and Davari, Shakiba and Lisle, Lee and Li, Yuan and Bowman, Doug A.",2020,,,,Glanceable AR,"Head-worn AR interfaces that place secondary information (weather, calendar, activity, news) in the periphery of vision, accessible via eye-glance, head rotation, or eye-tracked gaze summoning",YES,"ADAIS,UI","CONCEPT,PROTOTYPE,EVAL","INCREASE_AWARENESS,AID_IN_ACTIVITY","EVENTS,ENVIRONMENT,HEALTH,OTHER",OTHER,,,,,,,,,USER,USER_POLL,"VISUAL,AUDIO",PERSONAL,HIGH,SCREEN,ARTIFICIAL,YES,18,HOURS,IN_LAB,USERS,PROTOTYPE,"QUESTIONNAIRE,COMMENTS,OBSERVATION,TASK_PERFORMANCE","QUESTIONNAIRE,DUAL_TASK",[NA],SPATIAL_OBJECT_BINDING,"PULL,PRESENCE","PERIPHERAL_PLACEMENT,INVISIBILITY",YES,OTHER,NOT_MENTIONED,,,
2ea5b1c9810,1,gambettiAmbientCommunicationHow2010,Ambient Communication: How to Engage Consumers in Urban Touch-Points,"Gambetti, Rossella C.",2010,,,,,,,,,,,,,,,,,,,,,,,,,,,,,,,,,,,,,,,,,,,,
d75bf560e6b,1,cadizSideshowProvidingPeripheral2001,Sideshow: Providing Peripheral Awareness of Important Information,"Cadiz, J. J. and Venolia, Gina and Jancke, Gavin and Gupta, Anoop",2001,,,,,,,,,,,,,,,,,,,,,,,,,,,,,,,,,,,,,,,,,,,,
8b98ea20709,1,kunzeConveyingUncertaintiesUsing2019,Conveying Uncertainties Using Peripheral Awareness Displays in the Context of Automated Driving,"Kunze, Alexander and Summerskill, Stephen J. and Marshall, Russell and Filtness, Ashleigh J.",2019,,,,Peripheral Awareness Display for Uncertainty Communication,A light strip on the centre console combined with vibro-tactile seat actuators conveying automated-driving system uncertainties,YES,"ADAIS,UI","PROTOTYPE,EVAL,USECASE","INCREASE_AWARENESS,NOTIFICATION,AID_IN_ACTIVITY",SAFETY,TRANSPORT,,,,,,,,,EVENT,"MAKE_AWARE,INTERRUPT,DEMAND_ATTENTION","VISUAL,HAPTIC",PERSONAL,MEDIUM,"LED,MOTOR",ARTIFICIAL,YES,24,HOURS,IN_LAB,USERS,PROTOTYPE,"QUESTIONNAIRE,INTERVIEW,OBSERVATION,TASK_PERFORMANCE","QUESTIONNAIRE,PHYSIOLOGICAL",OBJECTIVE,"PERIPHERAL_ATTENTION,SALIENCE","PRESENCE,PUSH",PERIPHERAL_PLACEMENT,YES,NONE,NOT_MENTIONED,,,
f2a7aada08f,1,stankovRevivingCalmTechnology2019,Reviving Calm Technology in the E-Tourism Context,"Stankov, Uglješa and Filimonau, Viachaslau",2019,,,,Calm Design for E-Tourism (CDET),A conceptual framework applying calm technology/calm design principles to ICT use in the e-tourism context,NO,"AMI,ADAIS","CONCEPT,ISSUES",OTHER,OTHER,OTHER,,,,,,,,,,,[NA],,,,NA,NO,,,,,,,,,NONE,,,NA,NA,NA,,,
02d52f97ef0,1,eggenMakingSenseWhat2009,Making Sense of What Is Going on `around': Designing Environmental Awareness Information Displays,"Eggen, Berry and Van Mensvoort, Koert",2009,,,,,,,,,,,,,,,,,,,,,,,,,,,,,,,,,,,,,,,,,,,,
e0d5cf7cc80,1,imamovWhereDisplayHow2020,Where to Display? How Interface Position Affects Comfort and Task Switching Time on Glanceable Interfaces,"Imamov, Sruti and Monzel, Daniel and Lages, Wallace S.",2020,,,,Glanceable Interface,"A world-locked floating AR information display summoned on demand in a VR-simulated living room, studied for placement effects on comfort and task switching",NO,UI,EVAL,AID_IN_ACTIVITY,OTHER,HOME,,,,,,,,,USER,USER_POLL,VISUAL,PERSONAL,MEDIUM,SCREEN,ARTIFICIAL,YES,22,HOURS,IN_LAB,USERS,SIMULATION,"QUESTIONNAIRE,INTERVIEW,COMMENTS,TASK_PERFORMANCE",[NA],[NA],PERIPHERAL_ATTENTION,PULL,PERIPHERAL_PLACEMENT,NO,NA,NOT_MENTIONED,,,
c950ebf3f8e,1,tuguiCalmTechnologiesMultimedia2004,Calm Technologies in a Multimedia World,"Tugui, Alexandru",2004,,,,Calm Technologies in a Multimedia World,A conceptual discussion of calm technology that moves between the center and periphery of attention to inform without overburdening users,NO,"ADAIS,AMI",CONCEPT,INCREASE_AWARENESS,OTHER,OTHER,,,,,,,,,,,[NA],,,,,NO,,,,,,,,,NONE,,,NA,NA,NA,,,
f4e2e17822b,1,hallnasSlowTechnologydesigningReflection2001,Slow Technology -Designing for Reflection,"Hallnäs, Lars and Redström, Johan",2001,https://link.springer.com/article/10.1007%252FPL00000019,,,Slow Technology,"A design agenda/philosophy for technology aimed at reflection and mental rest rather than efficiency, illustrated with soniture and informative art examples",NO,"ADAIS,UI",CONCEPT,OTHER,OTHER,"HOME,WORKPLACE",,,,,,,,,,,[NA],,,,ART,NO,,,,,,,,,NONE,,,NA,NA,NA,,,
7668e6623f2,1,malcolmPilotDisorientationUse1983,Pilot Disorientation and the Use of a Peripheral Vision Display,"Malcolm, Richard",1983,,,,Peripheral Vision Display,"A projector/laser producing a bar of light across the cockpit instrument panel that moves to stay parallel with the real horizon, sensed via peripheral vision.",YES,"ADAIS,UI","PROTOTYPE,USECASE,CONCEPT","AID_IN_ACTIVITY,INCREASE_AWARENESS","SAFETY,OTHER",TRANSPORT,,,,,,,,,CONTINUOUS,USER_POLL,VISUAL,PERSONAL,MEDIUM,"PROJECTION,MOTOR",ASSOCIATED,YES,40,HOURS,"IN_LAB,IN_SITU","USERS,EXPERTS",PROTOTYPE,"COMMENTS,TASK_PERFORMANCE,OBSERVATION",[NA],"OBJECTIVE,SUBJECTIVE","PERIPHERAL_ATTENTION,AWARENESS_CONSCIOUSNESS",PRESENCE,PERIPHERAL_PLACEMENT,YES,FABRICATION,NOT_MENTIONED,,,
c54568eba63,1,coudercAmbientComputingApplications2003,Ambient Computing Applications: An Experience with the SPREAD Approach,"Couderc, P. and Banatre, M.",2003,http://ieeexplore.ieee.org/document/1174830/,,,SPREAD,A spatial programming framework/tuple-space middleware where information items are associated with physical objects and addressed through physical mobility and proximity,YES,"AMI,IOT","CONCEPT,DEV,PROTOTYPE",AID_IN_ACTIVITY,OTHER,"TRANSPORT,EXERCISE",,,,,,,,,USER,,,,,SCREEN,NA,NO,,,,,,,,,NONE,,,NO,NA,NOT_MENTIONED,,,
ee409067900,1,machadoAmbientIntelligenceMedicine2006,Ambient Intelligence in Medicine,"Machado, Jose and Abelha, Antonio and Neves, Jose and Santos, Manuel",2006,https://ieeexplore.ieee.org/document/4600316,,,AIDA,"A multi-agent healthcare information system (Agency for Integration, Diffusion and Archive of Medical Information) that integrates, diffuses and archives electronic medical records across heterogeneous hospital systems.",YES,AMI,"CONCEPT,DEV",OTHER,HEALTH,MEDICAL,,,,,,,,,,,,,,,,NO,,,,,,,,,NONE,,,NO,NA,NOT_MENTIONED,,,
e7d2ac13e5f,1,mairenaPeripheralNotificationsLarge2019,Peripheral Notifications in Large Displays: Effects of Feature Combination and Task Interference,"Mairena, Aristides and Gutwin, Carl and Cockburn, Andy",2019,https://dl.acm.org/doi/10.1145/3290605.3300870,,,Peripheral Notifications in Large Displays,"Popout visual notifications (color, shape, motion) presented in the peripheral regions of a large multi-monitor display",NO,"ADAIS,UI",EVAL,"NOTIFICATION,INCREASE_AWARENESS",EVENTS,WORKPLACE,,,,,,,,,EVENT,MAKE_AWARE,VISUAL,PERSONAL,LOW,SCREEN,ARTIFICIAL,YES,41,HOURS,IN_LAB,USERS,PROTOTYPE,"QUESTIONNAIRE,TASK_PERFORMANCE,COMMENTS","QUESTIONNAIRE,DUAL_TASK",[NA],"PERIPHERAL_ATTENTION,SALIENCE,COGNITIVE_LOAD",PUSH,PERIPHERAL_PLACEMENT,NO,NA,NOT_MENTIONED,,,
e917290b7d4,1,dogacContextFrameworkAmbient2003,A Context Framework for Ambient Intelligence,"Dogac, Asuman and Laleci, Gokce B and Kabak, Yildiray",2003,,,,Context Framework for Ambient Intelligence,"A software framework using context ontologies, context servers and ebXML registries to store, secure and exploit user context for Web service discovery",NO,AMI,"CONCEPT,DEV,ISSUES",OTHER,OTHER,OTHER,,,,,,,,,,,,,,,NA,NO,,,,,,,,,NONE,,,NA,NA,NA,,,
36f373cec5b,1,davariOcclusionManagementTechniques2020,Occlusion Management Techniques for Everyday Glanceable AR Interfaces,"Davari, Shakiba and Tech, Virginia and Lu, Feiyu and Tech, Virginia and Bowman, Doug A and Tech, Virginia",2020,,,,Glanceable AR Occlusion Management Techniques,Eight AR head-worn display techniques that manage occlusion of the real world by glanceable virtual content using translucency or repositioning,YES,"ADAIS,UI","CONCEPT,DEFTAX,EVAL","INCREASE_AWARENESS,AID_IN_ACTIVITY","EVENTS,SOCIAL,ENVIRONMENT,HEALTH",HOME,,,,,,,,,CONTINUOUS,MAKE_AWARE,"VISUAL,POS",PERSONAL,HIGH,SCREEN,ARTIFICIAL,YES,32,HOURS,IN_LAB,USERS,SIMULATION,"QUESTIONNAIRE,INTERVIEW,OBSERVATION,USAGE_STATISTIC,TASK_PERFORMANCE",[NA],[NA],NONE,"PRESENCE,PULL",PERIPHERAL_PLACEMENT,NO,NA,NOT_MENTIONED,,,
f3d4d636774,1,odomUnpackingThinkingMaking2019,Unpacking the Thinking and Making Behind a Slow Technology Research Product with Slow Game,"Odom, William and Bertran, Ishac and Hertz, Garnet and Lin, Henry and Cen, Amy Yo Sue and Harkness, Matt and Wakkary, Ron",2019,,,,Slow Game,"A small 5cm wooden cube with a low-resolution 64-LED display muted through a veneer, playing the game 'snake' that advances about one move every 18 hours",YES,"TUI,ADAIS","PROTOTYPE,ISSUES",OTHER,OTHER,HOME,,,,,,,,,CONTINUOUS,CHANGE_BLIND,VISUAL,HOUSEHOLD,HIGH,LED,FAMILIAR,NO,,,,,,,,,NONE,PRESENCE,"PERIPHERAL_PLACEMENT,CAMOUFLAGE",YES,"FAILURE,FABRICATION",NOT_MENTIONED,,,
77221f64f0c,1,matthewsEvaluatingGlanceableVisuals2006,Evaluating Glanceable Visuals for Multitasking,"Matthews, Tara Lynn and Blais, Devin and Shick, Aubrey and Mankoff, Jennifer and Forlizzi, Jodi and Rohrbach, Stacie and Klatzky, Roberta",2006,,,,Glanceable Visuals for Multitasking,Glanceable email peripheral display on a second monitor showing graphic renditions of email sender groups,NO,ADAIS,EVAL,"INCREASE_AWARENESS,AID_IN_ACTIVITY",EVENTS,WORKPLACE,,,,,,,,,EVENT,MAKE_AWARE,VISUAL,PERSONAL,MEDIUM,SCREEN,ARTIFICIAL,YES,75,HOURS,IN_LAB,USERS,PROTOTYPE,"QUESTIONNAIRE,TASK_PERFORMANCE,OBSERVATION",DUAL_TASK,[NA],"PERIPHERAL_ATTENTION,SALIENCE",PUSH,PERIPHERAL_PLACEMENT,NO,NA,NOT_MENTIONED,,,
5ad3c27c906,1,tuguiCalmTechnologiesFuture2009,Calm Technologies as the Future Goal of Information Technologies,"Tugui, Alexandru",2009,http://services.igi-global.com/resolvedoi/resolve.aspx?doi=10.4018/978-1-60566-014-1.ch026,,,Calm Technology,A conceptual framework for calm technologies that inform without overburdening and shift between center and periphery of attention,NO,"AMI,ADAIS","CONCEPT,ISSUES",INCREASE_AWARENESS,OTHER,OTHER,,,,,,,,,,,[NA],,,,NA,NO,,,,,,,,,NONE,,,NA,NA,NA,,,
c5bf36a02cc,1,yamadaPeripheralAgentImplementation2013,Peripheral Agent: Implementation of Peripheral Cognition Technology,"Yamada, Seiji and Mori, Naoki and Kobayashi, Kazuki",2013,https://dl.acm.org/doi/10.1145/2468356.2468661,,,Peripheral Agent,"A human-like software agent that appears on a display in the visual-field-narrowing region to notify users of email, micro-blog and application updates only when interruptible",YES,"ADAIS,UI","DEV,PROTOTYPE,EVAL",NOTIFICATION,EVENTS,"WORKPLACE,HOME",,,,,,,,,EVENT,CHANGE_BLIND,VISUAL,PERSONAL,LOW,SCREEN,ARTIFICIAL,YES,35,HOURS,IN_LAB,USERS,PROTOTYPE,"QUESTIONNAIRE,TASK_PERFORMANCE",QUESTIONNAIRE,[NA],"PERIPHERAL_ATTENTION,SALIENCE,COGNITIVE_LOAD","PUSH,PULL",PERIPHERAL_PLACEMENT,NO,NA,NOT_MENTIONED,,,
293f1a8b2c7,1,hohlCalmTechnologies202009,Calm Technologies 2.0: Visualising Social Data as an Experience in Physical Space,"Hohl, Michael",2009,,,,Webpresence,"A silent fan billows a curtain for three seconds each time a visitor arrives at the project website, representing the virtual visit as a physical draft in the office space",YES,ADAIS,"PROTOTYPE,CONCEPT,USECASE","INCREASE_AWARENESS,NOTIFICATION",SOCIAL,WORKPLACE,,,,,,,,,EVENT,CHANGE_BLIND,"VISUAL,AIRMOVE",GROUP,LOW,MOTOR,FAMILIAR,NO,,,,,,,,,NONE,PUSH,"PERIPHERAL_PLACEMENT,MIMICRY",YES,NONE,NOT_MENTIONED,,,
ae79a583c29,1,bealeAmbientArtInformation,Ambient Art: Information Without Attention,"Beale, Russell",,,,,Ambient Art,Screen/projected abstract artwork (Mondrian-inspired) that transforms based on movement and activity of people in a building foyer,YES,ADAIS,"CONCEPT,PROTOTYPE,DEV,USECASE",INCREASE_AWARENESS,"SOCIAL,EVENTS","WORKPLACE,URBAN",,,,,,,,,CONTINUOUS,CHANGE_BLIND,VISUAL,PUBLIC,MEDIUM,"SCREEN,PROJECTION",ART,YES,50,WEEKS,IN_SITU,USERS,PROTOTYPE,"COMMENTS,INTERVIEW",[NA],[NA],"AWARENESS_CONSCIOUSNESS,PERIPHERAL_ATTENTION",PRESENCE,CAMOUFLAGE,NO,NA,NOT_MENTIONED,,,
38d97a29348,1,hoMeasuringGlanceLegibility2016,Measuring Glance Legibility of Wearable Heads-Up Display Interfaces Using an Adaptive Staircase Procedure: A Study with Google Glass,"Ho, Anson and Maritan, Catherine and Sullivan, Jeffery and Cheng, Eric and Cao, Shi",2016,https://journals.sagepub.com/doi/10.1177/1541931213601470,,,Google Glass HUD Interface (Glance Legibility Study),"A wearable transparent heads-up display (Google Glass) presenting text and images in the top-right corner of the user's vision, evaluated for glance legibility of two interface layouts",NO,UI,EVAL,AID_IN_ACTIVITY,OTHER,OTHER,,,,,,,,,CONTINUOUS,USER_POLL,VISUAL,PERSONAL,MEDIUM,PROJECTION,ARTIFICIAL,YES,11,HOURS,IN_LAB,USERS,PROTOTYPE,"QUESTIONNAIRE,TASK_PERFORMANCE",QUESTIONNAIRE,[NA],PERIPHERAL_ATTENTION,PRESENCE,PERIPHERAL_PLACEMENT,NO,NA,NOT_MENTIONED,,,
51cd5b76ac9,1,gronbaekKirigamiTableDesigningProxemic2020,KirigamiTable: Designing for Proxemic Transitions with a Shape-Changing Tabletop,"Grønbæk, Jens Emil and Rasmussen, Majken Kirkegaard and Halskov, Kim and Petersen, Marianne Graves",2020,https://dl.acm.org/doi/10.1145/3313831.3376834,,,KirigamiTable,An actuated shape-changing tabletop using a kirigami actuator with dynamic projection mapping that transforms between three shapes to support proxemic transitions in collaborative work.,YES,"TUI,UI","PROTOTYPE,DEV,ISSUES",AID_IN_ACTIVITY,OTHER,"WORKPLACE,EDUCATION",,,,,,,,,USER,DEMAND_ATTENTION,"VISUAL,SHAPE",GROUP,HIGH,"PROJECTION,MOTOR",FAMILIAR,NO,,,,,,,,,NONE,"PULL,PRESENCE",[NA],YES,FABRICATION,NOT_MENTIONED,CURRENT,MEDIUM,MEDIUM
b1ce2bc92e2,1,engertSTRAIDEResearchPlatform2022,STRAIDE: A Research Platform for Shape-Changing Spatial Displays Based on Actuated Strings,"Engert, Severin and Klamka, Konstantin and Peetz, Andreas and Dachselt, Raimund",2022,https://dl.acm.org/doi/10.1145/3491102.3517462,,,STRAIDE,A string-actuated shape-changing spatial display that levitates illuminated elements in mid-air to form dynamic visualizations,YES,"ADAIS,TUI,UI","PROTOTYPE,DEV,USECASE","INCREASE_AWARENESS,NOTIFICATION,AID_IN_ACTIVITY","RESOURCES,EVENTS,ENVIRONMENT,OTHER","HOME,EDUCATION",,,,,,,,,CONTINUOUS,MAKE_AWARE,"VISUAL,SHAPE,POS",HOUSEHOLD,HIGH,"MOTOR,LED","ART,ARTIFICIAL",YES,3,MONTHS,IN_LAB,USERS,PROTOTYPE,"QUESTIONNAIRE,INTERVIEW",[NA],[NA],NONE,"PRESENCE,PULL",CAMOUFLAGE,YES,"NOISE,FABRICATION,FAILURE",NOT_MENTIONED,CURRENT,MEDIUM,HIGH
a498893da6f,1,danielExploringAxisymmetricShapeChanges2021,Exploring Axisymmetric Shape-Change’s Purposes and Allure for Ambient Display: 16 Potential Use Cases and a Two-Month Preliminary Study on Daily Notifications,"Daniel, Maxime and Rivière, Guillaume",2021,https://dl.acm.org/doi/10.1145/3430524.3442452,,,CairnFORM,Cylindrical axisymmetric shape-changing display of stacked expandable illuminated rings showing local renewable energy production forecasts in the workplace,YES,"ADAIS,TUI","USECASE,EVAL,PROTOTYPE","NOTIFICATION,BEHAVIOURAL_CHANGE,AID_IN_ACTIVITY","RESOURCES,ENVIRONMENT",WORKPLACE,,,,,,,,,EVENT,MAKE_AWARE,"VISUAL,SHAPE",GROUP,HIGH,"LED,MOTOR","ART,ASSOCIATED",YES,6,MONTHS,IN_SITU,USERS,PROTOTYPE,"QUESTIONNAIRE,INTERVIEW,COMMENTS,USAGE_STATISTIC,TASK_PERFORMANCE",[NA],"OBJECTIVE,SUBJECTIVE",NONE,"PUSH,PRESENCE",PERIPHERAL_PLACEMENT,YES,NOISE,NO,"CURRENT,FUTURE",MEDIUM,HIGH
002a340b52d,1,zhouMossWaterLivingMedia2021,MossWater: A Living Media Interface for Encouraging Office Workers’ Daily Water Intake,"Zhou, Ying and Chen, Yingqiao and Zhou, Leijing and Luo, Shijian",2021,https://dl.acm.org/doi/10.1145/3411763.3451648,,,MossWater,"A moss in a 3D-printed pot that is watered when the user drinks and dries over time, using moss appearance and water sounds to encourage office workers' water intake",YES,"ADAIS,AMI,TUI","PROTOTYPE,USECASE","BEHAVIOURAL_CHANGE,INCREASE_AWARENESS",HEALTH,WORKPLACE,,,,,,,,,USER,MAKE_AWARE,"VISUAL,AUDIO",PERSONAL,MEDIUM,"MOTOR,SPEAKER","FAMILIAR,ASSOCIATED",YES,5,HOURS,IN_SITU,USERS,PROTOTYPE,"INTERVIEW,OBSERVATION",[NA],SUBJECTIVE,NONE,"PRESENCE,PUSH","MIMICRY,PERIPHERAL_PLACEMENT",YES,NONE,NOT_MENTIONED,CURRENT,MEDIUM,MEDIUM
0db4178ca0b,1,fungLightPlayUsingExternal2022,LightPlay: Using an External Ambient Lighting Strip for Video Game Indicators,"Fung, Kin Pong and Rogers, Katja and Hallifax, Stuart and Woodside, Gabrielle S. and Vogel, Daniel and Nacke, Lennart E.",2022,https://dl.acm.org/doi/10.1145/3549504,,,LightPlay,LED strip mounted around the back border of a monitor that displays directional in-game indicators pointing to objects/targets in a first-person video game,YES,ADAIS,"PROTOTYPE,EVAL,USECASE","NOTIFICATION,AID_IN_ACTIVITY","EVENTS,OTHER","HOME,OTHER",,,,,,,,,EVENT,MAKE_AWARE,VISUAL,PERSONAL,MEDIUM,LED,ARTIFICIAL,YES,30,HOURS,IN_LAB,USERS,PROTOTYPE,"QUESTIONNAIRE,TASK_PERFORMANCE",QUESTIONNAIRE,[NA],PERIPHERAL_ATTENTION,PUSH,PERIPHERAL_PLACEMENT,YES,FABRICATION,NOT_MENTIONED,CURRENT,FAST,LOW
f9227a8d581,1,kunikataCustomizabilityPreventingLoss2022,Customizability in Preventing Loss of Interest in Ambient Displays for Behavior Change,"Kunikata, Shiori and Fujinami, Kaori",2022,,,,Customizable Persuasive Ambient Display (tree growth metaphor),A touchscreen ambient display showing a customizable virtual tree that grows with the user's non-sedentary activity at home to encourage active living,YES,ADAIS,"PROTOTYPE,EVAL,ISSUES",BEHAVIOURAL_CHANGE,HEALTH,HOME,,,,,,,,,CONTINUOUS,MAKE_AWARE,VISUAL,PERSONAL,HIGH,SCREEN,ASSOCIATED,YES,6,MONTHS,IN_SITU,USERS,PROTOTYPE,"INTERVIEW,USAGE_STATISTIC",[NA],"SUBJECTIVE,OBJECTIVE",NONE,"PRESENCE,PULL",PERIPHERAL_PLACEMENT,YES,FAILURE,NOT_MENTIONED,HISTORY,MEDIUM,MEDIUM
75c97b4d4c9,1,thompsonAmbiDotsAmbientInterface2021,AmbiDots: An Ambient Interface to Mediate Casual Social Settings through Peripheral Interaction,"Thompson, Edward and Potts, Dominic and Hardy, John and Porter, Barry and Houben, Steven",2021,https://dl.acm.org/doi/10.1145/3520495.3520504,,,AmbiDots,Projected coloured firefly-like dots on a flat surface that react to objects and motions to mediate casual social interactions,YES,"ADAIS,TUI","PROTOTYPE,USECASE,CONCEPT,EVAL","AID_IN_ACTIVITY,OTHER",SOCIAL,"SOCIAL,WORKPLACE",,,,,,,,,CONTINUOUS,CHANGE_BLIND,VISUAL,PARTNERSHIP,LOW,PROJECTION,ART,YES,22,HOURS,IN_LAB,USERS,PROTOTYPE,"QUESTIONNAIRE,INTERVIEW,OBSERVATION,USAGE_STATISTIC",[NA],"SUBJECTIVE,OBJECTIVE",NONE,PRESENCE,"PERIPHERAL_PLACEMENT,MIMICRY",YES,NONE,NOT_MENTIONED,CURRENT,FAST,HIGH
9df9e82a951,1,morrison-smithAmbiteamProvidingTeam2021,Ambiteam: Providing Team Awareness through Ambient Displays,"Morrison-Smith, Sarah and Ruiz, Jaime and Chilton, Lydia",2021,,,,AmbiTeam,A tablet-based ambient display showing area graphs of team members' file-change activity to convey collaborators' project effort,YES,ADAIS,"PROTOTYPE,USECASE,EVAL",INCREASE_AWARENESS,"SOCIAL,EVENTS",WORKPLACE,,,,,,,,,CONTINUOUS,USER_POLL,VISUAL,PERSONAL,HIGH,SCREEN,ARTIFICIAL,YES,10,WEEKS,IN_SITU,USERS,PROTOTYPE,"QUESTIONNAIRE,INTERVIEW",[NA],SUBJECTIVE,NONE,PRESENCE,PERIPHERAL_PLACEMENT,NO,[NA],NOT_MENTIONED,HISTORY,MEDIUM,LOW
841dbbd65e5,1,sakashitaRemoteCoDeRoboticEmbodiment2022,RemoteCoDe: Robotic Embodiment for Enhancing Peripheral Awareness in Remote Collaboration Tasks,"Sakashita, Mose and Ricci, E. Andy and Arora, Jatin and Guimbretière, François",2022,https://dl.acm.org/doi/10.1145/3512910,,,RemoteCoDe,A 2-DOF articulated display robot that renders a remote collaborator's face and mirrors their head orientation to convey their locus of attention during remote design tasks,YES,"ADAIS,UI","PROTOTYPE,DEV,EVAL","INCREASE_AWARENESS,AID_IN_ACTIVITY",SOCIAL,WORKPLACE,,,,,,,,,CONTINUOUS,MAKE_AWARE,"VISUAL,POS",PARTNERSHIP,MEDIUM,"SCREEN,MOTOR,ROBOT",ARTIFICIAL,YES,13,HOURS,IN_LAB,USERS,PROTOTYPE,"QUESTIONNAIRE,INTERVIEW,TASK_PERFORMANCE,OBSERVATION",QUESTIONNAIRE,OBJECTIVE,NONE,PRESENCE,PERIPHERAL_PLACEMENT,YES,NOISE,NOT_MENTIONED,CURRENT,FAST,LOW
2e5eb451d50,1,jiVRBubbleEnhancingPeripheral2022,VRBubble: Enhancing Peripheral Awareness of Avatars for People with Visual Impairments in Social Virtual Reality,"Ji, Tiger and Cochran, Brianna R. and Zhao, Yuhang",2022,http://arxiv.org/abs/2208.11071,,,VRBubble,Audio-based VR technique that provides spatial audio feedback about surrounding avatars based on social-distance bubbles for people with visual impairments,YES,"ADAIS,UI","PROTOTYPE,EVAL,USECASE","INCREASE_AWARENESS,ASSISTED_LIVING,NOTIFICATION",SOCIAL,SOCIAL,,,,,,,,,EVENT,MAKE_AWARE,AUDIO,PERSONAL,HIGH,SPEAKER,ARTIFICIAL,YES,12,HOURS,IN_LAB,USERS,WOZ,"QUESTIONNAIRE,INTERVIEW,COMMENTS,OBSERVATION,TASK_PERFORMANCE",[NA],[NA],NONE,PUSH,PERIPHERAL_PLACEMENT,NO,[NA],NOT_MENTIONED,CURRENT,FAST,MEDIUM
ad2b0c301e7,1,liTravelogueRepresentingIndoor2022,Travelogue: Representing Indoor Trajectories as Informative Art,"Li, Yunzhi and Cheng, Tingyu and Dhekne, Ashutosh",2022,https://dl.acm.org/doi/10.1145/3491101.3519834,,,Travelogue,A picture-frame-like self-contained display that senses indoor human movement via wireless signals and renders it as informative art,YES,"ADAIS,AS","PROTOTYPE,USECASE","INCREASE_AWARENESS,BEHAVIOURAL_CHANGE",HEALTH,HOME,,,,,,,,,CONTINUOUS,CHANGE_BLIND,VISUAL,PUBLIC,HIGH,SCREEN,"FAMILIAR,ART",YES,12,HOURS,IN_PRESENTATION,USERS,SIMULATION,INTERVIEW,[NA],SUBJECTIVE,NONE,PRESENCE,CAMOUFLAGE,YES,NONE,NOT_MENTIONED,"CURRENT,HISTORY",FAST,HIGH
f764175566f,1,chuangElementAmbientDisplay2022,Element: An Ambient Display System for Evoking Self-Reflections and Supporting Social-Interactions in a Workspace,"Chuang, Yaliang and Gallegos Nieto, Jose E",2022,https://dl.acm.org/doi/10.1145/3491101.3519721,,,Element,A light fixture (table/pendant lamp) that displays a user's emotional engagement level via color and shape change based on GSR biodata,YES,ADAIS,"PROTOTYPE,USECASE,ISSUES","INCREASE_AWARENESS,OTHER","HEALTH,SOCIAL",WORKPLACE,,,,,,,,,CONTINUOUS,CHANGE_BLIND,"VISUAL,SHAPE",GROUP,MEDIUM,"LED,MOTOR",FAMILIAR,YES,10,WEEKS,IN_LAB,USERS,PROTOTYPE,"INTERVIEW,COMMENTS,OBSERVATION",[NA],SUBJECTIVE,NONE,PRESENCE,"AUGMENTATION,PERIPHERAL_PLACEMENT",YES,FAILURE,NOT_MENTIONED,CURRENT,FAST,MEDIUM
293170aa506,1,clarkSoundsHealthUsing2022,Sounds of Health: Using Personalized Sonification Models to Communicate Health Information,"Clark, Matthew and Doryab, Afsaneh",2022,https://dl.acm.org/doi/10.1145/3570346,,,Sounds of Health,Personalized sonification models that convert health/wellness status into customized music melodies played on personal devices,YES,"ADAIS,IOT","PROTOTYPE,EVAL,USECASE","INCREASE_AWARENESS,BEHAVIOURAL_CHANGE",HEALTH,"HOME,OTHER",,,,,,,,,USER,USER_POLL,AUDIO,PERSONAL,MEDIUM,SPEAKER,ASSOCIATED,YES,55,WEEKS,IN_SITU,USERS,PROTOTYPE,QUESTIONNAIRE,[NA],[NA],NONE,PULL,INVISIBILITY,NO,[NA],NOT_MENTIONED,CURRENT,SLOW,MEDIUM
b7fc7b534bd,1,figalovaAmbientLightConveying2022,Ambient Light Conveying Reliability Improves Drivers’ Takeover Performance without Increasing Mental Workload,"Figalová, Nikol and Chuang, Lewis L. and Pichen, Jürgen and Baumann, Martin and Pollatos, Olga",2022,https://www.mdpi.com/2414-4088/6/9/73,,,Ambient Light Conveying Reliability,LED strip mounted around the vehicle windshield that changes colour (green-yellow-orange-red) to continuously communicate the current reliability level of an automated vehicle,YES,ADAIS,"PROTOTYPE,EVAL","INCREASE_AWARENESS,AID_IN_ACTIVITY,NOTIFICATION",SAFETY,TRANSPORT,,,,,,,,,CONTINUOUS,MAKE_AWARE,VISUAL,PERSONAL,MEDIUM,LED,ARTIFICIAL,YES,42,HOURS,IN_LAB,USERS,PROTOTYPE,"QUESTIONNAIRE,INTERVIEW,TASK_PERFORMANCE","QUESTIONNAIRE,PHYSIOLOGICAL",OBJECTIVE,"PERIPHERAL_ATTENTION,SALIENCE",PRESENCE,PERIPHERAL_PLACEMENT,YES,NONE,NOT_MENTIONED,"CURRENT,FUTURE",MEDIUM,LOW
5d75748588d,1,brooksArtsITInteractivityGame2023,"ArtsIT, Interactivity and Game Creation: 11th EAI International Conference, ArtsIT 2022, Faro, Portugal, November 21-22, 2022, Proceedings",,2023,https://link.springer.com/10.1007/978-3-031-28993-4,,,I'm Watching You/Me (IMWYM) / [IN]Musicality,"An interactive VR installation that converts handmade spherical perspective drawings into navigable 360 virtual environments in real time, paired with music",YES,UI,"PROTOTYPE,USECASE,ISSUES",OTHER,OTHER,SOCIAL,,,,,,,,,USER,USER_POLL,"VISUAL,AUDIO",PUBLIC,HIGH,"PROJECTION,SCREEN,SPEAKER",ART,YES,,HOURS,IN_SITU,USERS,PROTOTYPE,"INTERVIEW,COMMENTS,USAGE_STATISTIC",[NA],[NA],NONE,PULL,[NA],YES,"FABRICATION,FAILURE",NOT_MENTIONED,CURRENT,FAST,HIGH
12b6195cb2c,1,murnaneNarrativeBasedVisualFeedback2023,Narrative-Based Visual Feedback to Encourage Sustained Physical Activity: A Field Trial of the WhoIsZuki Mobile Health Platform,"Murnane, Elizabeth L. and Glazko, Yekaterina S. and Costa, Jean and Yao, Raymond and Zhao, Grace and Moya, Paula M. L. and Landay, James A.",2023,https://dl.acm.org/doi/10.1145/3580786,,,WhoIsZuki,Smartphone lockscreen/wallpaper display showing a comic-like narrative that encodes tracked physical activity and progress toward exercise goals,YES,ADAIS,"EVAL,USECASE","BEHAVIOURAL_CHANGE,INCREASE_AWARENESS",HEALTH,"EXERCISE,HOME",,,,,,,,,CONTINUOUS,USER_POLL,VISUAL,PERSONAL,MEDIUM,SCREEN,ART,YES,39,MONTHS,IN_SITU,USERS,PROTOTYPE,"QUESTIONNAIRE,INTERVIEW,COMMENTS,USAGE_STATISTIC",[NA],"SUBJECTIVE,OBJECTIVE",NONE,"PRESENCE,PUSH",AUGMENTATION,NO,[NA],NOT_MENTIONED,"CURRENT,HISTORY",SLOW,HIGH
39d812edcdc,1,kitamuraAmbientDisplayUtilizing2025,Ambient Display Utilizing Anisotropy of Tatami,"Kitamura, Riku and Yamada, Kenji and Yamamoto, Takumi and Sugiura, Yuta",2025,https://dl.acm.org/doi/10.1145/3689050.3704924,,,Ambient Display Utilizing Anisotropy of Tatami,"Tatami mats whose woven igusa fibers change reflective color with orientation, arranged as static art or motor-rotated pixels to display images and animations",YES,"ADAIS,TUI","PROTOTYPE,DEV,USECASE",OTHER,OTHER,"HOME,SOCIAL",,,,,,,,,CONTINUOUS,USER_POLL,"VISUAL,POS",PUBLIC,HIGH,MOTOR,"FAMILIAR,ART",NO,,,,,,,,,NONE,PRESENCE,"AUGMENTATION,CAMOUFLAGE",YES,OTHER,NOT_MENTIONED,CURRENT,FAST,HIGH
61175324c3b,1,schwarzerExploringMobilityBehavior2023,Exploring Mobility Behavior Around Ambient Displays Using Clusters of Multi-dimensional Walking Trajectories,"Schwarzer, Jan and Fietkau, Julian and Fuchs, Laurenz and Draheim, Susanne and Von Luck, Kai and Koch, Michael",2023,https://dl.acm.org/doi/10.1145/3544549.3585661,,,Ambient displays in agile software development environment,"Two custom ambient displays deployed in a professional agile software development environment, studied via walking trajectories of passersby",NO,"ADAIS,AS","DEV,EVAL",UNSTATED,OTHER,WORKPLACE,,,,,,,,,,,VISUAL,PUBLIC,,,[NA],NO,,,,,,,,,NONE,,,YES,NONE,NOT_MENTIONED,,,
ed2660960fe,1,wolfSchlusslichtAmbientDisplay2024,“Schlusslicht”: An Ambient Display to Keep Kids and Parents in the Loop When Managing Playing Time and Disengaging From Games,"Wolf, Marvin and Alexandrovsky, Dmitry and Gerling, Kathrin and Alsheail, Meshaiel and Opp, Merlin Steven",2024,https://dl.acm.org/doi/10.1145/3628516.3661162,,,Schlusslicht,A bar-shaped tangible LED light display positioned near the TV that visualizes gaming session progress and remaining playtime for children and guardians.,YES,"ADAIS,TUI,IOT","PROTOTYPE,USECASE","INCREASE_AWARENESS,AID_IN_ACTIVITY,BEHAVIOURAL_CHANGE","EVENTS,OTHER",HOME,,,,,,,,,EVENT,MAKE_AWARE,VISUAL,FAMILY,MEDIUM,LED,ARTIFICIAL,NO,,,,,,,,,NONE,PRESENCE,PERIPHERAL_PLACEMENT,YES,NONE,NOT_MENTIONED,"CURRENT,FUTURE",MEDIUM,MEDIUM
31cff93db19,1,zhengAwarenessActionAmbient2025,From Awareness to Action: Ambient Display and Customizable Attention Signals for Self-regulated Smartphone Usage,"Zheng, Jian and Seo, Subin and Choe, Eun Kyoung",2025,https://dl.acm.org/doi/10.1145/3749507,,,TIMER,Android app showing current phone usage session length as a dynamic number in the status bar with customizable attention signals to reduce problematic smartphone use,YES,ADAIS,"PROTOTYPE,EVAL,USECASE","INCREASE_AWARENESS,BEHAVIOURAL_CHANGE",HEALTH,OTHER,,,,,,,,,CONTINUOUS,MAKE_AWARE,"VISUAL,AUDIO,HAPTIC",PERSONAL,HIGH,SCREEN,ARTIFICIAL,YES,41,WEEKS,IN_SITU,USERS,PROTOTYPE,"QUESTIONNAIRE,INTERVIEW,USAGE_STATISTIC",[NA],"SUBJECTIVE,OBJECTIVE",NONE,"PRESENCE,PUSH",PERIPHERAL_PLACEMENT,NO,[NA],NOT_MENTIONED,CURRENT,MEDIUM,LOW
ab6c880b327,1,xuLiteCoIlluminatingWorkspace2025,LiteCo: Illuminating Workspace Awareness and Social Connectedness with Ambient Display in Home Office,"Xu, Yuanyuan and Liu, Lu and Van Essen, Harm",2025,https://dl.acm.org/doi/10.1145/3706599.3719781,,,LiteCo,A connected-lighting ambient display with triangle and circle light strips showing office traffic density and flow to home workers,YES,"ADAIS,IOT","PROTOTYPE,USECASE,EVAL",INCREASE_AWARENESS,"SOCIAL,EVENTS","HOME,WORKPLACE",,,,,,,,,USER,MAKE_AWARE,VISUAL,PERSONAL,MEDIUM,LED,ARTIFICIAL,YES,12,HOURS,IN_LAB,USERS,WOZ,"INTERVIEW,OBSERVATION,COMMENTS",[NA],SUBJECTIVE,NONE,"PRESENCE,PULL",PERIPHERAL_PLACEMENT,YES,NONE,NOT_MENTIONED,CURRENT,MEDIUM,MEDIUM
2d009b8fe1c,1,moreiraIncidentalAmbientVisualizations2024,Incidental Versus Ambient Visualizations: Comparing Cognitive and Mechanical Tasks,"Moreira, João and Pinto, Diogo and Mendes, Daniel and Gonçalves, Daniel",2024,https://ieeexplore.ieee.org/document/10923794/,,,Ambient Visualization,"Charts (bar, donut, line) shown continuously on a tablet screen beside a monitor to present data while a user performs a primary task",NO,ADAIS,"EVAL,DEFTAX",INCREASE_AWARENESS,OTHER,WORKPLACE,,,,,,,,,CONTINUOUS,USER_POLL,VISUAL,PERSONAL,MEDIUM,SCREEN,ARTIFICIAL,YES,70,HOURS,IN_LAB,USERS,PROTOTYPE,TASK_PERFORMANCE,[NA],[NA],SALIENCE,PRESENCE,PERIPHERAL_PLACEMENT,NO,[NA],NOT_MENTIONED,CURRENT,SLOW,LOW
b2edafaf316,1,kawamuraAffectiplantPlantInspiredDisplay2025,Affectiplant: A Plant-Inspired Display for Conveying Emotions Through Metaphors,"Kawamura, Rika and Kamihori, Mai and Ito, Kodai and Itoh, Yuichi",2025,https://www.ssrn.com/abstract=5148368,,,AffectiPlant,"Plant-inspired ambient display that conveys emotions through leaf color, shaking movement, and leaf/stem bending using LEDs, servo motors, and BioMetal Fibers",YES,ADAIS,"PROTOTYPE,USECASE,EVAL",OTHER,SOCIAL,"HOME,WORKPLACE,EDUCATION,SOCIAL",,,,,,,,,EVENT,MAKE_AWARE,"VISUAL,SHAPE,POS",PERSONAL,MEDIUM,"LED,MOTOR",FAMILIAR,YES,20,HOURS,IN_LAB,USERS,PROTOTYPE,"QUESTIONNAIRE,COMMENTS",[NA],[NA],NONE,PRESENCE,MIMICRY,YES,"NOISE,OTHER",NOT_MENTIONED,CURRENT,MEDIUM,MEDIUM
8d4fed1652c,1,rottmannVisualizingDrivingManeuvers2025,Visualizing Driving Maneuvers Through Peripheral Displays: A Comparative Study of iHMI Design in Autonomous Vehicles,"Rottmann, Leonhard and Stang, Anastasia and Johannsen, Aniella and Niedling, Mathias and Vollrath, Mark",2025,https://www.mdpi.com/2076-3417/15/22/12044,,,Peripheral iHMI (1D/2D LED maneuver visualization),LED panels/strips in a vehicle interior that visualize driving maneuvers (speed and steering) through simulated optic flow in the passenger's peripheral field of view,YES,"ADAIS,UI","EVAL,PROTOTYPE,USECASE","INCREASE_AWARENESS,AID_IN_ACTIVITY",OTHER,TRANSPORT,,,,,,,,,CONTINUOUS,CHANGE_BLIND,VISUAL,PERSONAL,HIGH,LED,ASSOCIATED,YES,34,HOURS,IN_LAB,USERS,PROTOTYPE,"QUESTIONNAIRE,TASK_PERFORMANCE","QUESTIONNAIRE,DUAL_TASK",[NA],"PERIPHERAL_ATTENTION,AWARENESS_CONSCIOUSNESS",PRESENCE,"PERIPHERAL_PLACEMENT,MIMICRY",YES,NONE,NOT_MENTIONED,CURRENT,FAST,LOW
9a47fea8f61,1,schwarzerExploringBodyTracking2025,Exploring Body Tracking Sensors in Longitudinal Ambient Display Studies in the Wild,"Schwarzer, Jan and Fietkau, Julian and Draheim, Susanne",2025,https://www.degruyterbrill.com/document/doi/10.1515/icom-2025-0038/html,,,Ambient display deployments with body tracking sensors,Interactive ambient displays (screens) with attached body tracking sensors deployed in semi-public spaces to study passer-by usage,NO,"ADAIS,AS","ISSUES,EVAL,DEV",INCREASE_AWARENESS,SOCIAL,"WORKPLACE,EDUCATION",,,,,,,,,CONTINUOUS,USER_POLL,VISUAL,PUBLIC,HIGH,SCREEN,ARTIFICIAL,YES,,MONTHS,"IN_SITU,IN_LAB",USERS,PROTOTYPE,"OBSERVATION,USAGE_STATISTIC",[NA],[NA],NONE,PRESENCE,PERIPHERAL_PLACEMENT,NO,[NA],NOT_MENTIONED,,,[NA]
bb79c7e68eb,1,menonAmbientAwarenessExperiencing2025,Ambient Awareness: Experiencing Always-on Displays in the Life of PV Households,"Menon, Arjun Rajendran and Zapico, Jorge Luis",2025,,,,AOIHD (Always-On In-Home Display),A wall-mounted wooden-framed screen that persistently shows real-time household electricity surplus/deficit via colour (green/red) and kW numbers for PV prosumer households,YES,"ADAIS,IOT","PROTOTYPE,USECASE,EVAL","INCREASE_AWARENESS,BEHAVIOURAL_CHANGE",RESOURCES,HOME,,,,,,,,,CONTINUOUS,USER_POLL,VISUAL,HOUSEHOLD,MEDIUM,SCREEN,FAMILIAR,YES,9,MONTHS,IN_SITU,USERS,PROTOTYPE,"INTERVIEW,OBSERVATION",[NA],SUBJECTIVE,NONE,PRESENCE,CAMOUFLAGE,YES,"FABRICATION,FAILURE",NO,"CURRENT,HISTORY,FUTURE",FAST,MEDIUM
1b80699e987,1,colleyPlantShadowMorphing2019,Plant Shadow Morphing as a Peripheral Display,"Colley, Ashley and Raudanjoki, Özge and Mikkonen, Kirsi and Häkkilä, Jonna",2019,https://dl.acm.org/doi/10.1145/3365610.3368410,,,Plant Shadow Morphing Display,A peripheral display that distorts the natural shadow cast by a house plant (via back-projection) to convey non-critical status and notification information.,YES,ADAIS,"PROTOTYPE,EVAL,ISSUES","NOTIFICATION,INCREASE_AWARENESS","EVENTS,ENVIRONMENT,HEALTH,SAFETY","HOME,WORKPLACE",,,,,,,,,EVENT,MAKE_AWARE,VISUAL,HOUSEHOLD,MEDIUM,PROJECTION,FAMILIAR,YES,6,HOURS,IN_LAB,USERS,REDUCED_PROTOTYPE,"QUESTIONNAIRE,COMMENTS,OBSERVATION",[NA],[NA],NONE,PRESENCE,"MIMICRY,AUGMENTATION",YES,FABRICATION,NOT_MENTIONED,CURRENT,SLOW,MEDIUM
af81006886c,1,gamboaPraiseShadowsSensibility2024,In Praise of Shadows: Sensibility and Somaesthetic Appreciation for Shadows in Interaction Design,"Gamboa, Mafalda and Hendriks, Sjoerd",2024,https://dl.acm.org/doi/10.1145/3643834.3660679,,,The Undertable,An interactive table with hidden fans under the tabletop that activate airflow when two people complete a bare-skin touch circuit via brass/copper edges,YES,TUI,"CONCEPT,PROTOTYPE",OTHER,SOCIAL,SOCIAL,,,,,,,,,USER,CHANGE_BLIND,"AIRMOVE,AUDIO",PARTNERSHIP,LOW,MOTOR,FAMILIAR,YES,,HOURS,IN_SITU,USERS,PROTOTYPE,"INTERVIEW,COMMENTS,OBSERVATION",[NA],[NA],NONE,PRESENCE,"AUGMENTATION,INVISIBILITY",YES,NONE,NOT_MENTIONED,CURRENT,FAST,HIGH
